title	artist	handle	mp3_url
Yonatan Razel - Tamim (Single)		yonatan-razel-tamim-single	https://mostlymusic.com/cdn/shop/files/64461.mp3?v=16901842691072730408
Motty Steinmetz - Hakol Chafetzim (Single)		motty-steinmetz-hakol-chafetzim-single	https://mostlymusic.com/cdn/shop/files/66125.mp3?v=10298990442155385310
Moshe Klein & Harel Tal - Vani Ashir (Single)		moshe-klein-harel-tal-vani-ashir-single	https://mostlymusic.com/cdn/shop/files/64462.mp3?v=7842089751097490761
Avraham Friedler - Kanfei Nesharim (Single)		avraham-friedler-kanfei-nesharim-single	https://mostlymusic.com/cdn/shop/files/23232324.mp3?v=14919340938720003966
Meilech Kohn - Mama Kik (Single)		meilech-kohn-mama-kik-single	https://mostlymusic.com/cdn/shop/files/60007.mp3?v=11725806711073779875
Motty Ilowitz & Avrumi Berko - Di Veist (Single)		motty-ilowitz-avrumi-berko-di-veist-single	https://mostlymusic.com/cdn/shop/files/57520.mp3?v=5273943890921211031
Pini Einhorn - Nechama [Acapella] (Single)		pini-einhorn-nechama-acapella-single	https://mostlymusic.com/cdn/shop/files/62887.mp3?v=5286280822267127841
Aryeh Leib Hurwitz & Moti Boyer - V'Af Hu [Cover] (Single)		aryeh-leib-hurwitz-moti-boyer-vaf-hu-cover-single	https://mostlymusic.com/cdn/shop/files/61353.mp3?v=16758988879856852665
Dovy Meisels, Bentzi Stein & Neshama Choir - Haben Yakir (Single)		dovy-meisels-bentzi-stein-neshama-choir-haben-yakir-single	https://mostlymusic.com/cdn/shop/files/66129.mp3?v=17524870166109742503
Nachas - Hashem Is With Me (Dance Remix) (Single)		nachas-hashem-is-with-me-dance-remix-single	https://mostlymusic.com/cdn/shop/files/58511.mp3?v=1956728074730735824
Meir Adler - Odeh (Single)		meir-adler-odeh-single	https://mostlymusic.com/cdn/shop/files/66126.mp3?v=9922272133385027587
MBD, Avraham Fried, Lipa Schmeltzer & Benny Friedman - Grand Farbrengen (Live Replay) (Single)		mbd-avraham-fried-lipa-schmeltzer-benny-friedman-grand-farbrengen-live-replay-single	https://mostlymusic.com/cdn/shop/files/58507.mp3?v=95649712895213482
Yoely Weiss - Neshimo (Single)		yoely-weiss-neshimo-single	https://mostlymusic.com/cdn/shop/files/57518.mp3?v=3890100781613926480
Ahrele Samet - Areshes (Single)		ahrele-samet-areshes-single	https://mostlymusic.com/cdn/shop/files/61352.mp3?v=11293072750248392297
Mordechai Shapiro & Shmuel - Yesh Bi Emunah (Single)		mordechai-shapiro-shmuel-yesh-bi-emunah-single	https://mostlymusic.com/cdn/shop/files/61373.mp3?v=9462380960955481224
Baruch Levine - Ahavas Yisroel [Acapella] (Single)		baruch-levine-ahavas-yisroel-acapella-single	https://mostlymusic.com/cdn/shop/files/62888.mp3?v=2209772481207499967
Meir Hajby & Shuki Salomon - Ata Zocher [Acapella Cover] (Single)		meir-hajby-shuki-salomon-ata-zocher-acapella-cover-single	https://mostlymusic.com/cdn/shop/files/62890.mp3?v=4995416587367015385
Shloime Daskal - Ani Maamin (Single)		shloime-daskal-ani-maamin-single	https://mostlymusic.com/cdn/shop/files/58508.mp3?v=7459470460724569904
Aviad  - Yeled Sheli (Single)		aviad-yeled-sheli-single	https://mostlymusic.com/cdn/shop/files/57519.mp3?v=7844802469689512576
Sruly Green - Single (Single)		sruly-green-single-single	https://mostlymusic.com/cdn/shop/files/60012.mp3?v=2453367312474400585
Levi Cohen - Tatte (Single)		levi-cohen-tatte-single	https://mostlymusic.com/cdn/shop/files/60006.mp3?v=16838066701295950087
Einayim Organization: ft. Yoeli Klein – Yu Di Hust Di Koiches (Single)		yoeli-klein-yu-di-hust-di-koiches-single	https://mostlymusic.com/cdn/shop/files/64460.mp3?v=9864549914048192362
Mona Rosenblum - Uteshuva Utelfia Utzedaka - Ft Yaakov Shwekey (Single)		mona-7-uteshuva-utelfia-utzedaka-ft-yaakov-shwekey	https://mostlymusic.com/cdn/shop/files/23232319.mp3?v=7376976648499679665
Shmuly Schneider & Ari Goldwag - Broken Heart [Acapella Cover] (Single)		shmuly-schneider-ari-goldwag-broken-heart-acapella-cover-single	https://mostlymusic.com/cdn/shop/files/62895.mp3?v=10720209187227843673
Shloime Daskal - Chuppah Medley (Single)		shloime-daskal-chuppah-medley-single	https://mostlymusic.com/cdn/shop/files/58509.mp3?v=9024120100629575844
Rafie The King & Boruch Sholom - Da Lifnei Mi (Single)		rafie-the-king-da-lifnei-mi-single	https://mostlymusic.com/cdn/shop/files/23232320.mp3?v=5760668424254714389
Ari Hill, Motti Weisel, Shaya Gross & Neshama Choir - Vayomer Solachti (Single)		ari-hill-motti-weisel-shaya-gross-neshama-choir-vayomer-solachti-single	https://mostlymusic.com/cdn/shop/files/61374.mp3?v=18047141321190264758
Yonatan Razel - Lev El Haneshama (Single)		yonatan-razel-lev-el-haneshama-single	https://mostlymusic.com/cdn/shop/files/57517.mp3?v=7806114998050205990
Y. L. Studios - Purim Mix 2025 (Single)		y-l-studios-purim-mix-2025-single	https://mostlymusic.com/cdn/shop/files/64437.mp3?v=1781953822946763245
Moshe Duvid Weissmandl & Yeedle Werdyger - Tnu Shevach [Live] (Single)		moshe-duvid-weissmandl-yeedle-werdyger-tnu-shevach-live-single	https://mostlymusic.com/cdn/shop/files/66128.mp3?v=4561818323535073210
Shmulik Sukkot, Benny Laufer Orchestra & Neshama Choir - Selichot [Medley] (Single)		shmulik-sukkot-benny-laufer-orchestra-neshama-choir-selichot-medley-single	https://mostlymusic.com/cdn/shop/files/66124.mp3?v=1274302880105920918
8th Day - Shliach (Single)		8th-day-shliach-single	https://mostlymusic.com/cdn/shop/files/58506.mp3?v=17141126473632157227
Naftali Blumenthal - Life of Meaning (Chayei Olam)		naftali-blumenthal-life-of-meaning-chayei-olam	https://mostlymusic.com/cdn/shop/files/23232316.mp3?v=12103070538409287949
Avishai Eshel - Pina Bacheder (Single)		avishai-eshel-pina-bacheder-single	https://mostlymusic.com/cdn/shop/files/61351.mp3?v=17014173454556012117
Meir Gafni - Yesh B'yadeinu (Single)		meir-gafni-yesh-byadeinu-single	https://mostlymusic.com/cdn/shop/files/60008.mp3?v=2076501209498080584
Shloime Balsam - V'Shamru [Acapella] (Single)		shloime-balsam-vshamru-acapella-single	https://mostlymusic.com/cdn/shop/files/62886.mp3?v=13006780333370694991
Meilech Braunstein - Menucha V'Simcha (Single)		meilech-braunstein-menucha-vsimcha-single	https://mostlymusic.com/cdn/shop/files/66123.mp3?v=16762700757917795883
Yedidim International Choir - Simcha Boeret (Single)		yedidim-international-choir-simcha-boeret-single	https://mostlymusic.com/cdn/shop/files/.mp3?v=44111
Yosef Kugler - Nolda (Single)		yosef-kugler-nolda-single	https://mostlymusic.com/cdn/shop/files/2323464.mp3?v=14179196939915856724
Chanoch Ben Moshe - Larutz (Single)		chanoch-ben-moshe-larutz-single	https://mostlymusic.com/cdn/shop/files/57516.mp3?v=14814218113795894097
Shlomo Simcha Sings Pinchas Wolf - Tate Oy Tatenyu		shlomo-simcha-sings-pinchas-wolf-tate-oy-tatenyu	https://mostlymusic.com/cdn/shop/files/23232317.mp3?v=15838506788128513221
Uri Davidi - Top 5 Dance (Single)		uri-davidi-top-5-dance-single	https://mostlymusic.com/cdn/shop/files/60013.mp3?v=14902459921271537435
Elikam Buta - Nistarot Halev (Single)		elikam-buta-nistarot-halev-single	https://mostlymusic.com/cdn/shop/files/61349.mp3?v=7846664630407507822
Aviad - Lichyot [Acapella] (Single)		aviad-lichyot-acapella-single	https://mostlymusic.com/cdn/shop/files/62869.mp3?v=5877939355491531747
Yitzy Waldner & Yidi Bialostozky - Misoid - (Single)		yitzy-waldner-yidi-bialostozky-misoid-single	https://mostlymusic.com/cdn/shop/files/66122.mp3?v=4829613736099623560
Kalmy Schwartz & Avrumi Berko Production - March 30 '22 Kraus (Wedding)		kalmy-schwartz-avrumi-berko-production-march-30-22-kraus-wedding	https://mostlymusic.com/cdn/shop/files/58402.mp3?v=17927986596977511139
Hershy Rottenberg - Ich Bin A Yid [MeinLidel Melody #1] (Single)		hershy-rottenberg-ich-bin-a-yid-meinlidel-melody-1-single	https://mostlymusic.com/cdn/shop/files/60004.mp3?v=699144047320467815
Hershy Langsam Production - Purim Collection 2022 - Hershy Langsam Production (Wedding)		hershy-langsam-production-purim-collection-2022-hershy-langsam-production-wedding	https://mostlymusic.com/cdn/shop/files/58401.mp3?v=3935384537125133807
Eyal Aviv  - B'emet Ani Nogea (Single)		eyal-aviv-bemet-ani-nogea-single	https://mostlymusic.com/cdn/shop/files/57515.mp3?v=15065686618481685177
Yaakov Israel & Jerusalem Boys Choir - Tefilah Shel Yeladim [Acapella] (Single) (Single)		yaakov-israel-jerusalem-boys-choir-tefilah-shel-yeladim-acapella-single-single	https://mostlymusic.com/cdn/shop/files/62868.mp3?v=1414080226826889598
Motti Weisel ft. Malchus & Chasidimlech Choir - Shana Tova (Single)		motti-weisel-ft-malchus-chasidimlech-choir-shana-tova-single	https://mostlymusic.com/cdn/shop/files/61348.mp3?v=10054133338357437646
Amit Listvand - Yesh Emuna [Remix] (Single)		amit-listvand-yesh-emuna-remix-single	https://mostlymusic.com/cdn/shop/files/57514.mp3?v=2268219408085852314
Dudi Kalish & Shulem Lemmer - Areshes [Live Performance] - (Single)		dudi-kalish-shulem-lemmer-areshes-live-performance-single	https://mostlymusic.com/cdn/shop/files/66121.mp3?v=15918251406998102112
Yosef Kugler - Shira Chadasha (Single)		yosef-kugler-shira-chadasha-single	https://mostlymusic.com/cdn/shop/files/23232314.mp3?v=5666587620208340065
DJ You&Me ft. Isaac Gluck - Hora Trip (Single)		dj-you-me-ft-isaac-gluck-hora-trip-single	https://mostlymusic.com/cdn/shop/files/64436.mp3?v=4776303532869078023
Yedidim International - Reb Shayele [Acapella] (Single)		yedidim-international-reb-shayele-acapella-single	https://mostlymusic.com/cdn/shop/files/62867.mp3?v=1119694142830650471
Zrilly Wertzberger, Lev Choir & Naftali Schnitzler - Tempo 128 (Single)		zrilly-wertzberger-lev-choir-naftali-schnitzler-tempo-128-single	https://mostlymusic.com/cdn/shop/files/57513.mp3?v=1804520637900703515
Motty Weiss - Sha'agim - (Single)		moti-weiss-shaagim-single	https://mostlymusic.com/cdn/shop/files/66120.mp3?v=7951700452505124094
Reb Yitzi Ackerman - Shuvu Elai (Single)		reb-yitzi-ackerman-shuvu-elai-single	https://mostlymusic.com/cdn/shop/files/61346.mp3?v=6034849670807990285
Yitzchok Kornblue Ft. R' Shloime Taussig - Inda-Gista (Single)		yitzchok-kornblue-ft-r-shloime-taussig-inda-gista-single	https://mostlymusic.com/cdn/shop/files/59989.mp3?v=7020276433505046894
Beri Weber, Yedidim Choir, Avrumi Berko Production - March 14 '22 (Wedding)		beri-weber-yedidim-choir-avrumi-berko-production-march-14-22-wedding	https://mostlymusic.com/cdn/shop/files/58391.mp3?v=7130780222636844921
Chaim Meir Fligman - Kavei El Hashem (Single)		chaim-meir-fligman-kavei-el-hashem-single	https://mostlymusic.com/cdn/shop/files/61350.mp3?v=9859084780895765656
Ohad Moskowitz - Nismach Im Hachatan (Single)		ohad-moskowitz-nismach-im-hachatan-single	https://mostlymusic.com/cdn/shop/files/23232310.mp3?v=8848033594313127562
Uziel Deutch & Malchus Choir - Ani Bochiyu [Acapella Cover] (Single)		uziel-deutch-malchus-choir-ani-bochiyu-acapella-cover-single	https://mostlymusic.com/cdn/shop/files/62866.mp3?v=9351491334413155973
Zrilly Werzberger - The Track (Single)		zrilly-werzberger-the-track-single	https://mostlymusic.com/cdn/shop/files/59988.mp3?v=6714052066867914003
Simcha Jacoby - Simcha B’meono (Single)		simcha-jacoby-simcha-b-meono-single	https://mostlymusic.com/cdn/shop/files/57512.mp3?v=11693754587805293396
Michael Schnitzler - Ad Heinu (Single)		michael-schnitzler-ad-heinu-single	https://mostlymusic.com/cdn/shop/files/23232307.mp3?v=7803655845569785664
Shmuly Schneider - All The Hits 2 (Single)		shmuly-schneider-all-the-hits-2-single	https://mostlymusic.com/cdn/shop/files/64395.mp3?v=12075933237335113738
Beri Weber, The Shira Choir & Shimmy Levy Production - March 8 '22 Kraus (Wedding)		beri-weber-the-shira-choir-shimmy-levy-production-march-8-22-kraus-wedding	https://mostlymusic.com/cdn/shop/files/58396.mp3?v=2154767367925906213
Motty Oyzer - Zman L'masim (Single)		motty-oyzer-zman-lmasim-single	https://mostlymusic.com/cdn/shop/files/61347.mp3?v=14140893139882334726
Simcha Birnhack - Torah [Medley] - (Single)		simcha-birnhack-torah-medley-single	https://mostlymusic.com/cdn/shop/files/66119.mp3?v=4734943577744476135
Shloime Katzanelbogen - Modim [Acapella] (Single)		shloime-katzanelbogen-modim-acapella-single	https://mostlymusic.com/cdn/shop/files/62865.mp3?v=15298292236095992815
Beri Weber Shloime Gertner The Menagen Choir & Benny Bransdorfer Production - Jan. 12 '22 (Wedding)		beri-weber-shloime-gertner-the-menagen-choir-benny-bransdorfer-production-jan-12-22-wedding	https://mostlymusic.com/cdn/shop/files/58395.mp3?v=17816046521069300742
Yoeli Klein, Shaya Gross & Ari Hill - Leich El Hamelech (Single)		yoeli-klein-shaya-gross-ari-hill-leich-el-hamelech-single	https://mostlymusic.com/cdn/shop/files/59987.mp3?v=14739159078831282808
Tantz Mit Lazer Weinstock (Free Album)		tantz-mit-lazer-weinstock-free-album	https://mostlymusic.com/cdn/shop/files/64396.mp3?v=3439206396895496052
Tantz Mit Lazer Weinstock (Free Album)		tantz-mit-lazer-weinstock-free-album	https://mostlymusic.com/cdn/shop/files/64397.mp3?v=4220967464113218459
Tantz Mit Lazer Weinstock (Free Album)		tantz-mit-lazer-weinstock-free-album	https://mostlymusic.com/cdn/shop/files/64398.mp3?v=18022409648548259874
Tantz Mit Lazer Weinstock (Free Album)		tantz-mit-lazer-weinstock-free-album	https://mostlymusic.com/cdn/shop/files/64399.mp3?v=11910618153927195714
Tantz Mit Lazer Weinstock (Free Album)		tantz-mit-lazer-weinstock-free-album	https://mostlymusic.com/cdn/shop/files/64400.mp3?v=2483896357008685304
Tantz Mit Lazer Weinstock (Free Album)		tantz-mit-lazer-weinstock-free-album	https://mostlymusic.com/cdn/shop/files/64401.mp3?v=14134165672254038087
Tantz Mit Lazer Weinstock (Free Album)		tantz-mit-lazer-weinstock-free-album	https://mostlymusic.com/cdn/shop/files/64402.mp3?v=18287230073196623875
Tantz Mit Lazer Weinstock (Free Album)		tantz-mit-lazer-weinstock-free-album	https://mostlymusic.com/cdn/shop/files/64403.mp3?v=12401739320423762748
Tantz Mit Lazer Weinstock (Free Album)		tantz-mit-lazer-weinstock-free-album	https://mostlymusic.com/cdn/shop/files/64404.mp3?v=6322350798441200484
Tantz Mit Lazer Weinstock (Free Album)		tantz-mit-lazer-weinstock-free-album	https://mostlymusic.com/cdn/shop/files/64405.mp3?v=12348746413594799207
Tantz Mit Lazer Weinstock (Free Album)		tantz-mit-lazer-weinstock-free-album	https://mostlymusic.com/cdn/shop/files/64406.mp3?v=478144403103479580
Tantz Mit Lazer Weinstock (Free Album)		tantz-mit-lazer-weinstock-free-album	https://mostlymusic.com/cdn/shop/files/64407.mp3?v=17462735665298851442
Tantz Mit Lazer Weinstock (Free Album)		tantz-mit-lazer-weinstock-free-album	https://mostlymusic.com/cdn/shop/files/64408.mp3?v=8885353219601812519
Tantz Mit Lazer Weinstock (Free Album)		tantz-mit-lazer-weinstock-free-album	https://mostlymusic.com/cdn/shop/files/64409.mp3?v=8295765411783023240
Tantz Mit Lazer Weinstock (Free Album)		tantz-mit-lazer-weinstock-free-album	https://mostlymusic.com/cdn/shop/files/64410.mp3?v=17787741039298585581
Tantz Mit Lazer Weinstock (Free Album)		tantz-mit-lazer-weinstock-free-album	https://mostlymusic.com/cdn/shop/files/64411.mp3?v=80479867000321437
Tantz Mit Lazer Weinstock (Free Album)		tantz-mit-lazer-weinstock-free-album	https://mostlymusic.com/cdn/shop/files/64412.mp3?v=11677481174278873730
Tantz Mit Lazer Weinstock (Free Album)		tantz-mit-lazer-weinstock-free-album	https://mostlymusic.com/cdn/shop/files/64413.mp3?v=1531271695493788979
Tantz Mit Lazer Weinstock (Free Album)		tantz-mit-lazer-weinstock-free-album	https://mostlymusic.com/cdn/shop/files/64414.mp3?v=18079086480791430118
Tantz Mit Lazer Weinstock (Free Album)		tantz-mit-lazer-weinstock-free-album	https://mostlymusic.com/cdn/shop/files/64415.mp3?v=5580957294659431468
Tantz Mit Lazer Weinstock (Free Album)		tantz-mit-lazer-weinstock-free-album	https://mostlymusic.com/cdn/shop/files/64416.mp3?v=6257188937716595473
Tantz Mit Lazer Weinstock (Free Album)		tantz-mit-lazer-weinstock-free-album	https://mostlymusic.com/cdn/shop/files/64417.mp3?v=2116022844131294064
Tantz Mit Lazer Weinstock (Free Album)		tantz-mit-lazer-weinstock-free-album	https://mostlymusic.com/cdn/shop/files/64418.mp3?v=17158574979261769873
Tantz Mit Lazer Weinstock (Free Album)		tantz-mit-lazer-weinstock-free-album	https://mostlymusic.com/cdn/shop/files/64419.mp3?v=9852858959612458718
Tantz Mit Lazer Weinstock (Free Album)		tantz-mit-lazer-weinstock-free-album	https://mostlymusic.com/cdn/shop/files/64420.mp3?v=12329635945664138528
Tantz Mit Lazer Weinstock (Free Album)		tantz-mit-lazer-weinstock-free-album	https://mostlymusic.com/cdn/shop/files/64421.mp3?v=1653107743299702022
Tantz Mit Lazer Weinstock (Free Album)		tantz-mit-lazer-weinstock-free-album	https://mostlymusic.com/cdn/shop/files/64422.mp3?v=7298533455045420284
Tantz Mit Lazer Weinstock (Free Album)		tantz-mit-lazer-weinstock-free-album	https://mostlymusic.com/cdn/shop/files/64423.mp3?v=1720596630532208388
Tantz Mit Lazer Weinstock (Free Album)		tantz-mit-lazer-weinstock-free-album	https://mostlymusic.com/cdn/shop/files/64424.mp3?v=12905118423785685477
Tantz Mit Lazer Weinstock (Free Album)		tantz-mit-lazer-weinstock-free-album	https://mostlymusic.com/cdn/shop/files/64425.mp3?v=16921668606526850779
Tantz Mit Lazer Weinstock (Free Album)		tantz-mit-lazer-weinstock-free-album	https://mostlymusic.com/cdn/shop/files/64426.mp3?v=2590518878360279960
Tantz Mit Lazer Weinstock (Free Album)		tantz-mit-lazer-weinstock-free-album	https://mostlymusic.com/cdn/shop/files/64427.mp3?v=10707164457087643764
Tantz Mit Lazer Weinstock (Free Album)		tantz-mit-lazer-weinstock-free-album	https://mostlymusic.com/cdn/shop/files/64428.mp3?v=1463206621819246224
Tantz Mit Lazer Weinstock (Free Album)		tantz-mit-lazer-weinstock-free-album	https://mostlymusic.com/cdn/shop/files/64429.mp3?v=1548655625848686613
Yaakov Shwekey - Elul - (Single)		yaakov-shwekey-elul-single	https://mostlymusic.com/cdn/shop/files/66118.mp3?v=7288957807360749690
Meir Ben Dror & Sahar Haluzy - Galgalim [Acapella Cover] (Single)		meir-ben-dror-sahar-haluzy-galgalim-acapella-cover-single	https://mostlymusic.com/cdn/shop/files/62855.mp3?v=8923029542180279468
Dudi Knopfler ft. Malchus Choir - Nachmi (Single)		dudi-knopfler-ft-malchus-choir-nachamu-single	https://mostlymusic.com/cdn/shop/files/23232306.mp3?v=11019005431535200054
Bentzion Bluming ft. All Star - 2nd Dance 2 (Single)		bentzion-bluming-ft-all-star-2nd-dance-2-single	https://mostlymusic.com/cdn/shop/files/64394.mp3?v=11655991925914035897
Kalmey Schwartz & Sruly Singer - Aug 2 '23		kalmey-schwartz-sruly-singer-aug-2-23	https://mostlymusic.com/cdn/shop/files/61288.mp3?v=17260052524365278142
Pini Einhorn & Simcha Abramczik - Purim Medley (Single)		pini-einhorn-simcha-abramczik-purim-medley-single	https://mostlymusic.com/cdn/shop/files/59986.mp3?v=7132780137906659459
Shea Kaller Band, Zanvil Weinberger & Shmueli Ungar - Im Eshkocheich [Live Performance] - (Single)		shea-kaller-band-zanvil-weinberger-shmueli-ungar-im-eshkocheich-live-performance	https://mostlymusic.com/cdn/shop/files/66117.mp3?v=5887515766262610943
Kobi Brummer - Manginat Halev (Single)		kobi-brummer-manginat-halev-single	https://mostlymusic.com/cdn/shop/files/57510.mp3?v=18414730505346561851
Meir Ben Dror - Dedi Medley [Acapella] (Single)		meir-ben-dror-dedi-medley-acapella-single	https://mostlymusic.com/cdn/shop/files/62854.mp3?v=11860130346470935516
Shauly Waldner - A Tosfos Yom Tov Nigun (Single)		shauly-waldner-a-tosfos-yom-tov-nigun-single	https://mostlymusic.com/cdn/shop/files/2323508.mp3?v=608576477876388979
Beri Weber Mezamrim Choir & Yanky Briskman Production - Feb. 10 '22 Drezner (Wedding)		beri-weber-mezamrim-choir-yanky-briskman-production-feb-10-22-drezner-wedding	https://mostlymusic.com/cdn/shop/files/58385.mp3?v=1623994071628885788
Hanan Ben Ari - Makom (Single)		hanan-ben-ari-makom-single	https://mostlymusic.com/cdn/shop/files/57508.mp3?v=11726107269473622071
Lipa Schmeltzer & Motty Breier - Aug. 1 '23 Green		lipa-schmeltzer-motty-breier-aug-1-23-green	https://mostlymusic.com/cdn/shop/files/61287.mp3?v=11835284924516688103
Haim Israel - Chibarti Manginot (Single)		haim-israel-chibarti-manginot-single	https://mostlymusic.com/cdn/shop/files/59947.mp3?v=6158642007436394883
Shmulik Sukkot - Avarti Bachoshech (Single)		shmulik-sukkot-avarti-bachoshech-single	https://mostlymusic.com/cdn/shop/files/61285.mp3?v=11388383979155607694
Yehuda Green - Shuvu Elai (Single)		yehuda-green-shuvu-elai-single	https://mostlymusic.com/cdn/shop/files/66114.mp3?v=4523084949000113841
Ahrele Samet, Lev Choir & Hershy Langsam Production - March 29 '22 Zlotnik (Wedding)		ahrele-samet-lev-choir-hershy-langsam-production-march-29-22-zlotnik-wedding	https://mostlymusic.com/cdn/shop/files/58399.mp3?v=7366517307311410193
Bentzy Weberman & Moishy Glick - Feb. 9 '22 Ehrlich (Wedding)		bentzy-weberman-moishy-glick-feb-9-22-ehrlich-wedding	https://mostlymusic.com/cdn/shop/files/58394.mp3?v=5584227054129535616
Avi Lerner - Rotzeh HaShem (Single)		avi-lerner-rotzeh-hashem-single	https://mostlymusic.com/cdn/shop/files/57511.mp3?v=11810710289316263998
Sruly Green - Uhh Ahh (Single)		sruly-green-uhh-ahh-single	https://mostlymusic.com/cdn/shop/files/2323505.mp3?v=10635600409328505831
Sruly Green - Bizt A Gita Mentch (Single)		sruly-green-bizt-a-gita-mentch-single	https://mostlymusic.com/cdn/shop/files/2323506.mp3?v=15173992095178989015
Bentzy Weberman & Lebo Rhythm - Jan. 13 '22 Braunstein (Wedding)		bentzy-weberman-lebo-rhythm-jan-13-22-braunstein-wedding	https://mostlymusic.com/cdn/shop/files/58387.mp3?v=8076025103163241729
Motty Steinmetz - Tzfas  (Single)		motty-steinmetz-tzfas-single	https://mostlymusic.com/cdn/shop/files/59949.mp3?v=1071943335855213092
Bentzy Weberman & Moshe Hammer Production - Aug 2 '23 Fulop		bentzy-weberman-moshe-hammer-production-aug-2-23-fulop	https://mostlymusic.com/cdn/shop/files/61286.mp3?v=5731267297655575271
Ari Goldwag - ELUL		ari-goldwag-elul	https://mostlymusic.com/cdn/shop/files/66115.mp3?v=7148334307789723016
Ari Goldwag - ELUL		ari-goldwag-elul	https://mostlymusic.com/cdn/shop/files/66116.mp3?v=13889427381065855851
Avraham Fried  - Mameh (Single)		avraham-fried-mameh-single	https://mostlymusic.com/cdn/shop/files/57509.mp3?v=17559875643886170328
Yoel Weiss - Lo Lefached Klal (Single)		yoel-weiss-lo-lefached-klal-single	https://mostlymusic.com/cdn/shop/files/59951.mp3?v=14313056225044543531
Kobi Brummer - Hashem Yishmor [Acapella] (Single)		kobi-brummer-hashem-yishmor-acapella-single	https://mostlymusic.com/cdn/shop/files/62853.mp3?v=7663733420140160871
Simche Friedman - Luchot Bahar (Single)		simche-friedman-luchot-bahar-single	https://mostlymusic.com/cdn/shop/files/57507.mp3?v=14254086849349934814
Zrilly Werzberger - Track 3 [Medley] (Single)		zrilly-werzberger-track-3-medley-single	https://mostlymusic.com/cdn/shop/files/64393.mp3?v=4989238555165533073
Yonatan Stern - Aleh Katan [Acapella Cover] (Single)		yonatan-stern-aleh-katan-acapella-cover-single	https://mostlymusic.com/cdn/shop/files/62852.mp3?v=12612787413018632126
Sruly Lipschitz - Tzeedreit (Single)		sruly-green-tzeedreit-single	https://mostlymusic.com/cdn/shop/files/2323507.mp3?v=6751549423375147787
Yidi Bialostozky & Shmili Landau - Ein Kemo Tatte (Single)		yidi-bialostozky-shmili-landau-ein-kemo-tatte-single	https://mostlymusic.com/cdn/shop/files/64391.mp3?v=8197274577455759216
Nussy Fuchs - Up And Down (Single)		nussy-fuchs-up-and-down-single	https://mostlymusic.com/cdn/shop/files/59950.mp3?v=10591096479386208342
Moti Weiss - Dror Yikra (Single)		moti-weiss-dror-yikra-single	https://mostlymusic.com/cdn/shop/files/61284.mp3?v=17106791302720162802
Yanky Feder & Shimmy Klein - B'Zeh Hashaar (Single)		yanky-feder-shimmy-klein-bzeh-hashaar-single	https://mostlymusic.com/cdn/shop/files/64390.mp3?v=6001122294151165651
Zusha - Gershon Albert’s Niggun Hodaah (Single)		zusha-gershon-albert-s-niggun-hodaah-single	https://mostlymusic.com/cdn/shop/files/58484.mp3?v=6371376404336609601
Baruch Weisel, Yoeli Davidovich & Eli Waxler - Zemiros Leil Shabbos [Medley] (Single)		baruch-weisel-yoeli-davidovich-eli-waxler-zemiros-leil-shabbos-medley-single	https://mostlymusic.com/cdn/shop/files/62851.mp3?v=17306222868147164480
Chaim Fisgus - Yodeah (Single)		chaim-fisgus-yodeah-single	https://mostlymusic.com/cdn/shop/files/23232393.mp3?v=519330208369659357
Elyashiv Cohen  - Liba (Single)		elyashiv-cohen-liba-single	https://mostlymusic.com/cdn/shop/files/57506.mp3?v=6985587204738998911
Avraham Fried ft. Afiko.man - Layehudim [Upmix] (Single)		avraham-fried-ft-afiko-man-layehudim-upmix-single	https://mostlymusic.com/cdn/shop/files/64385.mp3?v=16039324257705815355
Shimi Weis - Shabbat Hayom [Cover] (Single)		shimi-weis-shabbat-hayom-cover-single	https://mostlymusic.com/cdn/shop/files/61283.mp3?v=8580957274134911215
Shloime Bernstein - Ma Tovi (Single)		shloime-bernstein-ma-tovi-single	https://mostlymusic.com/cdn/shop/files/62850.mp3?v=699097474905890050
Chaim Blumenfeld & Shir V'shevach Boys Choir - K'Hayom Hazeh (Single)		chaim-blumenfeld-shir-vshevach-boys-choir-khayom-hazeh-single	https://mostlymusic.com/cdn/shop/files/57505.mp3?v=9155205155540561720
Levy Falkowitz & Chaim Itzkowitz - Eiri (Single)		levy-falkowitz-chaim-itzkowitz-eiri-single	https://mostlymusic.com/cdn/shop/files/66112.mp3?v=5865048545059939139
Motty Ilowitz - Der Grester Gibor (Single)		motty-ilowitz-der-grester-gibor-single	https://mostlymusic.com/cdn/shop/files/66111.mp3?v=4839026003032689301
Daniel Chait  - Hopeful Dreaming (Single)		daniel-chait-hopeful-dreaming-single	https://mostlymusic.com/cdn/shop/files/57504.mp3?v=16802382695464438992
Zevi Wertzberger - Hamachna Besimcha Sanz Klausenburg Day Camp Song '22 (Single)		zevi-wertzberger-hamachna-besimcha-sanz-klausenburg-day-camp-song-22-single	https://mostlymusic.com/cdn/shop/files/58483.mp3?v=16129028644268786975
Lchaim - A Rekideleh (Single)		lchaim-rekideleh-single	https://mostlymusic.com/cdn/shop/files/23232388.mp3?v=6232677384004328851
Simche Friedman Feat. Chaimke - Niggun Simcha 157 (Single)		simche-friedman-feat-chaimke-niggun-simcha-157-single	https://mostlymusic.com/cdn/shop/files/58482.mp3?v=18129751910262625941
Shmueli Ungar - Hashem Needs Every Yid! [Remix] (Single)		shmueli-ungar-hashem-needs-every-yid-remix-single	https://mostlymusic.com/cdn/shop/files/64387.mp3?v=15321481958882904139
Sruly Green & DJ Farbreng - Yom K'Purim [Upmix] (Single)		sruly-green-dj-farbreng-yom-kpurim-upmix-single	https://mostlymusic.com/cdn/shop/files/64388.mp3?v=2336727778140386078
Motty Atias - U'Mordchai Loi Yichra (Single)		motty-atias-umordchai-loi-yichra-single	https://mostlymusic.com/cdn/shop/files/59948.mp3?v=11963160486743531977
Hershy Weinberger, Freilach Band & Shira Choir - The Rebbe's Teniya (Single)		hershy-weinberger-freilach-band-shira-choir-the-rebbes-teniya-single	https://mostlymusic.com/cdn/shop/files/66110.mp3?v=7309168117397469033
A.Y. Bouzaglou - Hashem Echad (Single)		a-y-bouzaglou-hashem-echad-single	https://mostlymusic.com/cdn/shop/files/23232305.mp3?v=17564532123951537219
Shimmy Lipshitz, Yoeli Davidovich & Mendy Goldberg - Ya Ba Bai A Git Yom Tov (Single)		shimmy-lipshitz-yoeli-davidovich-mendy-goldberg-ya-ba-bai-a-git-yom-tov-single	https://mostlymusic.com/cdn/shop/files/62849.mp3?v=13863971327062140596
Shimmy Rabinowitz - Odeh Hashem (Single)		shimmy-rabinowitz-odeh-hashem-single	https://mostlymusic.com/cdn/shop/files/59860.mp3?v=16118568598473849585
Shloime Balsam - A Million & One (Single)		shloime-balsam-a-million-one-single	https://mostlymusic.com/cdn/shop/files/58481.mp3?v=6494125823077681699
Yaakov Wasilewicz - Nakeinu (Single)		yaakov-wasilewicz-nakeinu-single	https://mostlymusic.com/cdn/shop/files/61278.mp3?v=7740360111545503256
Gesher & Meilech Braunstein - Shabbos Koidesh (Single)		gesher-meilech-braunstein-shabbos-koidesh-single	https://mostlymusic.com/cdn/shop/files/66108.mp3?v=5489731802769692366
Moshe Green - Ayay Elokecha (Single)		moshe-green-ayay-elokecha-single	https://mostlymusic.com/cdn/shop/files/23232301.mp3?v=15383424492888311596
Baruch Vizel, Meir Adler, Pinchos Bichler & Malchus Choir - Levoichein Levuvois (Single)		baruch-vizel-meir-adler-pinchos-bichler-malchus-choir-levoichein-levuvois-single	https://mostlymusic.com/cdn/shop/files/61282.mp3?v=8879060284493553228
Yossel Leifer & Ahrele Samet - Mutzusi Chein (Single)		yossel-leifer-ahrele-samet-mutzusi-chein-single	https://mostlymusic.com/cdn/shop/files/64392.mp3?v=1507729968112212128
Aaron Razel - Etgaagea Lechan (Single)		aaron-razel-etgaagea-lechan-single	https://mostlymusic.com/cdn/shop/files/62848.mp3?v=16427981242171942397
Moshe Dadon - Haboker Hagadol (Single)		moshe-dadon-haboker-hagadol-single	https://mostlymusic.com/cdn/shop/files/57503.mp3?v=15813008883096064985
Shulem Shkolnik - Haazeenu Hashem (Single)		shulem-shkolnik-haazeenu-hashem-single	https://mostlymusic.com/cdn/shop/files/61277.mp3?v=10135632415447152111
Nehoray Arieli - Sheket Soer (Single)		nehoray-arieli-sheket-soer-single	https://mostlymusic.com/cdn/shop/files/62847.mp3?v=11456696123397963481
Dovid Reiter - Ki Heim (Single)		dovid-reiter-ki-heim-single	https://mostlymusic.com/cdn/shop/files/59813.mp3?v=7893812459493681518
Shir V'Shevach Boys Choir - Krasna Camp Song '22 (Single)		shir-vshevach-boys-choir-krasna-camp-song-22-single	https://mostlymusic.com/cdn/shop/files/58480.mp3?v=2452779788219042618
Zalmen Schnitzler Ft. All Star- 2023 Dance Collection		zalmen-schnitzler-ft-all-star-2023-dance-collection	https://mostlymusic.com/cdn/shop/files/59835.mp3?v=2036115150927648198
Zalmen Schnitzler Ft. All Star- 2023 Dance Collection		zalmen-schnitzler-ft-all-star-2023-dance-collection	https://mostlymusic.com/cdn/shop/files/59836.mp3?v=8040092167538645368
Zalmen Schnitzler Ft. All Star- 2023 Dance Collection		zalmen-schnitzler-ft-all-star-2023-dance-collection	https://mostlymusic.com/cdn/shop/files/59837.mp3?v=10475874134300515414
Zalmen Schnitzler Ft. All Star- 2023 Dance Collection		zalmen-schnitzler-ft-all-star-2023-dance-collection	https://mostlymusic.com/cdn/shop/files/59838.mp3?v=16473663207514241663
Zalmen Schnitzler Ft. All Star- 2023 Dance Collection		zalmen-schnitzler-ft-all-star-2023-dance-collection	https://mostlymusic.com/cdn/shop/files/59839.mp3?v=16211455725482585474
Zalmen Schnitzler Ft. All Star- 2023 Dance Collection		zalmen-schnitzler-ft-all-star-2023-dance-collection	https://mostlymusic.com/cdn/shop/files/59840.mp3?v=1890181980113383633
Zalmen Schnitzler Ft. All Star- 2023 Dance Collection		zalmen-schnitzler-ft-all-star-2023-dance-collection	https://mostlymusic.com/cdn/shop/files/59841.mp3?v=8963263834649294420
Zalmen Schnitzler Ft. All Star- 2023 Dance Collection		zalmen-schnitzler-ft-all-star-2023-dance-collection	https://mostlymusic.com/cdn/shop/files/59842.mp3?v=3958636412735250218
Zalmen Schnitzler Ft. All Star- 2023 Dance Collection		zalmen-schnitzler-ft-all-star-2023-dance-collection	https://mostlymusic.com/cdn/shop/files/59843.mp3?v=10549551554383858004
Zalmen Schnitzler Ft. All Star- 2023 Dance Collection		zalmen-schnitzler-ft-all-star-2023-dance-collection	https://mostlymusic.com/cdn/shop/files/59844.mp3?v=11036855557189397407
Zalmen Schnitzler Ft. All Star- 2023 Dance Collection		zalmen-schnitzler-ft-all-star-2023-dance-collection	https://mostlymusic.com/cdn/shop/files/59845.mp3?v=1208486413976972578
Zalmen Schnitzler Ft. All Star- 2023 Dance Collection		zalmen-schnitzler-ft-all-star-2023-dance-collection	https://mostlymusic.com/cdn/shop/files/59846.mp3?v=13584525129783325371
Zalmen Schnitzler Ft. All Star- 2023 Dance Collection		zalmen-schnitzler-ft-all-star-2023-dance-collection	https://mostlymusic.com/cdn/shop/files/59847.mp3?v=12741247742320221421
Zalmen Schnitzler Ft. All Star- 2023 Dance Collection		zalmen-schnitzler-ft-all-star-2023-dance-collection	https://mostlymusic.com/cdn/shop/files/59848.mp3?v=2663292602005343928
Zalmen Schnitzler Ft. All Star- 2023 Dance Collection		zalmen-schnitzler-ft-all-star-2023-dance-collection	https://mostlymusic.com/cdn/shop/files/59849.mp3?v=4632196994726504809
Zalmen Schnitzler Ft. All Star- 2023 Dance Collection		zalmen-schnitzler-ft-all-star-2023-dance-collection	https://mostlymusic.com/cdn/shop/files/59850.mp3?v=200645935285193963
Zalmen Schnitzler Ft. All Star- 2023 Dance Collection		zalmen-schnitzler-ft-all-star-2023-dance-collection	https://mostlymusic.com/cdn/shop/files/59851.mp3?v=11098641281632421882
Zalmen Schnitzler Ft. All Star- 2023 Dance Collection		zalmen-schnitzler-ft-all-star-2023-dance-collection	https://mostlymusic.com/cdn/shop/files/59852.mp3?v=13647717313500843035
Zalmen Schnitzler Ft. All Star- 2023 Dance Collection		zalmen-schnitzler-ft-all-star-2023-dance-collection	https://mostlymusic.com/cdn/shop/files/59853.mp3?v=7928193365910862359
Zalmen Schnitzler Ft. All Star- 2023 Dance Collection		zalmen-schnitzler-ft-all-star-2023-dance-collection	https://mostlymusic.com/cdn/shop/files/59854.mp3?v=6408056052751551865
Zalmen Schnitzler Ft. All Star- 2023 Dance Collection		zalmen-schnitzler-ft-all-star-2023-dance-collection	https://mostlymusic.com/cdn/shop/files/59855.mp3?v=438311026267226726
Zalmen Schnitzler Ft. All Star- 2023 Dance Collection		zalmen-schnitzler-ft-all-star-2023-dance-collection	https://mostlymusic.com/cdn/shop/files/59856.mp3?v=12594191918165480631
Zalmen Schnitzler Ft. All Star- 2023 Dance Collection		zalmen-schnitzler-ft-all-star-2023-dance-collection	https://mostlymusic.com/cdn/shop/files/59857.mp3?v=5004500987332230733
Zalmen Schnitzler Ft. All Star- 2023 Dance Collection		zalmen-schnitzler-ft-all-star-2023-dance-collection	https://mostlymusic.com/cdn/shop/files/59858.mp3?v=638824949109285537
Zalmen Schnitzler Ft. All Star- 2023 Dance Collection		zalmen-schnitzler-ft-all-star-2023-dance-collection	https://mostlymusic.com/cdn/shop/files/59859.mp3?v=17722666382379499183
Hershy Weinberger & Beri Weber - VRF (Single)		hershy-weinberger-beri-weber-vrf-single	https://mostlymusic.com/cdn/shop/files/66107.mp3?v=9296248286208995272
Yossi Brill ft. Shmily Morgenstern – Live Energy (Single)		yossi-brill-ft-shmily-morgenstern-live-energy-single	https://mostlymusic.com/cdn/shop/files/64384.mp3?v=7778437495934096502
Yoni Z - Every Yid's A Fire [Remixed By DJ Niso Slob] (Single)		yoni-z-every-yids-a-fire-remixed-by-dj-niso-slob-single	https://mostlymusic.com/cdn/shop/files/57501.mp3?v=17280257500255357301
Hershy Weinberger & Naftali Schnitzler - Michoel’s Flam (Single)		hershy-weinberger-naftali-schnitzler-michoel-s-flam-single	https://mostlymusic.com/cdn/shop/files/62790.mp3?v=10546732271846340915
Sruly Lipschitz - Yoim Shekilo Shabbos (Single)		sruly-lipschitz-yoim-shekilo-shabbos-single	https://mostlymusic.com/cdn/shop/files/59807.mp3?v=16615231323138915807
Shmili Steinmetz and Avrum Chaim Green - Mi Bon Siach (Sheya Hanstater)		shmili-steinmetz-and-avrum-chaim-green-mi-bon-siach-sheya-hanstater	https://mostlymusic.com/cdn/shop/files/23240031.mp3?v=6890613530744614046
Hillel Meyer - Ein Kamocha (Single)		hillel-meyer-ein-kamocha-single	https://mostlymusic.com/cdn/shop/files/61276.mp3?v=787099371926836283
Chaim Twerski - Ah Yid (Single)		chaim-twerski-ah-yid-single	https://mostlymusic.com/cdn/shop/files/64309.mp3?v=12827037773886357315
Simche & Yehuda Friedman - Mayim Rabim (Single)		simche-yehuda-friedman-mayim-rabim-single	https://mostlymusic.com/cdn/shop/files/61275.mp3?v=8918581184390860451
Chaim Shaye Weil - Unoichee L'Hashem (Single)		chaim-shaye-weil-unoichee-lhashem-single	https://mostlymusic.com/cdn/shop/files/58478.mp3?v=3745965421859926907
Martin Widerker feat. Yitzchak Meir - Borchi Nafshi (Single)		martin-widerker-feat-yitzchak-meir-borchi-nafshi-single	https://mostlymusic.com/cdn/shop/files/57500.mp3?v=10971639776503492914
Itay David - Jerusalem (Single)		itay-david-jerusalem-single	https://mostlymusic.com/cdn/shop/files/58479.mp3?v=10971325501704875944
Gad Elbaz - Geula (Single)		gad-elbaz-geula-single	https://mostlymusic.com/cdn/shop/files/57502.mp3?v=4221602336926850160
Ari Hill - Lomdei Hatorah (Single)		ari-hill-lomdei-hatorah-single	https://mostlymusic.com/cdn/shop/files/66106.mp3?v=16023330116913493167
Moti Eidensohn - Shuva Eleinu (Single)		moti-eidensohn-shuva-eleinu-single	https://mostlymusic.com/cdn/shop/files/62789.mp3?v=16826152384388564048
Duvid Fleischman - Lemaaseh (Single)		duvid-fleischman-lemaaseh-single	https://mostlymusic.com/cdn/shop/files/62788.mp3?v=4539065593083544405
DJ Kraz Ft. Bentzi Marcus - Modeh Ani (Single)		dj-kraz-ft-bentzi-marcus-modeh-ani-single	https://mostlymusic.com/cdn/shop/files/59811.mp3?v=2651476920700798615
Shmueli Ungar - Horova (Single)		shmueli-ungar-horova-single	https://mostlymusic.com/cdn/shop/files/66105.mp3?v=8234891712252891668
Yona Rivka Kimelman - Esther (Single)		yona-rivka-kimelman-esther-single	https://mostlymusic.com/cdn/shop/files/64315.mp3?v=6022898678092553099
DJ Yehuda - Euphoria (Single)		dj-yehuda-euphoria-single	https://mostlymusic.com/cdn/shop/files/2324003.mp3?v=16490745261707225766
Shmuel Harari - Ben David (Single)		shmuel-harari-ben-david-single	https://mostlymusic.com/cdn/shop/files/57499.mp3?v=9384528787866732432
Boruch Sholom - Ki Alechah Ainainou (Single)		boruch-sholom-ki-alechah-ainainou	https://mostlymusic.com/cdn/shop/files/4375212.mp3?v=1634008089898054494
Eitan Katz - Kol Dodi [Live] (Single)		eitan-katz-kol-dodi-live-single	https://mostlymusic.com/cdn/shop/files/61274.mp3?v=2505649256447954373
Torah Tots - Mizmor Shir L'Yom HaShabbos (Single)		torah-tots-mizmor-shir-lyom-hashabbos-single	https://mostlymusic.com/cdn/shop/files/58462.mp3?v=5287581591279985364
Chanoch Ben Moshe - Bli Lehodia (Single)		chanoch-ben-moshe-bli-lehodia-single	https://mostlymusic.com/cdn/shop/files/59812.mp3?v=3497841845211662105
Shir V'Shevach Boys Choir & Moshe Dovid Weissmandl - Treisten (Single)		shir-vshevach-boys-choir-moshe-dovid-weissmandl-treisten-single	https://mostlymusic.com/cdn/shop/files/66104.mp3?v=16956379376306195998
Meshilem Greenberger & Child soloist Bentzy Kletzkin - From Mezibuz To Yerushalayim (Single)		meshilem-greenberger-child-soloist-bentzy-kletzkin-from-mezibuz-to-yerushalayim-single	https://mostlymusic.com/cdn/shop/files/58470.mp3?v=8774219757185223251
Ahrele Samet, Suscher Gutman & Yoeli Klein - Tehilas Hashem (Single)		ahrele-samet-suscher-gutman-yoeli-klein-tehilas-hashem-single	https://mostlymusic.com/cdn/shop/files/61271.mp3?v=7470467520220274734
Simcha Abramczik, Sruly Green & Srulik Mendelson - Shir Hamaalos (Single)		simcha-abramczik-sruly-green-srulik-mendelson-shir-hamaalos-single	https://mostlymusic.com/cdn/shop/files/64314.mp3?v=17968082845247835093
Eitan Freilich - Lehodos Lecha (Single)		eitan-freilich-lehodos-lecha	https://mostlymusic.com/cdn/shop/files/232410.mp3?v=3350280746218555028
Ki Ato Imudi		ki-ato-imudi	https://mostlymusic.com/cdn/shop/files/232399.mp3?v=9099445229125583091
Beri Weber & Simcha Abramczik - Haleila Hazeh (Single)		beri-weber-simcha-abramczik-haleila-hazeh-single	https://mostlymusic.com/cdn/shop/files/62787.mp3?v=17936110182664053369
Moey - Another Chance (Single)		moey-another-chance-single	https://mostlymusic.com/cdn/shop/files/59808.mp3?v=3024988863466434116
Avraham Fried - Layehudim (Single)		avraham-fried-layehudim-single	https://mostlymusic.com/cdn/shop/files/64308.mp3?v=11460556173658011429
Iair & Yossi Michanie - Aba Melech (Single)		iair-yossi-michanie-aba-melech-single	https://mostlymusic.com/cdn/shop/files/61272.mp3?v=15185026687205558166
Bentzi Stein - Hillel Hazaken [Acapella] (Single)		bentzi-stein-hillel-hazaken-acapella-single	https://mostlymusic.com/cdn/shop/files/66079.mp3?v=15680901665322275359
Oorah Presents: Lipa Schmeltzer - Hoshanos L'Purim (Single)		oorah-presents-lipa-schmeltzer-hoshanos-lpurim-single	https://mostlymusic.com/cdn/shop/files/59810.mp3?v=17602545094053300936
Lazer Levy - Lehodos Lecho (Single)		lazer-levy-lehodos-lecho-single	https://mostlymusic.com/cdn/shop/files/57488.mp3?v=6350225611917891728
Moshe Klein - Baderech El Haor (Single)		moshe-klein-baderech-el-haor-single	https://mostlymusic.com/cdn/shop/files/58467.mp3?v=16293831738487456292
Pinchas Doppelt - Vehareinu (Single)		pinchas-doppelt-vehareinu-single	https://mostlymusic.com/cdn/shop/files/66070.mp3?v=14525981175441731053
Duvid Kaufman, Tzali Gold & Yiddish Nachas - Shabbos Kodsho (Single)		duvid-kaufman-tzali-gold-yiddish-nachas-shabbos-kodsho-single	https://mostlymusic.com/cdn/shop/files/66103.mp3?v=11446374031691868713
Gad Feureisen - Bonim (Single)		gad-feureisen-bonim-single	https://mostlymusic.com/cdn/shop/files/62786.mp3?v=5186546089165184625
Ruvi New - Storm The World		ruvi-new-storm-the-world	https://mostlymusic.com/cdn/shop/files/232394.mp3?v=15660479540650333255
Ruvi New - Storm The World		ruvi-new-storm-the-world	https://mostlymusic.com/cdn/shop/files/232395.mp3?v=16142160126197094449
Motty Ilowitz - Bas Mitzvah (Single)		motty-ilowitz-bas-mitzvah-single	https://mostlymusic.com/cdn/shop/files/58468.mp3?v=12449233921809446947
Nechemia Katz & Zalmen Schnitzler - Everybody Jump Jump!!		nechemia-katz-zalmen-schnitzler-everybody-jump-jump	https://mostlymusic.com/cdn/shop/files/61270.mp3?v=5020054590721381153
Baruch Levine - A Doctor’s Prayer (Single)		baruch-levine-a-doctor-s-prayer-single	https://mostlymusic.com/cdn/shop/files/59775.mp3?v=8789511365423463879
Yossi Rodal ft. DJ Izzy - Moshiach Now		yossi-rodal-ft-dj-izzy-moshiach-now	https://mostlymusic.com/cdn/shop/files/62782.mp3?v=13640247213508371283
Assaf Shefer - Ben (Single)		assaf-shefer-ben-single	https://mostlymusic.com/cdn/shop/files/57498.mp3?v=15456626551812532883
Yaakov Shwekey - Veha’er Eineinu (Single)		yaakov-shwekey-veha-er-eineinu-single	https://mostlymusic.com/cdn/shop/files/59762.mp3?v=8573887451313863990
Nachmy Glauber - Close To You (Single)		nachmy-glauber-close-to-you-single	https://mostlymusic.com/cdn/shop/files/64312.mp3?v=8405286457613583469
Yisroel Adler - The Rebbes Tzamah Nafshi (Single)		yisroel-adler-the-rebbes-tzamah-nafshi-single	https://mostlymusic.com/cdn/shop/files/232393.mp3?v=2566226214851324582
Yoeli Dikman - Shabbos Kodesh (Single)		yoeli-dikman-shabbos-kodesh-single	https://mostlymusic.com/cdn/shop/files/62781.mp3?v=4144157866435163127
Motty Atias - די גאסן פון ירושלים (Single)		motty-atias-single	https://mostlymusic.com/cdn/shop/files/64311.mp3?v=18129426824002549185
Lev Tahor, Eli Schwebel & Abie Rottenberg - Journey At Sea (Single)		lev-tahor-eli-schwebel-abie-rottenberg-journey-at-sea-single	https://mostlymusic.com/cdn/shop/files/58474.mp3?v=6661636501805715521
Shea Berko, Motty Ilowitz, The Shira Choir & Avrumi Berko Production - July 3 '23		shea-berko-motty-ilowitz-the-shira-choir-avrumi-berko-production-july-3-23	https://mostlymusic.com/cdn/shop/files/61269.mp3?v=7550919787582789968
Chaim Blumenfeld - Odeh Hashem (Single)		chaim-blumenfeld-odeh-hashem-single	https://mostlymusic.com/cdn/shop/files/232390.mp3?v=1273594244329241548
Shloime Balsam - Mi LaHashem Eilai		shloime-balsam-mi-lahashem-eilai-3	https://mostlymusic.com/cdn/shop/files/57483.mp3?v=2478197072249572203
Shloime Balsam - Mi LaHashem Eilai		shloime-balsam-mi-lahashem-eilai-3	https://mostlymusic.com/cdn/shop/files/57484.mp3?v=5991690640003666195
Shloime Balsam - Mi LaHashem Eilai		shloime-balsam-mi-lahashem-eilai-3	https://mostlymusic.com/cdn/shop/files/57485.mp3?v=114000570669876990
Lazer Horowitz - Nigun R' Yankel Talmud (Single)		lazer-horowitz-nigun-r-yankel-talmud-single	https://mostlymusic.com/cdn/shop/files/66078.mp3?v=13558763864930565978
Duvid Fleischman & Chesky Schwartz Production - June 27 '23		duvid-fleischman-chesky-schwartz-production-june-27-23	https://mostlymusic.com/cdn/shop/files/61268.mp3?v=9646601289904087879
Lazer Deutsch & Chili Genuth - Beht Mein Kind (Single)		lazer-deutsch-chili-genuth-beht-mein-kind-single	https://mostlymusic.com/cdn/shop/files/58469.mp3?v=13272238730575578191
Chaim Shlomo Mayesz & DJ Aharon Kofman - Rechts Links - (Single)		chaim-shlomo-mayesz-dj-aharon-kofman-rechts-links-single	https://mostlymusic.com/cdn/shop/files/59759.mp3?v=5765702208985383849
Moshe Krishevsky, Don Stern & Malchus Choir - Pesach's Seder (Single)		moshe-krishevsky-don-stern-malchus-choir-pesachs-seder-single	https://mostlymusic.com/cdn/shop/files/62780.mp3?v=9261585357548855718
Shalsheles Junior - Zeh Hayom (Single)		shalsheles-junior-zeh-hayom-single	https://mostlymusic.com/cdn/shop/files/57482.mp3?v=18382299289044982757
HBS & Heedy Rosenberg - Rofeh Cholim (Single)		aitchbeeess-heedy-rosenberg-rofeh-cholim-single	https://mostlymusic.com/cdn/shop/files/64307.mp3?v=8525449176085309156
Chaim Brown & Yeedle Kahan Production July 2 '23		chaim-brown-yeedle-kahan-production-july-2-23	https://mostlymusic.com/cdn/shop/files/61266.mp3?v=10926700736208505758
Yosef Giniger - I Need You Now (Single)		yosef-giniger-i-need-you-now-single	https://mostlymusic.com/cdn/shop/files/23244061.mp3?v=16892520792012878778
Leiby Wieder - Ani Maamin [Yiddish Cover] (Single)		leiby-wieder-ani-maamin-single	https://mostlymusic.com/cdn/shop/files/66077.mp3?v=940446082416437315
Dovid Pearlman - Zeh Zeh (Single)		dovid-pearlman-zeh-zeh-single	https://mostlymusic.com/cdn/shop/files/64310.mp3?v=15444029276732489465
Sruli Friedman, Menagen Choir & Benny Bransdorfer Production - June 25 '23		sruli-friedman-menagen-choir-benny-bransdorfer-production-june-25-23	https://mostlymusic.com/cdn/shop/files/61267.mp3?v=11147114055410132653
Kobi Brummer - Yehudi (Single)		kobi-brummer-yehudi-single	https://mostlymusic.com/cdn/shop/files/59760.mp3?v=1790530677948907471
Kol Tzame - Kol Tzame (Single)		kol-tzame-kol-tzame-single	https://mostlymusic.com/cdn/shop/files/58475.mp3?v=5725577181766870537
Shmili Steinmetz - Nodeh (Single)		shmili-steinmetz-nodeh-single	https://mostlymusic.com/cdn/shop/files/232387.mp3?v=7602540610017065449
Gad Elbaz Feat. DJ KLMM & Jo Messa - Good Shabbos (Single)		gad-elbaz-feat-dj-klmm-jo-messa-good-shabbos-single	https://mostlymusic.com/cdn/shop/files/58471.mp3?v=13227388213894047682
Sruli Broncher feat. Moshe Habusha - Ya Ribon (Single)		sruli-broncher-feat-moshe-habusha-ya-ribon-single	https://mostlymusic.com/cdn/shop/files/57481.mp3?v=991364658412936615
Gad Elbaz - Shabbat Vayinafash (Single)		gad-elbaz-shabbat-vayinafash-single	https://mostlymusic.com/cdn/shop/files/62779.mp3?v=8424208599763606402
Lazar Levy - Rufoeini (Single)		lazar-levy-rufoeini-single	https://mostlymusic.com/cdn/shop/files/232389.mp3?v=13347780029812134273
Arik Dvir, Ahrele Samet & Neranena Choir - Nichsafti (Single)		arik-dvir-ahrele-samet-neranena-choir-nichsafti-single	https://mostlymusic.com/cdn/shop/files/62778.mp3?v=13069005981330641647
Simcha Jacoby, The Shira Choir & Hershy Pavel Production June 27 '23		simcha-jacoby-the-shira-choir-hershy-pavel-production-june-27-23	https://mostlymusic.com/cdn/shop/files/61265.mp3?v=13471287256843286988
Kippalive - We On Fire [Acapella Cover] (Single)		kippalive-we-on-fire-acapella-cover-single	https://mostlymusic.com/cdn/shop/files/57480.mp3?v=13900904528616409096
Shlomo Yehuda Rechnitz - Vehareinu (A Yochi Briskman Production)		shlomo-yehuda-rechnitz-vehareinu	https://mostlymusic.com/cdn/shop/files/232386.mp3?v=2655403803669219040
Shmuly Schneider - Liros Bunim [Cover] (Single)		shmuly-schneider-liros-bunim-cover-single	https://mostlymusic.com/cdn/shop/files/59761.mp3?v=14852743156865153403
Avrumi & Shea Berko - Oi Vey (Single)		avrumi-shea-berko-oi-vey-single	https://mostlymusic.com/cdn/shop/files/64294.mp3?v=15764935400575704587
Moshe Dovid Weissmandl, Neshama Choir & Yanky Landau Band - Rikudim [Medley #2] (Single)		moshe-dovid-weissmandl-neshama-choir-yanky-landau-band-rikudim-medley-2-single	https://mostlymusic.com/cdn/shop/files/66075.mp3?v=16081867925604166142
Isaac Rosenblat - I Wanna Be (Single)		isaac-rosenblat-i-wanna-be-single	https://mostlymusic.com/cdn/shop/files/64257.mp3?v=8101700686290550903
Avrumy Samet - Heiliger Bashefer (Single)		avrumy-samet-heiliger-bashefer-single	https://mostlymusic.com/cdn/shop/files/58473.mp3?v=5565336091720726776
Duvid Feder - Lechtige Kinder (Single)		duvid-feder-lechtige-kinder-single	https://mostlymusic.com/cdn/shop/files/59698.mp3?v=9795410849481723502
Nachman Bowmel - Benai Beischu (Single)		nachman-bowmel-benai-beischu-single	https://mostlymusic.com/cdn/shop/files/62777.mp3?v=6247733949375100719
Nissim Black & Kosha Dillz - The Hannukah Song 2.0 (Single)		nissim-black-kosha-dillz-the-hannukah-song-2-0-single	https://mostlymusic.com/cdn/shop/files/57479.mp3?v=4081049579478045651
Shea Berko, Yedidim Choir,  Meilech Braunstein, Itzik Dadya, Yidi Bialostozky & Shimmy Levy Production - June 27 '23 Goldstein		shea-berko-yedidim-choir-meilech-braunstein-itzik-dadya-yidi-bialostozky-shimmy-levy-production-june-27-23-goldstein	https://mostlymusic.com/cdn/shop/files/61264.mp3?v=8828239918625307393
Dudi Kalish & Yanky Ausch - Vekureiv Pezeereini (Single)		dudi-kalish-yanky-ausch-vekureiv-pezeereini-single	https://mostlymusic.com/cdn/shop/files/66074.mp3?v=3495091981691912915
Kobi Grinboim - Shira Chadasha [Medley] (Single)		kobi-grinboim-shira-chadasha-medley-single	https://mostlymusic.com/cdn/shop/files/62776.mp3?v=14484393275921844542
Avi Podolinski - Hayeladim Shelcha (Single)		avi-podolinski-hayeladim-shelcha-single	https://mostlymusic.com/cdn/shop/files/58472.mp3?v=10034325628176092433
Ilu - feat. Shauli (Single)		ilu-feat-shauli-single	https://mostlymusic.com/cdn/shop/files/232384.mp3?v=2127764532105071148
Shuki Salomon & Amiran Dvir - Shir Habitachon (Single)		shuki-salomon-amiran-dvir-shir-habitachon-single	https://mostlymusic.com/cdn/shop/files/59703.mp3?v=1317346805760044633
Ani Maamin (Single)		ani-maamin-single	https://mostlymusic.com/cdn/shop/files/232383.mp3?v=16631383046310176960
Eli Marcus - Yehei Rava (Single)		eli-marcus-yehei-rava-single	https://mostlymusic.com/cdn/shop/files/64243.mp3?v=13122995336720850751
Chaim Horowitz - Ach Toiv [Medley] (Single)		chaim-horowitz-ach-toiv-medley-single	https://mostlymusic.com/cdn/shop/files/64242.mp3?v=6117627131486495166
Benny Friedman & Yitzy Waldner - Thank You Rebbi (Single)		benny-friedman-yitzy-waldner-thank-you-rebbi-single	https://mostlymusic.com/cdn/shop/files/57478.mp3?v=10287089113861813679
Mati Shriki - Ani Mechake (Single)		mati-shriki-ani-mechake-single	https://mostlymusic.com/cdn/shop/files/59699.mp3?v=13580999513892948864
Dedi - Vechozakto (Single)		dedi-vechozakto-single	https://mostlymusic.com/cdn/shop/files/232381.mp3?v=1419200040280560596
Chaim Polak, Yanky Landau & Neshama Choir - Seder Nacht [Medley] (Single)		chaim-polak-yanky-landau-neshama-choir-seder-nacht-medley-single	https://mostlymusic.com/cdn/shop/files/62775.mp3?v=12136564279659790193
Eli Marcus (feat. Moshe Laufer) - Ki Hinei Kachomer (Single)		eli-marcus-feat-moshe-laufer-ki-hinei-kachomer-single	https://mostlymusic.com/cdn/shop/files/66072.mp3?v=12622028698057726799
Aaron Razel Feat. David D'or - Shema Yisrael (Single)		aaron-razel-feat-david-dor-shema-yisrael-single	https://mostlymusic.com/cdn/shop/files/58477.mp3?v=8099300287884895566
Amiran Dvir Feat. Tzemed Rayim  - Tfilat Ha'Uvois (Single)		amiran-dvir-feat-tzemed-rayim-tfilat-hauvois-single	https://mostlymusic.com/cdn/shop/files/57477.mp3?v=9825958896499234396
Avrumi Berko & Menachem Moskowitz - Zaru Chayu Vekayamu (Single)		avrumi-berko-menachem-moskowitz-zara-chaya-vekayama-single	https://mostlymusic.com/cdn/shop/files/64241.mp3?v=4187900087332590888
Moishy Wales - Keil Benai (Single)		moishy-wales-keil-benai-single	https://mostlymusic.com/cdn/shop/files/62774.mp3?v=5963548282133113297
Moshe Dovid Weissmandl - Ki Yimincha [Live] (Single)		moshe-dovid-weissmandl-ki-yimincha-live-single	https://mostlymusic.com/cdn/shop/files/66073.mp3?v=4422108735163346773
Moshe Louk & Meir Mishali - Shir Shevacha (Single)		moshe-louk-meir-mishali-shir-shevacha-single	https://mostlymusic.com/cdn/shop/files/61257.mp3?v=10033215925356053597
Yoely Davidowitz Ft. Ahrele Samet, Yoeli Klein, Shaya Gross & Malchus Choir - Kol Mevaser [Cover] (Single)		yoely-davidowitz-ft-ahrele-samet-yoeli-klein-shaya-gross-malchus-choir-kol-mevaser-cover-single	https://mostlymusic.com/cdn/shop/files/61262.mp3?v=15701055128153027403
Shloime Meir - Ayeka [Cover] (Single)		shloime-meir-ayeka-cover-single	https://mostlymusic.com/cdn/shop/files/59702.mp3?v=1839261272419479708
Aaron Meir - Od Yom (Single)		aaron-meir-od-yom-single	https://mostlymusic.com/cdn/shop/files/58476.mp3?v=3013435849078140443
Itzik Orlev  - Olam Chadash  (Single)		itzik-orlev-olam-chadash-single	https://mostlymusic.com/cdn/shop/files/57475.mp3?v=6043129866665388502
Freilach Band & Sruly Green - Sruly Green [Medley] (Single)		freilach-band-sruly-green-sruly-green-medley-single	https://mostlymusic.com/cdn/shop/files/66071.mp3?v=12395982728862880437
Aaron Razel & MBD - Ana Avda (Duet)		mbd-aaron-razel-ana-avda-duet	https://mostlymusic.com/cdn/shop/files/232379.mp3?v=10485065386738612660
Moshe Klein  - Nitzotz Yehudi  (Single)		moshe-klein-nitzotz-yehudi-single	https://mostlymusic.com/cdn/shop/files/57474.mp3?v=16281831622134768129
Yaakov Israel - Tachat Hachuppah (Single)		yaakov-israel-tachat-hachuppah-single	https://mostlymusic.com/cdn/shop/files/61261.mp3?v=16918968604694421640
Yaakov Shwekey - Ata Shomer [Remixed By The Kfitzat Haderech Project] (Single)		yaakov-shwekey-ata-shomer-remixed-by-the-kfitzat-haderech-project-single	https://mostlymusic.com/cdn/shop/files/58466.mp3?v=8095117163327814456
Mendel Roth - Ha'am Hazeh (Single)		mendel-roth-haam-hazeh-single	https://mostlymusic.com/cdn/shop/files/62773.mp3?v=7907260444545787846
Moshe Klein - B'derech Emuna Bacharti (Single)		moshe-klein-bderech-emuna-bacharti-single	https://mostlymusic.com/cdn/shop/files/64240.mp3?v=5944567066108156020
Mordchai Yoel Berkowitz - Bechol Libi (Single)		mordchai-yoel-berkowitz-bechol-libi-single	https://mostlymusic.com/cdn/shop/files/59701.mp3?v=15227041662595621593
Heshy Goldstein - Tumid (Single)		heshy-goldstein-tumid-single	https://mostlymusic.com/cdn/shop/files/232377.mp3?v=1169356692324039349
Gabi Aharon & Nehoray Arieli - Ten Lageshem (Single)		gabi-aharon-nehoray-arieli-ten-lageshem-single	https://mostlymusic.com/cdn/shop/files/62772.mp3?v=12648634374868329863
Shloime Bernstein - Nigun Satmar [Cover] (Single)		shloime-bernstein-nigun-satmar-cover-single	https://mostlymusic.com/cdn/shop/files/57473.mp3?v=13001130884149086193
Mendel Roth - Eretz Al Tichasi Damam (Single)		mendel-roth-eretz-al-tichasi-damam-single	https://mostlymusic.com/cdn/shop/files/59700.mp3?v=12121338743662146434
Uri Davidi - B'ezrat Hashem (Single)		uri-davidi-bezrat-hashem-single	https://mostlymusic.com/cdn/shop/files/64239.mp3?v=9908145300332150912
Yosef Kugler - Vaani (Single)		yosef-kugler-vaani-single	https://mostlymusic.com/cdn/shop/files/61263.mp3?v=15716842800548113172
Moishey Ney - Sabeini (Single)		moishey-ney-sabeini-single	https://mostlymusic.com/cdn/shop/files/64200.mp3?v=10994591128729599724
Aharon Shrem - Mimamakim (Single)		aharon-shrem-mimamakim-single	https://mostlymusic.com/cdn/shop/files/59697.mp3?v=9192370767761192710
Cobi Russel - Never Alone (Single)		cobi-russel-never-alone-single	https://mostlymusic.com/cdn/shop/files/58463.mp3?v=16285378385244442015
Joey Newcomb (feat. Rabbi Jojo) - Just Rely On Hashem (Single)		joey-newcomb-feat-rabbi-jojo-just-rely-on-hashem-single	https://mostlymusic.com/cdn/shop/files/66069.mp3?v=10776846930227143163
Chaim Portal - Koach (Single)		chaim-portal-koach-single	https://mostlymusic.com/cdn/shop/files/62771.mp3?v=9917268119586837864
Netanel Barda - Adam (Single)		netanel-barda-adam-single	https://mostlymusic.com/cdn/shop/files/61258.mp3?v=5479935485355603384
Hanan Ben Ari - Chananya (Single)		hanan-ben-ari-chananya-single	https://mostlymusic.com/cdn/shop/files/58461.mp3?v=16786704272351227801
Amram Adar - Rabi Nachman (Single)		amram-adar-rabi-nachman-single	https://mostlymusic.com/cdn/shop/files/232376.mp3?v=1702444400911302706
Yoeli Klein & Mendy Weiss - Ein Kudoish KaHashem (Single)		yoeli-klein-mendy-weiss-ein-kudoish-kahashem-single	https://mostlymusic.com/cdn/shop/files/64199.mp3?v=10882747404522040920
Motti Weisel - Di Fiftha Kasheh (Single)		motti-weisel-di-fiftha-kasheh-single	https://mostlymusic.com/cdn/shop/files/62770.mp3?v=9492805533686040954
Shlomo Broner - Modim Al Hanisim  (Single)		shlomo-broner-modim-al-hanisim-single	https://mostlymusic.com/cdn/shop/files/57472.mp3?v=13210047856495769879
Meir Duvid Farkas - Likutei Moharan		meir-duvid-farkas-likutei-moharan	https://mostlymusic.com/cdn/shop/files/232374.mp3?v=5587733187950376464
Amram Adar & Avraham Fried - Birchat Kohanim (Single)		amram-adar-avraham-fried-birchat-kohanim-single	https://mostlymusic.com/cdn/shop/files/66067.mp3?v=1560176039970562137
Meir Ben Dror & Mendy Jerufi - Keren Orah (Single)		meir-ben-dror-mendy-jerufi-keren-orah-single	https://mostlymusic.com/cdn/shop/files/59694.mp3?v=2801531731018543925
Itzik Orlev - Yishtabach Shimcha (Single)		itzik-orlev-yishtabach-shimcha-single	https://mostlymusic.com/cdn/shop/files/61256.mp3?v=5452915125492000402
Yanki Daskal & Malchus Choir - Veiye Zari (Liros Bunim) (Single)		yanki-daskal-malchus-choir-veiye-zari-liros-bunim-single	https://mostlymusic.com/cdn/shop/files/58448.mp3?v=2648643424539199275
The Early Shabbos Band - Misameach  (Single)		the-early-shabbos-band-misameach-single	https://mostlymusic.com/cdn/shop/files/57471.mp3?v=1056249451021035760
Shloime Bernstein - Hailig Oif Aibig (Single)		shloime-bernstein-hailig-oif-aibig-single	https://mostlymusic.com/cdn/shop/files/61260.mp3?v=16026043976200808227
Yidi Bialostozky - Hashiveinu (Single)		yidi-bialostozky-hashiveinu-single	https://mostlymusic.com/cdn/shop/files/66066.mp3?v=11453664782206063701
Netanel Israel - Ma Over Alai (Single)		netanel-israel-ma-over-alai-single	https://mostlymusic.com/cdn/shop/files/64198.mp3?v=15071612624814720187
Eli Klein - Ashrey Ha'am (Single)		eli-klein-ashrey-haam-single	https://mostlymusic.com/cdn/shop/files/59693.mp3?v=2333067985384240054
Meydad Tasa - Letova Velivracha  (Single)		meydad-tasa-letova-velivracha-single	https://mostlymusic.com/cdn/shop/files/57470.mp3?v=6131110351753278581
Avraham Fried - Gam Ki Elech (Single)		avraham-fried-gam-ki-elech-single	https://mostlymusic.com/cdn/shop/files/62769.mp3?v=4989994944193799853
Nissim Black - Scream (Single)		nissim-black-scream-single	https://mostlymusic.com/cdn/shop/files/61259.mp3?v=5055719003111575284
Yoeli Davidowitz & Ahrele Samet - Ashrei Rabo  (Single)		yoeli-davidowitz-ahrele-samet-ashrei-rabo-single	https://mostlymusic.com/cdn/shop/files/66065.mp3?v=6723192419533036704
Lipa Schmeltzer - Retzeeas		lipa-schmeltzer-retzeeas	https://mostlymusic.com/cdn/shop/files/58444.mp3?v=1322662887787695094
Lipa Schmeltzer - Retzeeas		lipa-schmeltzer-retzeeas	https://mostlymusic.com/cdn/shop/files/58445.mp3?v=67758748952809503
Lipa Schmeltzer - Retzeeas		lipa-schmeltzer-retzeeas	https://mostlymusic.com/cdn/shop/files/58446.mp3?v=7081395472709076
Lipa Schmeltzer - Retzeeas		lipa-schmeltzer-retzeeas	https://mostlymusic.com/cdn/shop/files/58447.mp3?v=4364931498771415594
Shirei Pinchas - Vezakeini (Vocal Version)		shirei-pinchas-vezakeini-vocal-version	https://mostlymusic.com/cdn/shop/files/232362.mp3?v=5346166474212871956
Elisha Freedman - Yevanim (Single)		elisha-freedman-yevanim-single	https://mostlymusic.com/cdn/shop/files/57469.mp3?v=2576460822299008953
Motty Steinmetz & Malchus Choir - Simeni Kachosem [Live] (Single)		motty-steinmetz-malchus-choir-simeni-kachosem-live-single	https://mostlymusic.com/cdn/shop/files/66064.mp3?v=564539934227484043
Nachman Dryer - Harotze B'Tshuva (Single)		nachman-dryer-harotze-btshuva-single	https://mostlymusic.com/cdn/shop/files/59695.mp3?v=10566744305390673995
Avrumy Samet - Ani Maamin (Single)		avrumy-samet-ani-maamin-single	https://mostlymusic.com/cdn/shop/files/59696.mp3?v=4996556067012211487
Dudi Landau & Moti Goldman - Haneiros Halolu  (Single)		dudi-landau-moti-goldman-haneiros-halolu-single	https://mostlymusic.com/cdn/shop/files/57468.mp3?v=9087193731096545522
Nussi Rubin - Far Eim (Single)		nussi-rubin-far-eim-single	https://mostlymusic.com/cdn/shop/files/64196.mp3?v=13819248770611167387
Lipa Schmeltzer, Zimra Choir & Shmiel Hersh Miller June 7 '23 Rosenfeld		lipa-schmeltzer-zimra-choir-shmiel-hersh-miller-june-7-23-rosenfeld	https://mostlymusic.com/cdn/shop/files/61255.mp3?v=9278413211945605312
Mordechai Shapiro - Nagila (Single)		mordechai-shapiro-nagila-single	https://mostlymusic.com/cdn/shop/files/62755.mp3?v=10471463592975838581
Meir Adler - Naftuli's Gabbe (Single)		meir-adler-naftulis-gabbe-single	https://mostlymusic.com/cdn/shop/files/64195.mp3?v=11739791631914849739
Yigal - Rise [Official Mix] (Single)		yigal-rise-yigal-official-mix-single	https://mostlymusic.com/cdn/shop/files/58424.mp3?v=7487158996389981568
Amrom Aker - רבי׳שע מאמענטן (EP)		amrom-aker-ep	https://mostlymusic.com/cdn/shop/files/64193.mp3?v=6805060550552026669
Amrom Aker - רבי׳שע מאמענטן (EP)		amrom-aker-ep	https://mostlymusic.com/cdn/shop/files/64194.mp3?v=17796479883323843388
Motty Steinmetz - Chasal Sidur Pesach [Cover] (Single)		motty-steinmetz-chasal-sidur-pesach-cover-single	https://mostlymusic.com/cdn/shop/files/62768.mp3?v=5954798541635633621
Yoni Shlomo - Vehisaneg (Single)		yoni-shlomo-vehisaneg-single	https://mostlymusic.com/cdn/shop/files/58428.mp3?v=13389178792905807704
Suscher Gutman & Yanky Briskman June 29 '23		suscher-gutman-yanky-briskman-june-29-23	https://mostlymusic.com/cdn/shop/files/61254.mp3?v=16989841824993924376
Ari Goldwag Soul 4 - Ve'ahavta (Single)		ari-goldwag-soul-4-veahavta-single	https://mostlymusic.com/cdn/shop/files/232364.mp3?v=10807755162948326941
Harav Shloime Taussig - Ein Gedula - Vocal Version		harav-shloime-taussig-ein-gedula-vocal-version	https://mostlymusic.com/cdn/shop/files/232361.mp3?v=7550891581514138211
Shmuel Dovid Landau - Ahavas Olam (Single)		shmuel-dovid-landau-ahavas-olam-single	https://mostlymusic.com/cdn/shop/files/66063.mp3?v=1642560895568383586
Beri Weber & Lipa Brach Production Feb. 7 '23 Schiller		beri-weber-lipa-brach-production-feb-7-23-schiller	https://mostlymusic.com/cdn/shop/files/59680.mp3?v=6152098772395845371
Beri Weber & Lipa Brach Production Feb. 7 '23 Schiller		beri-weber-lipa-brach-production-feb-7-23-schiller	https://mostlymusic.com/cdn/shop/files/59681.mp3?v=11621513504125739075
Beri Weber & Lipa Brach Production Feb. 7 '23 Schiller		beri-weber-lipa-brach-production-feb-7-23-schiller	https://mostlymusic.com/cdn/shop/files/59682.mp3?v=10102628731896915320
Beri Weber & Lipa Brach Production Feb. 7 '23 Schiller		beri-weber-lipa-brach-production-feb-7-23-schiller	https://mostlymusic.com/cdn/shop/files/59683.mp3?v=14217148965279353181
Beri Weber & Lipa Brach Production Feb. 7 '23 Schiller		beri-weber-lipa-brach-production-feb-7-23-schiller	https://mostlymusic.com/cdn/shop/files/59684.mp3?v=17194085840859966414
Beri Weber & Lipa Brach Production Feb. 7 '23 Schiller		beri-weber-lipa-brach-production-feb-7-23-schiller	https://mostlymusic.com/cdn/shop/files/59685.mp3?v=2399837426532032660
Beri Weber & Lipa Brach Production Feb. 7 '23 Schiller		beri-weber-lipa-brach-production-feb-7-23-schiller	https://mostlymusic.com/cdn/shop/files/59686.mp3?v=17300596362913694127
Beri Weber & Lipa Brach Production Feb. 7 '23 Schiller		beri-weber-lipa-brach-production-feb-7-23-schiller	https://mostlymusic.com/cdn/shop/files/59687.mp3?v=5256927115064500624
Beri Weber & Lipa Brach Production Feb. 7 '23 Schiller		beri-weber-lipa-brach-production-feb-7-23-schiller	https://mostlymusic.com/cdn/shop/files/59688.mp3?v=2048963112042591090
Beri Weber & Lipa Brach Production Feb. 7 '23 Schiller		beri-weber-lipa-brach-production-feb-7-23-schiller	https://mostlymusic.com/cdn/shop/files/59689.mp3?v=6197589748727661463
Beri Weber & Lipa Brach Production Feb. 7 '23 Schiller		beri-weber-lipa-brach-production-feb-7-23-schiller	https://mostlymusic.com/cdn/shop/files/59690.mp3?v=16099925483121863194
Beri Weber & Lipa Brach Production Feb. 7 '23 Schiller		beri-weber-lipa-brach-production-feb-7-23-schiller	https://mostlymusic.com/cdn/shop/files/59691.mp3?v=8060343809933231960
Beri Weber & Lipa Brach Production Feb. 7 '23 Schiller		beri-weber-lipa-brach-production-feb-7-23-schiller	https://mostlymusic.com/cdn/shop/files/59692.mp3?v=7050262963161005210
Belz - Borei Olam (Bryer/Kalish) Single		belz-borei-olam-bryer-kalish-single	https://mostlymusic.com/cdn/shop/files/232370.mp3?v=9615934843063886390
Ruli Dikman - Yesh Li Tatte (Single)		ruli-dikman-yesh-li-tatte-single	https://mostlymusic.com/cdn/shop/files/58430.mp3?v=6407908976475093273
Ahrele Samet & Aaron Razel - Lomir Dertzeilen (Single)		ahrele-samet-aaron-razel-lomir-dertzeilen-single	https://mostlymusic.com/cdn/shop/files/64192.mp3?v=7613857721155459399
Dovid Pearlman - Rabos Banos (Single)		dovid-pearlman-rabos-banos-single	https://mostlymusic.com/cdn/shop/files/62754.mp3?v=12065467917853147706
Pumpidisa - Ein Od Milvado  (Single)		pumpidisa-ein-od-milvado-single	https://mostlymusic.com/cdn/shop/files/57467.mp3?v=13509425819964703556
Benny Friedman, The Shira Choir & Motty Breier Production July 4 '23		benny-friedman-the-shira-choir-motty-breier-production-july-4-23	https://mostlymusic.com/cdn/shop/files/61253.mp3?v=9860031264987216076
Avremi Roth - Kumi Ori (Single)		avremi-roth-kumi-ori-single	https://mostlymusic.com/cdn/shop/files/62753.mp3?v=14250015614632240175
Nissim Black - Change  (Single)		nissim-black-change-single	https://mostlymusic.com/cdn/shop/files/57466.mp3?v=7621265768434484569
MRM & Yossi Goldstein - Mekadeish HaShabbos (Lifonov Naavod) (Single)		mrm-yossi-goldstein-mekadeish-hashabbos-lifonov-naavod-single	https://mostlymusic.com/cdn/shop/files/66040.mp3?v=18036594527356851252
Shloime Kaufman - Li Acapella (Single)		shloime-kaufman-li-acapella-single	https://mostlymusic.com/cdn/shop/files/2323419.mp3?v=1418720769066431925
Raya Kay - Yerushalayim (Single)		raya-kay-yerushalayim-single	https://mostlymusic.com/cdn/shop/files/59679.mp3?v=10120487103835550576
Tzudik Greenwald - Ahava V'achva		tzudik-greenwald-ahava-vachva	https://mostlymusic.com/cdn/shop/files/232348.mp3?v=18407016860880244718
Raphael Melloul - Shalom (Single)		raphael-melloul-shalom-single	https://mostlymusic.com/cdn/shop/files/58425.mp3?v=18438876753163835019
MRM &  Avrumy Kalish & Volvy Adler - Mashke Dance Medley (Single)		avrumy-kalish-volvy-adler-mashke-dance-medley-single	https://mostlymusic.com/cdn/shop/files/66041.mp3?v=17100666293130144043
Hillel Gross - Horeini (Single)		hillel-gross-horeini-single	https://mostlymusic.com/cdn/shop/files/232346.mp3?v=13786175503409939168
Eli Levin - Bayamim Haheim  (Single)		eli-levin-bayamim-haheim-single	https://mostlymusic.com/cdn/shop/files/57465.mp3?v=16734494752101912684
Meilech Braunstein ft. Yanky Steinmetz - Yodeah Ta’alumos (Single)		meilech-braunstein-ft-yanky-steinmetz-yodeah-ta-alumos-single	https://mostlymusic.com/cdn/shop/files/64191.mp3?v=13981252964928025806
Moshe Klein - Hayom [Remixed By DJ Yehuda Mor] (Single)		moshe-klein-hayom-remixed-by-dj-yehuda-mor-single	https://mostlymusic.com/cdn/shop/files/58423.mp3?v=16181770586760249552
Danny Palgon - Lo Lefached (Single)		danny-palgon-lo-lefached-single	https://mostlymusic.com/cdn/shop/files/62752.mp3?v=2839762981247078496
Shmueli Ungar, Yedidim Choir & Avrumi Berko Production June 11 '23		shmueli-ungar-yedidim-choir-avrumi-berko-production-june-11-23	https://mostlymusic.com/cdn/shop/files/61252.mp3?v=17974882216728279540
Shauli - Histarta (Single)		shauli-histarta-single	https://mostlymusic.com/cdn/shop/files/59678.mp3?v=10276972637815122059
Ari Goldwag - Lo B'chayil (Single)		ari-goldwag-lo-bchayil-single	https://mostlymusic.com/cdn/shop/files/66038.mp3?v=10383569766048747187
Mabruk Band - Elul Medley (Single)		mabruk-band-elul-medley-single	https://mostlymusic.com/cdn/shop/files/61249.mp3?v=117375840126446869
Gad Shalom - Shefa (Single)		gad-shalom-shefa-single	https://mostlymusic.com/cdn/shop/files/58426.mp3?v=9731664280847841638
Yeedle Werdyger - Motzi Asirim (Single)		yeedle-werdyger-motzi-asirim-single	https://mostlymusic.com/cdn/shop/files/62750.mp3?v=261824175780291798
Shloime Bernstein - Aromimcha (Single)		shloime-bernstein-aromimcha-cover-single	https://mostlymusic.com/cdn/shop/files/57464.mp3?v=9942450099449613897
Simcha Abramczik - Tehila Leduvid (Single)		simcha-abramczik-tehila-leduvid-single	https://mostlymusic.com/cdn/shop/files/64181.mp3?v=5283474021697008948
Yechiel Giniger - Standing With Me (Single)		yechiel-giniger-standing-with-me-single	https://mostlymusic.com/cdn/shop/files/64180.mp3?v=14872274800540021788
Simcha Jacoby - Dance! (Single)		simcha-jacoby-dance-single	https://mostlymusic.com/cdn/shop/files/232345.mp3?v=6112019034788547094
Izzy Kieffer - Ki Va Moed (Single)		izzy-kieffer-ki-va-moed-single	https://mostlymusic.com/cdn/shop/files/66039.mp3?v=1556329922646296441
Yidi Bialostozky & Levi Lesin Production Jan. 31 '23		yidi-bialostozky-levi-lesin-production-jan-31-23	https://mostlymusic.com/cdn/shop/files/59636.mp3?v=4564664205790917300
Yidi Bialostozky & Levi Lesin Production Jan. 31 '23		yidi-bialostozky-levi-lesin-production-jan-31-23	https://mostlymusic.com/cdn/shop/files/59637.mp3?v=6591196368112291305
Yidi Bialostozky & Levi Lesin Production Jan. 31 '23		yidi-bialostozky-levi-lesin-production-jan-31-23	https://mostlymusic.com/cdn/shop/files/59638.mp3?v=10278662275561218036
Yidi Bialostozky & Levi Lesin Production Jan. 31 '23		yidi-bialostozky-levi-lesin-production-jan-31-23	https://mostlymusic.com/cdn/shop/files/59639.mp3?v=10540953701678558776
Yidi Bialostozky & Levi Lesin Production Jan. 31 '23		yidi-bialostozky-levi-lesin-production-jan-31-23	https://mostlymusic.com/cdn/shop/files/59640.mp3?v=5182142819093196427
Yidi Bialostozky & Levi Lesin Production Jan. 31 '23		yidi-bialostozky-levi-lesin-production-jan-31-23	https://mostlymusic.com/cdn/shop/files/59641.mp3?v=16497686100358773916
Yidi Bialostozky & Levi Lesin Production Jan. 31 '23		yidi-bialostozky-levi-lesin-production-jan-31-23	https://mostlymusic.com/cdn/shop/files/59642.mp3?v=12853547189930958316
Yidi Bialostozky & Levi Lesin Production Jan. 31 '23		yidi-bialostozky-levi-lesin-production-jan-31-23	https://mostlymusic.com/cdn/shop/files/59643.mp3?v=17119425548587417618
Yidi Bialostozky & Levi Lesin Production Jan. 31 '23		yidi-bialostozky-levi-lesin-production-jan-31-23	https://mostlymusic.com/cdn/shop/files/59644.mp3?v=14748317945686838054
Yidi Bialostozky & Levi Lesin Production Jan. 31 '23		yidi-bialostozky-levi-lesin-production-jan-31-23	https://mostlymusic.com/cdn/shop/files/59645.mp3?v=3704811939183836783
Yidi Bialostozky & Levi Lesin Production Jan. 31 '23		yidi-bialostozky-levi-lesin-production-jan-31-23	https://mostlymusic.com/cdn/shop/files/59646.mp3?v=12497941248531066242
Yidi Bialostozky & Levi Lesin Production Jan. 31 '23		yidi-bialostozky-levi-lesin-production-jan-31-23	https://mostlymusic.com/cdn/shop/files/59647.mp3?v=10325034140910748487
Yidi Bialostozky & Levi Lesin Production Jan. 31 '23		yidi-bialostozky-levi-lesin-production-jan-31-23	https://mostlymusic.com/cdn/shop/files/59648.mp3?v=881796507166302594
Yidi Bialostozky & Levi Lesin Production Jan. 31 '23		yidi-bialostozky-levi-lesin-production-jan-31-23	https://mostlymusic.com/cdn/shop/files/59649.mp3?v=7198613903049470374
Yidi Bialostozky & Levi Lesin Production Jan. 31 '23		yidi-bialostozky-levi-lesin-production-jan-31-23	https://mostlymusic.com/cdn/shop/files/59650.mp3?v=7784245483865878761
Yidi Bialostozky & Levi Lesin Production Jan. 31 '23		yidi-bialostozky-levi-lesin-production-jan-31-23	https://mostlymusic.com/cdn/shop/files/59651.mp3?v=11187435250101508093
Yidi Bialostozky & Levi Lesin Production Jan. 31 '23		yidi-bialostozky-levi-lesin-production-jan-31-23	https://mostlymusic.com/cdn/shop/files/59652.mp3?v=15283572618662046502
Yidi Bialostozky & Levi Lesin Production Jan. 31 '23		yidi-bialostozky-levi-lesin-production-jan-31-23	https://mostlymusic.com/cdn/shop/files/59653.mp3?v=17640855333644094664
Yidi Bialostozky & Levi Lesin Production Jan. 31 '23		yidi-bialostozky-levi-lesin-production-jan-31-23	https://mostlymusic.com/cdn/shop/files/59654.mp3?v=14893153049275520795
Yidi Bialostozky & Levi Lesin Production Jan. 31 '23		yidi-bialostozky-levi-lesin-production-jan-31-23	https://mostlymusic.com/cdn/shop/files/59655.mp3?v=12379827130563142116
Yidi Bialostozky & Levi Lesin Production Jan. 31 '23		yidi-bialostozky-levi-lesin-production-jan-31-23	https://mostlymusic.com/cdn/shop/files/59656.mp3?v=9330216494814826833
Yidi Bialostozky & Levi Lesin Production Jan. 31 '23		yidi-bialostozky-levi-lesin-production-jan-31-23	https://mostlymusic.com/cdn/shop/files/59657.mp3?v=16785017472695459864
Yidi Bialostozky & Levi Lesin Production Jan. 31 '23		yidi-bialostozky-levi-lesin-production-jan-31-23	https://mostlymusic.com/cdn/shop/files/59658.mp3?v=5484003610456909547
Yidi Bialostozky & Levi Lesin Production Jan. 31 '23		yidi-bialostozky-levi-lesin-production-jan-31-23	https://mostlymusic.com/cdn/shop/files/59659.mp3?v=4475954159191650430
Yidi Bialostozky & Levi Lesin Production Jan. 31 '23		yidi-bialostozky-levi-lesin-production-jan-31-23	https://mostlymusic.com/cdn/shop/files/59660.mp3?v=17565359961398052672
Yidi Bialostozky & Levi Lesin Production Jan. 31 '23		yidi-bialostozky-levi-lesin-production-jan-31-23	https://mostlymusic.com/cdn/shop/files/59661.mp3?v=17487879269862422918
Yidi Bialostozky & Levi Lesin Production Jan. 31 '23		yidi-bialostozky-levi-lesin-production-jan-31-23	https://mostlymusic.com/cdn/shop/files/59662.mp3?v=3108350112126434959
Yidi Bialostozky & Levi Lesin Production Jan. 31 '23		yidi-bialostozky-levi-lesin-production-jan-31-23	https://mostlymusic.com/cdn/shop/files/59663.mp3?v=16563275456255376891
Boruch Sholom - Eshalech (Single)		boruch-sholom-eshalech-single	https://mostlymusic.com/cdn/shop/files/61248.mp3?v=13800930053437373328
Eli Herzlich & Zion Golan - Yismach Chatani (Single)		eli-herzlich-zion-golan-yismach-chatani-single	https://mostlymusic.com/cdn/shop/files/58431.mp3?v=9638101427040734870
Zevi Weinstock feat. Ari Cukier - Anim Zemiros  (Single)		zevi-weinstock-feat-ari-cukier-anim-zemiros-single	https://mostlymusic.com/cdn/shop/files/57463.mp3?v=6606293080643570379
Levy Falkowitz & Meilech Kohn - Nigun Mitzvah Tantz Krechnif (Single)		levy-falkowitz-meilech-kohn-nigun-mitzvah-tantz-krechnif-single	https://mostlymusic.com/cdn/shop/files/64179.mp3?v=6669015189623858306
Nehoray Arieli & Kobi Berry - Yagati Velo Matzati (Single)		nehoray-arieli-kobi-berry-yagati-velo-matzati-single	https://mostlymusic.com/cdn/shop/files/59634.mp3?v=14006299778580425652
Shea Kaller Band - Best Of Mona [Medley] (Single)		shea-kaller-band-best-of-mona-medley-single	https://mostlymusic.com/cdn/shop/files/66037.mp3?v=9710578755657173895
Tuvie Eichler - Ushmor Tzeseinu (Single)		tuvie-eichler-ushmor-tzeseinu-single	https://mostlymusic.com/cdn/shop/files/62740.mp3?v=8484182841702555399
Ari Gold - Chizukim (Single)		ari-gold-chizukim-single	https://mostlymusic.com/cdn/shop/files/59635.mp3?v=2402519502312157607
Avi Kraus - Veamech (Single)		avi-kraus-veamech-single	https://mostlymusic.com/cdn/shop/files/58427.mp3?v=3052028920712664277
Yaakov Kovlan - Mafteach Haparnasa (Single)		yaakov-kovlan-mafteach-haparnasa-single	https://mostlymusic.com/cdn/shop/files/61250.mp3?v=6405628095470749383
Miami Boys Choir  - This Chanukah 5782		miami-boys-choir-this-chanukah-5782	https://mostlymusic.com/cdn/shop/files/57461.mp3?v=12597181464547087477
Yaniv Ben Mashiach - Haderech Sheli (Single)		yaniv-ben-mashiach-haderech-sheli-single	https://mostlymusic.com/cdn/shop/files/61251.mp3?v=4485897365376740227
Joey Newcomb - Ka'eileh (Single)		joey-newcomb-kaeileh-single	https://mostlymusic.com/cdn/shop/files/62749.mp3?v=11871797442726630867
Gedalia Sloshay - Make Me a Sage (Single)		gedalia-sloshay-with-help-from-heaven-single	https://mostlymusic.com/cdn/shop/files/232344.mp3?v=6227945138184797274
Suchi Goldstein, Meir Adler & Bentzi Stein - A Shabbos In Viznitz (Single)		suchi-goldstein-meir-adler-bentzi-stein-a-shabbos-in-viznitz-single	https://mostlymusic.com/cdn/shop/files/64178.mp3?v=16756055190952562132
Gad Elbaz & Nir Kepten - Lo Levad (Single)		gad-elbaz-nir-kepten-lo-levad-single	https://mostlymusic.com/cdn/shop/files/59622.mp3?v=7073249551594427014
Pini Einhorn - Nechama (Single)		pini-einhorn-nechama-single	https://mostlymusic.com/cdn/shop/files/62738.mp3?v=17060155157377020348
Akiva Groman & Ahrele Samet - Vos Vet Zein [Cover] (Single)		akiva-groman-ahrele-samet-vos-vet-zein-cover-single	https://mostlymusic.com/cdn/shop/files/58429.mp3?v=10200859083527458278
Yossi Lebowitz - Keil Nkomois (Single)		yossi-lebowitz-keil-nkomois-single	https://mostlymusic.com/cdn/shop/files/232343.mp3?v=12634150189146762168
Rachel Faiziev - Mother - You Are Not Alone (Single)		rachel-faiziev-mother-you-are-not-alone-single	https://mostlymusic.com/cdn/shop/files/66036.mp3?v=11902015888199062754
Tzvi Zilberberg - The Second Dance 3		tzvi-zilberberg-the-second-dance-3	https://mostlymusic.com/cdn/shop/files/2323503.mp3?v=18185202584981366577
Aaron Razel - Chut Shel Tikva (Single)		aaron-razel-chut-shel-tikva-single	https://mostlymusic.com/cdn/shop/files/64177.mp3?v=5158760172293218222
Yisroel Werdyger - Ta'ir (Single)		yisroel-werdyger-tair-single	https://mostlymusic.com/cdn/shop/files/57402.mp3?v=10254358501028910277
Hershy Weinberger, Zanvil Weinberger, Yanky Daskal, Shira Choir, Yingerlich Boys Choir & Meir Adler - Ashreichem Adirei HaTorah [Medley] (Single)		hershy-weinberger-zanvil-weinberger-yanky-daskal-shira-choir-yingerlich-boys-choir-meir-adler-ashreichem-adirei-hatorah-medley-single	https://mostlymusic.com/cdn/shop/files/66034.mp3?v=14332246850606263801
Mayer Werdyger ft. Mendy & Ushi Werdyger - Hamalach [Cover] (Single)		mayer-werdyger-ft-mendy-ushi-werdyger-hamalach-cover-single	https://mostlymusic.com/cdn/shop/files/61247.mp3?v=6651745600098128775
Benny Friedman, Zaltz Band & Yedidim Choir - Pesach In Der Heim [Medley] (Single)		benny-friedman-zaltz-band-yedidim-choir-pesach-in-der-heim-medley-single	https://mostlymusic.com/cdn/shop/files/62733.mp3?v=15215160126094977928
Eli Miller - Perek Shira (Single)		eli-miller-perek-shira-single	https://mostlymusic.com/cdn/shop/files/59621.mp3?v=2366097116527297530
Ari Hill - Garesh Et Haazvut (Single)		ari-hill-garesh-et-haazvut-single	https://mostlymusic.com/cdn/shop/files/58422.mp3?v=9674455014006106095
Moshe Duvid Weissmandel & Avrumi Weinberg - Nosein Hatorah (Single)		moshe-duvid-weissmandel-avrumi-weinberg-nosein-hatorah-single	https://mostlymusic.com/cdn/shop/files/62732.mp3?v=643310065534182383
Mendy Weiss - Lehodot (Single)		mendy-weiss-lehodot-single	https://mostlymusic.com/cdn/shop/files/66033.mp3?v=10963147576108275479
Tzvi Zilberberg - Di Tzveiteh Tantz 2		tzvi-zilberberg-di-tzveiteh-tantz-2	https://mostlymusic.com/cdn/shop/files/23232403.mp3?v=16479432181035696629
Ohad Moskowitz & Raphael Uzan - Barcheni BaShalom (Single)		ohad-moskowitz-raphael-uzan-barcheni-bashalom-single	https://mostlymusic.com/cdn/shop/files/64176.mp3?v=11462825418963487219
Sruli Broncher Ft. Moshe Amran - 16 (Single)		sruli-broncher-ft-moshe-amran-16-single	https://mostlymusic.com/cdn/shop/files/59620.mp3?v=7155373577034590242
Shloime Meir & Ari Hill - Yehudi Kadosh (Single)		shloime-meir-ari-hill-yehudi-kadosh-single	https://mostlymusic.com/cdn/shop/files/58391_1ac253a6-dcc5-4580-9e6e-ea9c232dfc56.mp3?v=3005103944459747376
Yaakov Markowitz - Always With Me (Single)		yaakov-markowitz-always-with-me-single	https://mostlymusic.com/cdn/shop/files/61242.mp3?v=15235214613706439162
Rabbi Shmuel Brazil - Maoz Tzur		rabbi-shmuel-brazil-maoz-tzur	https://mostlymusic.com/cdn/shop/files/57403_2.mp3?v=8311182869660695439
Ahrele Samet, Suchy Goldstein, Hershy Rottenberg, Pinchas Bichler & Malchus Choir - Mein Lechtele (Single)		ahrele-samet-suchy-goldstein-hershy-rottenberg-pinchas-bichler-malchus-choir-mein-lechtele-single	https://mostlymusic.com/cdn/shop/files/57395.mp3?v=10636611372113884361
Tzvi Zilberberg - Di Tzveiteh Tantz		tzvi-zilberberg-di-tzveiteh-tantz	https://mostlymusic.com/cdn/shop/files/232342.mp3?v=449842103602019404
Simcha Birnhack, Chaim Pollak & Capella Choir - Melech Elyon (Single)		simcha-birnhack-chaim-pollak-capella-choir-melech-elyon-single	https://mostlymusic.com/cdn/shop/files/66032.mp3?v=14159717648164634502
Zeira - Bilvavi (Single)		zeira-bilvavi-single	https://mostlymusic.com/cdn/shop/files/61241.mp3?v=10712584189056452045
Ari Goldwag - BiYerushalayim (Single)		ari-goldwag-biyerushalayim-single	https://mostlymusic.com/cdn/shop/files/59619.mp3?v=12495783188105760700
Shaya Hittman - Ten Li (Single)		shaya-hittman-ten-li-single	https://mostlymusic.com/cdn/shop/files/62731.mp3?v=16954559652746933892
Mendy J. - Hamelech (Single)		mendy-j-hamelech-single	https://mostlymusic.com/cdn/shop/files/232340.mp3?v=2442653073274476735
Ariel Tzur – Am Shel Geula (Single)		ariel-tzur-am-shel-geula-single	https://mostlymusic.com/cdn/shop/files/64172.mp3?v=14853092680437482586
Michoel Schnitzler Z"L - The Tshaba Nigun (Single)		michoel-schnitzler-zl-the-tshaba-nigun-single	https://mostlymusic.com/cdn/shop/files/62730.mp3?v=8035779786061098978
Mendy Worch (feat. TYH Boys) - Jungle (Single)		mendy-worch-feat-tyh-boys-jungle-single	https://mostlymusic.com/cdn/shop/files/66031.mp3?v=17532677901253957014
Vinkel Studio - Al Tira [Cover] (Single)		vinkel-studio-al-tira-cover-single	https://mostlymusic.com/cdn/shop/files/57394.mp3?v=7781145563060226105
Eliyahu Chait - Emuna Pshutah (Single)		eliyahu-chait-emuna-pshutah-single	https://mostlymusic.com/cdn/shop/files/58389_5c2da487-cae4-443b-a26b-bb4e3eb86936.mp3?v=811075931110256963
Hershy Weinberger Ft. Lipa Schmeltzer & Dovy Meisels - Yidden In America (Single)		hershy-weinberger-ft-lipa-schmeltzer-dovy-meisels-yidden-in-america-single	https://mostlymusic.com/cdn/shop/files/59590.mp3?v=8660161901575324023
Moshe Klein - Rachamim Pshutim (Single)		moshe-klein-rachamim-pshutim-single	https://mostlymusic.com/cdn/shop/files/64150.mp3?v=3693608919320944784
Simche Friedman - Ma'ir Balaila (Single)		simche-friedman-mair-balaila-single	https://mostlymusic.com/cdn/shop/files/64149.mp3?v=9854452666207316467
Yossi Lissauer - Zechor (Single)		yossi-lissauer-zechor-single	https://mostlymusic.com/cdn/shop/files/61240.mp3?v=6197587922126697616
Veal Hakol (Single)		veal-hakol-single	https://mostlymusic.com/cdn/shop/files/232339.mp3?v=3483663749344871982
Yaakov Kovlan - Vekibatzti Eschem (Single)		yaakov-kovlan-vekibatzti-eschem-single	https://mostlymusic.com/cdn/shop/files/62719.mp3?v=9719733385018235516
Zanvil Weinberger & Shevach Boys Choir - Haneiros Haluli (Single)		zanvil-weinberger-shevach-boys-choir-haneiros-haluli-single	https://mostlymusic.com/cdn/shop/files/57393.mp3?v=8409972813738484523
Dovid Haziza - Bou Nirkod (Single)		dovid-haziza-bou-nirkod-single	https://mostlymusic.com/cdn/shop/files/58388_a118f450-ba36-49f2-8bac-e620122c82fb.mp3?v=11605637034730863158
Baruch Levine ft. Eitan Katz - Moshcheini (Single)		baruch-levine-ft-eitan-katz-moshcheini-single	https://mostlymusic.com/cdn/shop/files/61222.mp3?v=17871324636161031463
Avi Man - B'Emuna (Single)		copy-of-nachman-nussy-fuchs-nigun-vzimra-single	https://mostlymusic.com/cdn/shop/files/57391.mp3?v=15920024760110074600
Yanky Daskal & Malchus Choir - Haaver Einei (Single)		yanky-daskal-malchus-choir-haaver-einei-single	https://mostlymusic.com/cdn/shop/files/59589.mp3?v=4169041500319736282
Meir Yisrael - Shira Kayam (Single)		meir-yisrael-shira-kayam-single	https://mostlymusic.com/cdn/shop/files/8390_e4f03d8c-6046-4a9e-be20-6fc85a71810f.mp3?v=44111
Beri Weber & Duvid Berger - Shovevim (EP)		beri-weber-duvid-berger-shovevim-ep	https://mostlymusic.com/cdn/shop/files/64146.mp3?v=10471903907294371729
Beri Weber & Duvid Berger - Shovevim (EP)		beri-weber-duvid-berger-shovevim-ep	https://mostlymusic.com/cdn/shop/files/64147.mp3?v=12773742901955978816
Beri Weber & Duvid Berger - Shovevim (EP)		beri-weber-duvid-berger-shovevim-ep	https://mostlymusic.com/cdn/shop/files/64148.mp3?v=5676664270955981774
Mendy Worch & Chaim Ghoori - Yidden (Single)		mendy-worch-chaim-ghoori-yidden-single	https://mostlymusic.com/cdn/shop/files/61239.mp3?v=16737593354865100495
Moshe Tischler - Be There For Somebody (Single)		moshe-tischler-be-there-for-somebody-single	https://mostlymusic.com/cdn/shop/files/59587.mp3?v=986238698722441155
Nachman & Nussy Fuchs - Nigun V'zimra (Single)		copy-of-avraham-aviv-alush-ani-maamin-cover-single	https://mostlymusic.com/cdn/shop/files/57390.mp3?v=5884034932543530738
Avremi Roth - Tishmor Al Hayladim (Single)		avremi-roth-tishmor-al-hayladim-single	https://mostlymusic.com/cdn/shop/files/62718.mp3?v=11440674895969121041
Abish Brodt/Yisroel Werdyger - Veharev Na (Single)		abish-brodt-yisroel-werdyger-veharev-na-single	https://mostlymusic.com/cdn/shop/files/232335.mp3?v=6038933084995054330
Penn Hazut & Shmuel - Ani Maamin (Single)		penn-hazut-shmuel-ani-maamin-single	https://mostlymusic.com/cdn/shop/files/64144.mp3?v=14268058055086670625
Avraham Shalom - Sof HaDorot (Single)		avraham-shalom-sof-hadorot-single	https://mostlymusic.com/cdn/shop/files/58387_3a84d763-2e70-4e3f-81dd-066e22de1377.mp3?v=7256576576025010046
Yona Rivka Kimelman - Everybody Loves You (Single)		yona-rivka-kimelman-everybody-loves-you-single	https://mostlymusic.com/cdn/shop/files/59518.mp3?v=14406303198100879946
Avraham Aviv Alush - Ani Maamin [Cover] (Single)		copy-of-copy-of-elazar-esterzon-chasidimlech-boys-choir-lecha-hashem-single	https://mostlymusic.com/cdn/shop/files/57388.mp3?v=15002870647311573191
Yishai Saidoff - Lo Mefached (Single)		yishai-saidoff-lo-mefached-single	https://mostlymusic.com/cdn/shop/files/62717.mp3?v=6227505543856916743
Chaim Green - Yosheiv B'tzilo Shel Hakodosh B"H (Single)		chaim-green-yosheiv-betzilo-shel-hakodosh-bh-single	https://mostlymusic.com/cdn/shop/files/232334.mp3?v=5075638783457465055
Simcha Leiner - Eyes of Glass (Single)		simcha-leiner-eyes-of-glass-single	https://mostlymusic.com/cdn/shop/files/59517.mp3?v=15021880353897418437
Mordy Weinstein - Ani L'dodi (Single)		mordy-weinstein-ani-ldodi-single	https://mostlymusic.com/cdn/shop/files/61238.mp3?v=2188461256486958398
Yisroel Adler & Pinky Weber - Vayomer Hineini (Single)		yisroel-adler-pinky-weber-vayomer-hineini-single	https://mostlymusic.com/cdn/shop/files/64145.mp3?v=2449789964142612642
Hanan Ben Ari - Hayom Kamti Sameach (Single)		hanan-ben-ari-hayom-kamti-sameach-single	https://mostlymusic.com/cdn/shop/files/64143.mp3?v=8631441042679587071
Itzik Shamli - Yeled Sheli (Single)		itzik-shamli-yeled-sheli-single	https://mostlymusic.com/cdn/shop/files/62715.mp3?v=15149396935799353834
Moshe Klein - Kol Dodi Dofek (Single)		moshe-klein-kol-dodi-dofek-single	https://mostlymusic.com/cdn/shop/files/61230.mp3?v=10324822233807382404
Shloime Gertner, Dudi Kalish, Ahrele Samet, Malchus & Chasidimlech Choir - Maseh (Single)		shloime-gertner-dudi-kalish-ahrele-samet-malchus-chasidimlech-choir-maseh-single	https://mostlymusic.com/cdn/shop/files/62716.mp3?v=5182941332952615948
Yaniv Madar - Shefa Mehakol (Single)		yaniv-madar-shefa-mehakol-single	https://mostlymusic.com/cdn/shop/files/58382.mp3?v=13950553285974150179
MBD - Boee Besholom (Single)		mbd-boee-besholom-single	https://mostlymusic.com/cdn/shop/files/232337.mp3?v=13149365324006902690
Elazar Esterzon & Chasidim'lech Boys Choir - Lecha Hashem (Single)		copy-of-yishai-revivo-tamid-bamilchamot-single	https://mostlymusic.com/cdn/shop/files/57386.mp3?v=4334074044253736173
Ari Goldwag presents the Kramer Krew - Ateres Zekeinim (Single)		ari-goldwag-ateres-zekeinim-single	https://mostlymusic.com/cdn/shop/files/58385_3b4467ce-253a-4b70-b3c0-e6f3fda9c439.mp3?v=11145291098145604452
Chaim Dovid Berson - Echod Hashem (Debut Single)		chaim-dovid-berson-echod-hashem-debut-single	https://mostlymusic.com/cdn/shop/files/232333.mp3?v=1995772503134090504
Nati Levin - Tikra Lo (Single)		nati-levin-tikra-lo-single	https://mostlymusic.com/cdn/shop/files/59513.mp3?v=1784915943089122798
Elnatan Malul - Kol Haolam Kulo [Cover] (Single)		elnatan-malul-kol-haolam-kulo-cover-single	https://mostlymusic.com/cdn/shop/files/61227.mp3?v=4341795369142980029
Mendy Worch - Big Tzadik (Single)		copy-of-elazar-esterzon-chasidimlech-boys-choir-lecha-hashem-single	https://mostlymusic.com/cdn/shop/files/57387.mp3?v=13308043870587199376
David Shamula - Boi Kalah (Single)		david-shamula-boi-kalah-single	https://mostlymusic.com/cdn/shop/files/232323.mp3?v=14588210637428531463
DBM Studios - Wait & See (Single)		dbm-studios-wait-see-single	https://mostlymusic.com/cdn/shop/files/62697.mp3?v=6430226986284411765
Nussy Fuchs - Lev Tahor (Single)		nussy-fuchs-lev-tahor-single	https://mostlymusic.com/cdn/shop/files/58381.mp3?v=14526158701456512900
Chaim Israel - Beshetzef Ketzef [Cover] (Single)		haim-israel-beshetzef-ketzef-single	https://mostlymusic.com/cdn/shop/files/64142.mp3?v=8340923745982682368
Yehonathan Perez - Kemo Michtav (Single)		yehonathan-perez-kemo-michtav-single	https://mostlymusic.com/cdn/shop/files/61237.mp3?v=9681447374022394599
Simcha Leiner - Kein Yehi Ratzon (Single)		simcha-leiner-kein-yehi-ratzon-single	https://mostlymusic.com/cdn/shop/files/64141.mp3?v=11244824655028401417
Yishai Revivo - Tamid Bamilchamot (Single)		copy-of-nemouel-vata-amarta-cover-single	https://mostlymusic.com/cdn/shop/files/57385.mp3?v=4354818433663539426
Shmuel Harari - Olam Gadol (Single)		shmuel-harari-olam-gadol-single	https://mostlymusic.com/cdn/shop/files/59515.mp3?v=4453794921404180706
Derech Achim - Im Eshkachech		derech-achim-im-eshkachech	https://mostlymusic.com/cdn/shop/files/232314.mp3?v=2772384877148124275
Daniel Chait - One Step  (Single)		daniel-chait-one-step-single	https://mostlymusic.com/cdn/shop/files/58380.mp3?v=1441739901844662877
Meir Israel - Basof Zeh Rak Ani (Single)		meir-israel-basof-zeh-rak-ani-single	https://mostlymusic.com/cdn/shop/files/61229.mp3?v=4329419662625810702
Shmili Leifer, Don Stern & Malchus Choir - Chaim Ber's Modim (Single)		shmili-leifer-don-stern-malchus-choir-chaim-bers-modim-single	https://mostlymusic.com/cdn/shop/files/62674.mp3?v=14673957301052380725
Raphael Uzan - Bishvilcha Barati (Single)		raphael-uzan-bishvilcha-barati-single	https://mostlymusic.com/cdn/shop/files/59514.mp3?v=14362497128892489198
Motti Steinmetz - Haneshomo Bekirbi (Single)		motti-steinmetz-haneshomo-bekirbi-single	https://mostlymusic.com/cdn/shop/files/232318.mp3?v=15160421384224058907
Assaf Harush - Ad Lemala (Single)		assaf-harush-ad-lemala-single	https://mostlymusic.com/cdn/shop/files/61224.mp3?v=13821732051050739126
Shmili Landau - Hakufa Gimel (Single)		shmili-landau-hakufa-gimel-single	https://mostlymusic.com/cdn/shop/files/64140.mp3?v=3062835267148455943
Yossi Glanz - Tachzor Elai (Single)		yossi-glanz-tachzor-elai-single	https://mostlymusic.com/cdn/shop/files/62673.mp3?v=11562545866200731637
Chaim Bar Feat. Avi Babay - Le'an Od Nagia (Single)		chaim-bar-feat-avi-babay-lean-od-nagia-single	https://mostlymusic.com/cdn/shop/files/58379.mp3?v=207262883319011894
Shlomo Cohen - Ein Od Milvado (Single)		shlomo-cohen-ein-od-milvado-single	https://mostlymusic.com/cdn/shop/files/62672.mp3?v=13306603443875656198
Baryo - Lo Lefached (Single)		baryo-lo-lefached-single	https://mostlymusic.com/cdn/shop/files/61225.mp3?v=11001799630672481038
Gil Asher - Elecha Abba (Single)		copy-of-nachas-close-to-you-single	https://mostlymusic.com/cdn/shop/files/57382.mp3?v=13822724028936436116
Nemouel - V'Ata Amarta [Cover] (Single)		copy-of-gil-asher-elecha-abba-single	https://mostlymusic.com/cdn/shop/files/57383.mp3?v=16681007272809824536
Dudi Knopfler - Ki B’simcha		dudi-knopfler-ki-b-simcha	https://mostlymusic.com/cdn/shop/files/232311.mp3?v=6572242264944297010
David Simcha - Mazel Tov (Single)		david-simcha-mazel-tov-single	https://mostlymusic.com/cdn/shop/files/59512.mp3?v=16020130752664404420
Yair Shoval & Nemouel - Abba Ohev (Single)		yair-shoval-nemouel-abba-ohev-single	https://mostlymusic.com/cdn/shop/files/59516.mp3?v=7651244321667304432
Nachmy Glauber - Borei Olam Good Morning (Single)		nachmy-glauber-borei-olam-good-morning-single	https://mostlymusic.com/cdn/shop/files/61232.mp3?v=15072701281150900213
Zusha - Kos Yeshuos (Single)		zusha-kos-yeshuos-single	https://mostlymusic.com/cdn/shop/files/58378.mp3?v=288419440356922671
The Peshischa Song (Single)		the-peshischa-song-single	https://mostlymusic.com/cdn/shop/files/232312.mp3?v=9484042253731365230
Leiby Simonowits ft. Yedidim International - Veleyerushalaim Ircha (Single)		leiby-simonowits-ft-yedidim-international-veleyerushalaim-ircha-single	https://mostlymusic.com/cdn/shop/files/64128.mp3?v=2330015002500632472
Leiby Simonowits ft. Yedidim International - Veleyerushalaim Ircha (Single)		leiby-simonowits-ft-yedidim-international-veleyerushalaim-ircha-single	https://mostlymusic.com/cdn/shop/files/64129.mp3?v=15792886504235722293
Binyamin Guttman - Ogila (Single)		binyamin-guttman-ogila-single	https://mostlymusic.com/cdn/shop/files/64117.mp3?v=13467065669536455217
Moshe Feld - Lo Haya Stom (Single)		moshe-feld-lo-haya-stom-single	https://mostlymusic.com/cdn/shop/files/62671.mp3?v=6489434594716920854
Avishai - Yodea Nafshi (Single)		avishai-yodea-nafshi-single	https://mostlymusic.com/cdn/shop/files/59511.mp3?v=1001138405318072605
Shmueli Ungar, Naftali Schnitzler Production - Oct. 18 '21 (Wedding)		copy-of-levy-falkowitz-yanky-briskman-production-oct-17-21-rubinstein-wedding-1	https://mostlymusic.com/cdn/shop/files/57380.mp3?v=1443757050227956483
Shlepping Nachas - Going To Yerushalayim (Single)		shlepping-nachas-going-to-yerushalayim-single	https://mostlymusic.com/cdn/shop/files/61235.mp3?v=7317084305689773704
Baruch Naftel - Besoros Tovos		baruch-naftel-besoros-tovos	https://mostlymusic.com/cdn/shop/files/232309.mp3?v=6046318002532352577
Assaf Harush - En Sof (Single)		assaf-harush-en-sof-single	https://mostlymusic.com/cdn/shop/files/59510.mp3?v=12398114963985651498
Levy Falkowitz, Yanky Briskman Production - Oct. 17 '21 Rubinstein (Wedding)		copy-of-sruly-altman-boruch-yidey-gross-oct-25-21-agami-wedding	https://mostlymusic.com/cdn/shop/files/57379.mp3?v=13539907006964478512
Moshe Kahan - October Rain [Chuppa Version] (Single)		moshe-kahan-october-rain-chuppah-version-single	https://mostlymusic.com/cdn/shop/files/64116.mp3?v=12042238143123978364
Shaarei Arazim Yeshiva - Beneath The Struggle (Single)		beneath-the-struggle-single	https://mostlymusic.com/cdn/shop/files/23244096.mp3?v=11845210267529830567
Zanvil Weinberger - Ad Heina		zanvil-weinberger-ad-heina	https://mostlymusic.com/cdn/shop/files/232307.mp3?v=13955534607165271623
Baruch Levine - Afilu Echad (Single)		baruch-levine-afilu-echad-single	https://mostlymusic.com/cdn/shop/files/58376.mp3?v=15968526677556907492
Avi Reymi & Yair Bodenr ft. Yoeli Davidovich - Ve’anpaha Nehirin [Cover] (Single)		avi-reymi-yair-bodner-ft-yoeli-davidovich-ve-anpaha-nehirin-cover-single	https://mostlymusic.com/cdn/shop/files/62670.mp3?v=5875522382547253596
Sruly Green Feat. Melech Frank - I'm Very Busy (Single)		sruly-green-feat-melech-frank-im-very-busy-single	https://mostlymusic.com/cdn/shop/files/58377.mp3?v=727823310611371909
Netanel Bar Yochai - בהתבודדות (Single)		netanel-bar-yochai-single	https://mostlymusic.com/cdn/shop/files/64115.mp3?v=15208927796592943183
Avrumi Danziger ft. Zimra Choir & Hershy Fasten Prod. - Pre Dance [Medley] (Single)		avrumi-danziger-ft-zimra-choir-hershy-fasten-prod-pre-dance-medley-single	https://mostlymusic.com/cdn/shop/files/62669.mp3?v=16523153806457520654
Benny Friedman - Tu Tu Tu (Single)		benny-friedman-tu-tu-tu-single	https://mostlymusic.com/cdn/shop/files/61226.mp3?v=6390946074676499702
Naftali Kempeh, Motti Feldman & Motty Ilowitz - Zacharti (Single)		naftali-kempeh-motti-feldman-motty-ilowitz-zacharti-single	https://mostlymusic.com/cdn/shop/files/58374.mp3?v=4646257718050092970
Takshivu - Flickering Flame (Single)		takshivu-flickering-flame-single	https://mostlymusic.com/cdn/shop/files/59509.mp3?v=16770835296333296731
Avraham Fried - Deda Bey [Remix] (Single)		copy-of-eli-beer-ekrah-single	https://mostlymusic.com/cdn/shop/files/57378.mp3?v=7689752867853428066
Harav Shloime Taussig - Ein Gedula		harav-shloime-taussig-ein-gedula	https://mostlymusic.com/cdn/shop/files/323206.mp3?v=5972777994084780486
Nemouel - Sings Yossi Green [Live] (Single)		nemouel-sings-yossi-green-live-single	https://mostlymusic.com/cdn/shop/files/61234.mp3?v=12942439471402829886
Motty Ilowitz - Tu Bishvat (Single)		motty-ilowitz-tu-bishvat-single	https://mostlymusic.com/cdn/shop/files/59508.mp3?v=3994821125719393717
Hertzka Greenfeld - Lasos Retzoinchu Medley (Single)		hertzka-greenfeld-lasos-retzoinchu-medley-single	https://mostlymusic.com/cdn/shop/files/58373.mp3?v=17449214136335488063
Gavriel Shimonovich - Abba (Single)		gavriel-shimonovich-abba-single	https://mostlymusic.com/cdn/shop/files/64114.mp3?v=13111956149519940893
Nehoray Turgeman - Karav Oti Elecha (Single)		nehoray-turgeman-karav-oti-elecha-single	https://mostlymusic.com/cdn/shop/files/61233.mp3?v=6359174268538294257
Nossin Schwartzberg -  Koroiv Hashem		nossin-schwartzberg-koroiv-hashem	https://mostlymusic.com/cdn/shop/files/232306.mp3?v=9944075871133926834
Eli Beer - Ekrah (Single)		copy-of-yanky-ausch-yanky-daskal-mein-hartz-single	https://mostlymusic.com/cdn/shop/files/57377.mp3?v=1218181213840023111
Yechiel Schron - Modim Lach (Single)		yechiel-schron-modim-lach-single	https://mostlymusic.com/cdn/shop/files/62667.mp3?v=9544100874035526817
Noam Buskila - Et Achai (Single)		noam-buskila-et-achai-single	https://mostlymusic.com/cdn/shop/files/6411.mp3?v=44111
Geshmakapella - A Throwback Shavous Medley (Single)		geshmakapella-a-throwback-shavous-medley-single	https://mostlymusic.com/cdn/shop/files/58372.mp3?v=18008765293782986190
Shimmy Engel - Chaval (Single)		shimmy-engel-chaval-single	https://mostlymusic.com/cdn/shop/files/323203.mp3?v=8380704289248247421
Yanky Ausch & Yanky Daskal - Mein Hartz (Single)		copy-of-kol-chai-music-nagen-hamenagen-single	https://mostlymusic.com/cdn/shop/files/57376.mp3?v=15564115349475519579
Hershy Bleich - Yena Second (Single)		hershy-bleich-yena-second-single	https://mostlymusic.com/cdn/shop/files/64112.mp3?v=7760930024027989454
Beri Weber, Yedidim Choir & Shimmy Levy Production Jan. 11 '23 Berkowitz		beri-weber-yedidim-choir-shimmy-levy-production-jan-11-23-berkowitz	https://mostlymusic.com/cdn/shop/files/59507.mp3?v=7733916026105901662
Chaim Blumenfeld, The Shira Choir & Mez Production Jan. 3 '23		chaim-blumenfeld-the-shira-choir-mez-production-jan-3-23	https://mostlymusic.com/cdn/shop/files/59506.mp3?v=4779969458282458578
Boruch Sholom - Bunim (Single)		boruch-sholom-bunim-single	https://mostlymusic.com/cdn/shop/files/62666.mp3?v=7354873791822953223
Mūntii & Alex Clare - Unstoppable [Trance Edit] (Single)		muntii-alex-clare-unstoppable-trance-edit-single	https://mostlymusic.com/cdn/shop/files/61231.mp3?v=7529970863320934966
Yoely Brown - Sibat Hasibot [Cover] (Single)		copy-of-dudi-knopfler-tatte-cover-single	https://mostlymusic.com/cdn/shop/files/57374.mp3?v=12334755222669429933
Dovy Meisels - S'Kimt Shabbos (Single)		dovy-meisels-skimt-shabbos-single	https://mostlymusic.com/cdn/shop/files/62668.mp3?v=9834529735039332405
Yoely & Shaya - Rachmunes		yoely-shaya-rachmunes	https://mostlymusic.com/cdn/shop/files/323202.mp3?v=9145946399185957976
Yehonatan Ben Ezra - Kulam Beyachad (Single)		yehonatan-ben-ezra-kulam-beyachad-single	https://mostlymusic.com/cdn/shop/files/58370.mp3?v=4886224729048851606
Mendy Weiss - Hoshiu Nu (Single)		mendy-weiss-hoshiu-nu-single	https://mostlymusic.com/cdn/shop/files/64111.mp3?v=3891990456252249631
Kobi Grinboim - Shelosh Esreh (Single)		kobi-grinboim-shelosh-esreh-single	https://mostlymusic.com/cdn/shop/files/61228.mp3?v=15792341771653973232
Yossi Perl - Classics: Kempeh Edition [Live] (Single)		yossi-perl-classics-kempeh-edition-single	https://mostlymusic.com/cdn/shop/files/64110.mp3?v=1129206049979313677
Dudi Knopfler - Tatte [Cover] (Single)		copy-of-avraham-fried-nigun-tzemach-tzedek-cover-single	https://mostlymusic.com/cdn/shop/files/57373.mp3?v=3145673300057490088
Aaron, Yonatan, Micha & Yehuda Razel - Ima Ima (Single)		aaron-yonatan-micha-yehuda-razel-ima-ima-single	https://mostlymusic.com/cdn/shop/files/62664.mp3?v=10581570626169103426
Olturix - Hello Pharaoh (Single)		olturix-hello-pharaoh-single	https://mostlymusic.com/cdn/shop/files/323201.mp3?v=759937703128536728
Yakov Shlomo Gross feat. Malchus Choir & Child Soloist Bentzy Kletzkin - Kabulas Hatorah (Single)		yakov-shlomo-gross-feat-malchus-choir-child-soloist-bentzy-kletzkin-kabulas-hatorah-single	https://mostlymusic.com/cdn/shop/files/58369.mp3?v=44111
Bentzy Weberman, The Shira Choir & Yoely Fischer Production Dec. 6 '22 Moskowitz		bentzy-weberman-the-shira-choir-yoely-fischer-production-dec-6-22-moskowitz	https://mostlymusic.com/cdn/shop/files/59476.mp3?v=2044303195222061150
Shimi Yunayev - Yad Beyad (Single)		shimi-yunayev-yad-beyad-single	https://mostlymusic.com/cdn/shop/files/61221.mp3?v=1929570881007340658
Sruly Altman, Boruch Yidey Gross - Oct. 25 '21 Agami (Wedding)		copy-of-aug-12-21-surkis-lipa-schmeltzer-avrum-dovid-lunger-production-wedding	https://mostlymusic.com/cdn/shop/files/57372.mp3?v=10415182294004878784
Simche Friedman - Roeh Echod (Single)		simche-friedman-roeh-echod-single	https://mostlymusic.com/cdn/shop/files/58368.mp3?v=3036973806952954728
Shimmy Klein & Duvid Klein - Achoseinu [Cover] (Single)		shimmy-klein-duvid-klein-achoseinu-cover-single	https://mostlymusic.com/cdn/shop/files/64109.mp3?v=7968010695275330687
Mendy Weiss, Suchi Goldstein, Tzvika Bender, Hershy Segal, Shmulik Luterman, Chesky Katz & Ushi Korman - Esa Einai [Cover] (Single)		mendy-weiss-suchi-goldstein-tzvika-bender-hershy-segal-shmulik-luterman-chesky-katz-ushi-korman-esa-einai-cover-single	https://mostlymusic.com/cdn/shop/files/61220.mp3?v=2280578586042690895
Yonatan Shainfeld - Metziut Acheret (Single)		yonatan-shainfeld-metziut-acheret-single	https://mostlymusic.com/cdn/shop/files/62663.mp3?v=11580142065556472500
Motty Breier Productions, Lipa Schmeltzer, Suscher Guttman & The Shira Choir Jan. 9 '23 Kahana		motty-breier-productions-lipa-schmeltzer-suscher-guttman-the-shira-choir-jan-9-23-kahana	https://mostlymusic.com/cdn/shop/files/59477.mp3?v=4275855871361748978
Motty Breier Productions, Lipa Schmeltzer, Suscher Guttman & The Shira Choir Jan. 9 '23 Kahana		motty-breier-productions-lipa-schmeltzer-suscher-guttman-the-shira-choir-jan-9-23-kahana	https://mostlymusic.com/cdn/shop/files/59478.mp3?v=14983549212739608552
Motty Breier Productions, Lipa Schmeltzer, Suscher Guttman & The Shira Choir Jan. 9 '23 Kahana		motty-breier-productions-lipa-schmeltzer-suscher-guttman-the-shira-choir-jan-9-23-kahana	https://mostlymusic.com/cdn/shop/files/59479.mp3?v=14415582855792692173
Motty Breier Productions, Lipa Schmeltzer, Suscher Guttman & The Shira Choir Jan. 9 '23 Kahana		motty-breier-productions-lipa-schmeltzer-suscher-guttman-the-shira-choir-jan-9-23-kahana	https://mostlymusic.com/cdn/shop/files/59480.mp3?v=13151608065191219219
Motty Breier Productions, Lipa Schmeltzer, Suscher Guttman & The Shira Choir Jan. 9 '23 Kahana		motty-breier-productions-lipa-schmeltzer-suscher-guttman-the-shira-choir-jan-9-23-kahana	https://mostlymusic.com/cdn/shop/files/59481.mp3?v=4581357966960378754
Motty Breier Productions, Lipa Schmeltzer, Suscher Guttman & The Shira Choir Jan. 9 '23 Kahana		motty-breier-productions-lipa-schmeltzer-suscher-guttman-the-shira-choir-jan-9-23-kahana	https://mostlymusic.com/cdn/shop/files/59482.mp3?v=206398223690777279
Motty Breier Productions, Lipa Schmeltzer, Suscher Guttman & The Shira Choir Jan. 9 '23 Kahana		motty-breier-productions-lipa-schmeltzer-suscher-guttman-the-shira-choir-jan-9-23-kahana	https://mostlymusic.com/cdn/shop/files/59483.mp3?v=7272886198087279194
Motty Breier Productions, Lipa Schmeltzer, Suscher Guttman & The Shira Choir Jan. 9 '23 Kahana		motty-breier-productions-lipa-schmeltzer-suscher-guttman-the-shira-choir-jan-9-23-kahana	https://mostlymusic.com/cdn/shop/files/59484.mp3?v=901153607206201176
Motty Breier Productions, Lipa Schmeltzer, Suscher Guttman & The Shira Choir Jan. 9 '23 Kahana		motty-breier-productions-lipa-schmeltzer-suscher-guttman-the-shira-choir-jan-9-23-kahana	https://mostlymusic.com/cdn/shop/files/59485.mp3?v=9904487230284892239
Motty Breier Productions, Lipa Schmeltzer, Suscher Guttman & The Shira Choir Jan. 9 '23 Kahana		motty-breier-productions-lipa-schmeltzer-suscher-guttman-the-shira-choir-jan-9-23-kahana	https://mostlymusic.com/cdn/shop/files/59486.mp3?v=18432639759084762868
Motty Breier Productions, Lipa Schmeltzer, Suscher Guttman & The Shira Choir Jan. 9 '23 Kahana		motty-breier-productions-lipa-schmeltzer-suscher-guttman-the-shira-choir-jan-9-23-kahana	https://mostlymusic.com/cdn/shop/files/59487.mp3?v=11746543571393291028
Motty Breier Productions, Lipa Schmeltzer, Suscher Guttman & The Shira Choir Jan. 9 '23 Kahana		motty-breier-productions-lipa-schmeltzer-suscher-guttman-the-shira-choir-jan-9-23-kahana	https://mostlymusic.com/cdn/shop/files/59488.mp3?v=15498683589223631084
Motty Breier Productions, Lipa Schmeltzer, Suscher Guttman & The Shira Choir Jan. 9 '23 Kahana		motty-breier-productions-lipa-schmeltzer-suscher-guttman-the-shira-choir-jan-9-23-kahana	https://mostlymusic.com/cdn/shop/files/59489.mp3?v=6362519331260595568
Motty Breier Productions, Lipa Schmeltzer, Suscher Guttman & The Shira Choir Jan. 9 '23 Kahana		motty-breier-productions-lipa-schmeltzer-suscher-guttman-the-shira-choir-jan-9-23-kahana	https://mostlymusic.com/cdn/shop/files/59490.mp3?v=11000203995340822378
Motty Breier Productions, Lipa Schmeltzer, Suscher Guttman & The Shira Choir Jan. 9 '23 Kahana		motty-breier-productions-lipa-schmeltzer-suscher-guttman-the-shira-choir-jan-9-23-kahana	https://mostlymusic.com/cdn/shop/files/59491.mp3?v=13070867479338276743
Motty Breier Productions, Lipa Schmeltzer, Suscher Guttman & The Shira Choir Jan. 9 '23 Kahana		motty-breier-productions-lipa-schmeltzer-suscher-guttman-the-shira-choir-jan-9-23-kahana	https://mostlymusic.com/cdn/shop/files/59492.mp3?v=2759283455704202024
Motty Breier Productions, Lipa Schmeltzer, Suscher Guttman & The Shira Choir Jan. 9 '23 Kahana		motty-breier-productions-lipa-schmeltzer-suscher-guttman-the-shira-choir-jan-9-23-kahana	https://mostlymusic.com/cdn/shop/files/59493.mp3?v=1442827568294618821
Motty Breier Productions, Lipa Schmeltzer, Suscher Guttman & The Shira Choir Jan. 9 '23 Kahana		motty-breier-productions-lipa-schmeltzer-suscher-guttman-the-shira-choir-jan-9-23-kahana	https://mostlymusic.com/cdn/shop/files/59494.mp3?v=11519364788660351000
Motty Breier Productions, Lipa Schmeltzer, Suscher Guttman & The Shira Choir Jan. 9 '23 Kahana		motty-breier-productions-lipa-schmeltzer-suscher-guttman-the-shira-choir-jan-9-23-kahana	https://mostlymusic.com/cdn/shop/files/59495.mp3?v=2367707555402994823
Motty Breier Productions, Lipa Schmeltzer, Suscher Guttman & The Shira Choir Jan. 9 '23 Kahana		motty-breier-productions-lipa-schmeltzer-suscher-guttman-the-shira-choir-jan-9-23-kahana	https://mostlymusic.com/cdn/shop/files/59496.mp3?v=13799768758860734219
Motty Breier Productions, Lipa Schmeltzer, Suscher Guttman & The Shira Choir Jan. 9 '23 Kahana		motty-breier-productions-lipa-schmeltzer-suscher-guttman-the-shira-choir-jan-9-23-kahana	https://mostlymusic.com/cdn/shop/files/59497.mp3?v=11892691923613492134
Motty Breier Productions, Lipa Schmeltzer, Suscher Guttman & The Shira Choir Jan. 9 '23 Kahana		motty-breier-productions-lipa-schmeltzer-suscher-guttman-the-shira-choir-jan-9-23-kahana	https://mostlymusic.com/cdn/shop/files/59498.mp3?v=8956464213237847113
Motty Breier Productions, Lipa Schmeltzer, Suscher Guttman & The Shira Choir Jan. 9 '23 Kahana		motty-breier-productions-lipa-schmeltzer-suscher-guttman-the-shira-choir-jan-9-23-kahana	https://mostlymusic.com/cdn/shop/files/59499.mp3?v=11285123645076153851
Motty Breier Productions, Lipa Schmeltzer, Suscher Guttman & The Shira Choir Jan. 9 '23 Kahana		motty-breier-productions-lipa-schmeltzer-suscher-guttman-the-shira-choir-jan-9-23-kahana	https://mostlymusic.com/cdn/shop/files/59500.mp3?v=8695242811991507572
Motty Breier Productions, Lipa Schmeltzer, Suscher Guttman & The Shira Choir Jan. 9 '23 Kahana		motty-breier-productions-lipa-schmeltzer-suscher-guttman-the-shira-choir-jan-9-23-kahana	https://mostlymusic.com/cdn/shop/files/59501.mp3?v=6566602854503735299
Motty Breier Productions, Lipa Schmeltzer, Suscher Guttman & The Shira Choir Jan. 9 '23 Kahana		motty-breier-productions-lipa-schmeltzer-suscher-guttman-the-shira-choir-jan-9-23-kahana	https://mostlymusic.com/cdn/shop/files/59502.mp3?v=16370893680797389643
Motty Breier Productions, Lipa Schmeltzer, Suscher Guttman & The Shira Choir Jan. 9 '23 Kahana		motty-breier-productions-lipa-schmeltzer-suscher-guttman-the-shira-choir-jan-9-23-kahana	https://mostlymusic.com/cdn/shop/files/59503.mp3?v=13178322162126984489
Motty Breier Productions, Lipa Schmeltzer, Suscher Guttman & The Shira Choir Jan. 9 '23 Kahana		motty-breier-productions-lipa-schmeltzer-suscher-guttman-the-shira-choir-jan-9-23-kahana	https://mostlymusic.com/cdn/shop/files/59504.mp3?v=17811216128711064998
Shlomo Stauber - Ani Maamin (Single)		shlomo-stauber-ani-maamin-single	https://mostlymusic.com/cdn/shop/files/64108.mp3?v=10472012046805499080
Shmuel Perednik  - Taatzru Et Haolam (Single)		shmuel-perednik-taatzru-et-haolam-single	https://mostlymusic.com/cdn/shop/files/58367.mp3?v=14403364167400843672
Avraham Fried - Nigun Tzemach Tzedek [Cover] (Single)		copy-of-shuli-rand-giliti-mchadash-single	https://mostlymusic.com/cdn/shop/files/57371.mp3?v=11745849012672461116
Eliyahu Perets - Toda L'Aba (Single)		eliyahu-perets-toda-laba-single	https://mostlymusic.com/cdn/shop/files/61219.mp3?v=1215167670325916039
Yohan Michael - Od Yishama (Single)		yohan-michael-od-yishama	https://mostlymusic.com/cdn/shop/files/101049.mp3?v=14441888621166659433
Shea Berko, The Shira Choir & Avrumi Berko Production Jan. 15 '23		shea-berko-the-shira-choir-avrumi-berko-production-jan-15-23	https://mostlymusic.com/cdn/shop/files/59475.mp3?v=13617253051227227857
Zrilly Werzberger, Lev Choir & Motty Breier Production Jan. 8 '23 Werzberger		zrilly-werzberger-lev-choir-motty-breier-production-jan-8-23-werzberger	https://mostlymusic.com/cdn/shop/files/59474.mp3?v=11238855833931529994
Menachem Levy - Boi Kalah (Single)		menachem-levy-boi-kalah-single	https://mostlymusic.com/cdn/shop/files/101046.mp3?v=5027891031846615109
Yochanan Uri ft. All Star - Yiddishe Beat (Single)		yochanan-uri-ft-all-star-yiddishe-beat-single	https://mostlymusic.com/cdn/shop/files/62633.mp3?v=11406685841523991718
Moishe Molomovsky - קיינמאל נישט מער [Cover] (Single)		moishe-molomovsky-cover-single	https://mostlymusic.com/cdn/shop/files/64107.mp3?v=11400004945484428534
Menachem Shukrun - Hasheket Adayin Lo Bo (Single)		menachem-shukrun-hasheket-adayin-lo-bo-single	https://mostlymusic.com/cdn/shop/files/61218.mp3?v=13215703141115303496
Ari Samet & Gershy Schwarcz - Double The Knobal (Single)		ari-samet-gershy-schwarcz-double-the-knobal	https://mostlymusic.com/cdn/shop/files/62620.mp3?v=12610670778887989206
Shuli Rand - Giliti M'chadash (Single)		copy-of-ahrele-samet-av-harachamim-single	https://mostlymusic.com/cdn/shop/files/57370.mp3?v=13689456762960435951
Ari Hill & Neshama Choir - Kel Mistater (Single)		ari-hill-neshama-choir-kel-mistater-single	https://mostlymusic.com/cdn/shop/files/59467.mp3?v=506917831828299660
Yaakov Israel - Hakol Tov Achi (Single)		yaakov-israel-hakol-tov-achi-single	https://mostlymusic.com/cdn/shop/files/59473.mp3?v=3692522439530636891
Ahrele Samet - Av Harachamim (Single)		ahrele-samet-av-harachamim-single	https://mostlymusic.com/cdn/shop/files/57369.mp3?v=638875743904385049
Abish Brodt - Tzvi (Single)		abish-brodt-tzvi-single	https://mostlymusic.com/cdn/shop/files/58365.mp3?v=10997522290489362461
8th Day ft. Yigal - Smile [Remix] (Single)		8th-day-yigal-smile-remix-single	https://mostlymusic.com/cdn/shop/files/64106.mp3?v=2451741336418704139
Shauli - B'shir		shauli-bshir	https://mostlymusic.com/cdn/shop/files/101044.mp3?v=8164340597504840555
New York Boys Choir - Light Up (Single)		new-york-boys-choir-light-up-single	https://mostlymusic.com/cdn/shop/files/101043.mp3?v=15727706564617717222
Yoiny Fischer ft. All Star - Purim 2024 (Single)		yoiny-fischer-ft-all-star-purim-2024-single	https://mostlymusic.com/cdn/shop/files/62619.mp3?v=10485446361610687820
Lipa Schmeltzer, Avrum Dovid Lunger Production - Aug 12 '21 Surkis (Wedding)		aug-12-21-surkis-lipa-schmeltzer-avrum-dovid-lunger-production-wedding	https://mostlymusic.com/cdn/shop/files/57368.mp3?v=16698495217170912656
Tzviki Rand - Aromimcha [Cover] (Single)		tzviki-rand-aromimcha-cover-single	https://mostlymusic.com/cdn/shop/files/61217.mp3?v=17710887883997260010
Sruly Green & Kalmey Schwartz ft. Melech Frank - A Yiddish Tantz (Single)		sruly-green-kalmey-schwartz-ft-melech-frank-a-yiddishe-tantz-single	https://mostlymusic.com/cdn/shop/files/62618.mp3?v=2005903748497885007
Eli Herzlich - Kol Tefilotai (Single)		eli-herzlich-kol-tefilotai-single	https://mostlymusic.com/cdn/shop/files/57367.mp3?v=8166077432738190544
Chanoch - Ogen (Single)		chanoch-ogen-single	https://mostlymusic.com/cdn/shop/files/61216.mp3?v=10768427945292757374
Israel Portnoy - Geshem (Single)		israel-portnoy-geshem-single	https://mostlymusic.com/cdn/shop/files/64105.mp3?v=12631616353651594788
Yehuda Shama - Ohr (Single)		yehuda-shama-ohr-single	https://mostlymusic.com/cdn/shop/files/58350.mp3?v=8532830052442708090
Yitzy Lindner - A Million Dreams (Single)		yitzy-lindner-a-million-dreams-single	https://mostlymusic.com/cdn/shop/files/58351.mp3?v=11097016470537435021
Eitan Cohen - Ata Kan (Single)		eitan-cohen-ata-kan-single	https://mostlymusic.com/cdn/shop/files/64104.mp3?v=13039394158866281642
Meir Yisrael - Aluf (Single)		meir-yisrael-aluf-single	https://mostlymusic.com/cdn/shop/files/59471.mp3?v=10385490342828072507
Sarel Sofer - Shamayim Mele'im Tfilot (Single)		sarel-sofer-shamayim-meleim-tfilot-single	https://mostlymusic.com/cdn/shop/files/58349.mp3?v=3234780804836736729
Raykum Al T'shivaynu		raykum-al-tshivaynu	https://mostlymusic.com/cdn/shop/files/101032.mp3?v=6999532257668149160
Hanan Ben Ari - Ela Bi [Remixed By Gil Lugasy] (Single)		hanan-ben-ari-ela-bi-remixed-by-gil-lugasy-single	https://mostlymusic.com/cdn/shop/files/59469.mp3?v=10684203482917189227
Mordechai Shapiro - Umibaladecha (Single)		mordechai-shapiro-umibaladecha-single	https://mostlymusic.com/cdn/shop/files/61208.mp3?v=13166555323993286705
Yossi Fulop & Isaac Gluck - Bahoften Purim Song '24 (Single)		yossi-fulop-isaac-gluck-bahoften-purim-song-24-single	https://mostlymusic.com/cdn/shop/files/62603.mp3?v=11725850965776423801
Shmili Steinmetz - Ashrei Mi (Single)		shmili-steinmetz-ashrei-mi-single	https://mostlymusic.com/cdn/shop/files/101030.mp3?v=7995411803494614557
Ari Goldwag & Elad Amedi - Tikvah Gedolah (Single)		ari-goldwag-elad-amedi-tikvah-gedolah-single	https://mostlymusic.com/cdn/shop/files/64036.mp3?v=18285777738004063660
Yossi Fulop & Isaac Gluck - Bekesher Purim Song '24 (Single)		yossi-fulop-isaac-gluck-bekesher-purim-song-24-single	https://mostlymusic.com/cdn/shop/files/62602.mp3?v=12163680321406273092
Meir Brook - Tagidu Mazal Tov (Single)		meir-brook-tagidu-mazal-tov-single	https://mostlymusic.com/cdn/shop/files/61205.mp3?v=14091616650004111021
Natan Dei - Shirat Malachim (Single)		natan-dei-shirat-malachim-single	https://mostlymusic.com/cdn/shop/files/58348.mp3?v=14669787668718220633
Avremi Roth - Ki Savou El Haaretz (Single)		avremi-roth-ki-savou-el-haaretz-single	https://mostlymusic.com/cdn/shop/files/57366.mp3?v=16540957244274470412
Eli Herzlich & Zion Golan - Yismach Chatani [Remixed By DJ Niso Slob] (Single)		eli-herzlich-zion-golan-yismach-chatani-remixed-by-dj-niso-slob-single	https://mostlymusic.com/cdn/shop/files/59468.mp3?v=11119947448765550745
Sruly Green - Farbrengen (Single)		sruly-green-farbrengen-single	https://mostlymusic.com/cdn/shop/files/62601.mp3?v=18375485830983944654
Boruch Sholom - Mechadesh (Single)		boruch-sholom-mechadesh-single	https://mostlymusic.com/cdn/shop/files/61200.mp3?v=14510074687617991135
Nissim Black - Higher (Single)		nissim-black-higher-single	https://mostlymusic.com/cdn/shop/files/23244083.mp3?v=2628283957525512605
Shalsheles - Avinu Malkeinu		shalsheles-avinu-malkeinu	https://mostlymusic.com/cdn/shop/files/101029.mp3?v=1234126002952857409
Shalom Bernholtz - Aval B'Emes (Single)		shalom-bernholtz-aval-bemes-single	https://mostlymusic.com/cdn/shop/files/59472.mp3?v=2968502412247978084
Levine & Leiner - Veharev Na (Single)		levine-leiner-gemara	https://mostlymusic.com/cdn/shop/files/101025.mp3?v=5037292065624357874
Eyel Twito - Rega LaNeshama (Single)		eyel-twito-rega-laneshama-single	https://mostlymusic.com/cdn/shop/files/62665.mp3?v=14982211731304149878
Mendel Roth - Ani Ratz Lakrav (Single)		mendel-roth-ani-ratz-lakrav-single	https://mostlymusic.com/cdn/shop/files/64069.mp3?v=17387281878325299633
Bracha Jaffe & Shaindy Plotzker - Never Alone (Single)		bracha-jaffe-shaindy-plotzker-never-alone-single	https://mostlymusic.com/cdn/shop/files/23244080.mp3?v=11610478005807719740
Moshe Schneider - Omdot (Single)		moshe-schneider-omdot-single	https://mostlymusic.com/cdn/shop/files/58347.mp3?v=2432579489290727245
Itzik Orlev - Olam Chadash [Remixed By DJ Niso Slob & Amiran Ben Lulu] (Single)		itzik-orlev-olam-chadash-remixed-by-dj-niso-slob-amiran-ben-lulu-single	https://mostlymusic.com/cdn/shop/files/58346.mp3?v=13488239109523244449
Yaakov Rosenblum - Beyom Shabbos (Single)		yaakov-rosenblum-beyom-shabbos-single	https://mostlymusic.com/cdn/shop/files/64025.mp3?v=1245297278037443429
Benny Friedman - Orayso  (Single)		benny-friedman-orayso-single	https://mostlymusic.com/cdn/shop/files/23244078.mp3?v=12297699811013153604
Nussi Liberman - Milim (Single)		nussi-liberman-milim-single	https://mostlymusic.com/cdn/shop/files/61211.mp3?v=16104650724055509534
DJ Farbreng Ft. Moshe Storch & Sruly Green - Yismach Moshe (Single)		dj-farbreng-ft-moshe-storch-sruly-green-yismach-moshe-single	https://mostlymusic.com/cdn/shop/files/59466.mp3?v=16613550519471688471
Benny Friedman - Lichtig Un Varem/ליכטיג און וואַרעם (Single)		benny-friedman-lichtig-un-varem-single	https://mostlymusic.com/cdn/shop/files/2323452.mp3?v=16899739794075193572
Dj Ancii ft. Yoely Greenfeld - Beatz (Single)		dj-ancii-ft-yoely-greenfeld-beatz-single	https://mostlymusic.com/cdn/shop/files/62599.mp3?v=1033267453327660098
Yanky Briskman ft. All Star - Purim Wedding Mix 2024 (Single)		yanky-briskman-ft-all-star-purim-wedding-mix-2024-single	https://mostlymusic.com/cdn/shop/files/62600.mp3?v=8966306740398244399
Sruli Broncher Ft. Elazar & Grayman - Hafgana (Single)		sruli-broncher-ft-elazar-grayman-hafgana-single	https://mostlymusic.com/cdn/shop/files/61215.mp3?v=16307714384549282658
Shmulik Lunger, Ahrele Samet, Yoeli Klein & Avremi Lunger - Haoseh Gedolos (Single)		shmulik-lunger-ahrele-samet-yoeli-klein-avremi-lunger-haoseh-gedolos-single	https://mostlymusic.com/cdn/shop/files/59465.mp3?v=11697713894494878215
Shia Fried - Vetaher Libeinu (Single)		shia-fried-vetaher-libeinu-single	https://mostlymusic.com/cdn/shop/files/64012.mp3?v=10232275188122101049
Benny Friedman - Besefer Chaim (Single)		benny-friedman-besefer-chaim-single	https://mostlymusic.com/cdn/shop/files/101023.mp3?v=9188328929832682017
Yoeli Klein & Shaye Gross - M'Darf Du Yeshios (Single)		yoeli-klein-shaye-gross-mdarf-du-yeshios-single	https://mostlymusic.com/cdn/shop/files/62598.mp3?v=9637221683620594001
Nerya Angel - Tagid Toda  (Single)		nerya-angel-tagid-toda-single	https://mostlymusic.com/cdn/shop/files/23244077.mp3?v=5550441835272255238
Tal Vaknin Feat. DJ Niv Edri - Yerushalayim Shel Zahav 2.0 (Single)		tal-vaknin-feat-dj-niv-edri-yerushalayim-shel-zahav-2-0-single	https://mostlymusic.com/cdn/shop/files/58297.mp3?v=1346717048463459856
Shuki Salomon & Kobi Brummer ft. Yishai Lapidot - Shir HaEmunah (Single)		shuki-salomon-kobi-brummer-ft-yishai-lapidot-shir-haemunah-single	https://mostlymusic.com/cdn/shop/files/61212.mp3?v=3419584145360279927
Bracha Jaffe - This One  (Single)		bracha-jaffe-this-one-single	https://mostlymusic.com/cdn/shop/files/23244076.mp3?v=9114538723795296401
Harel Tal - Ve'ata Berahamecha (Single)		harel-tal-veata-berahamecha-single	https://mostlymusic.com/cdn/shop/files/58345.mp3?v=18030161279560006334
Mendy Shapiro - Kivinu (Single)		mendy-shapiro-kivinu-single	https://mostlymusic.com/cdn/shop/files/64011.mp3?v=8617363559802777432
Ruli Dikman - Chazak Lanetzach (Single)		ruli-dikman-chazak-lanetzach-single	https://mostlymusic.com/cdn/shop/files/64010.mp3?v=7006349086856585943
The Loop - Listen! Laugh! Learn! (Free Album)		the-circle-the-loop-free-album	https://mostlymusic.com/cdn/shop/files/59454.mp3?v=17085914335602145461
The Loop - Listen! Laugh! Learn! (Free Album)		the-circle-the-loop-free-album	https://mostlymusic.com/cdn/shop/files/59455.mp3?v=8998314396865793043
The Loop - Listen! Laugh! Learn! (Free Album)		the-circle-the-loop-free-album	https://mostlymusic.com/cdn/shop/files/59456.mp3?v=3806064750464421787
The Loop - Listen! Laugh! Learn! (Free Album)		the-circle-the-loop-free-album	https://mostlymusic.com/cdn/shop/files/59457.mp3?v=16411795902307870883
Uzi Bodner - Rifaeynu (Single)		uzi-bodner-rifaeynu-single	https://mostlymusic.com/cdn/shop/files/101022.mp3?v=16176219792254699809
Baruch Levine - Maoz Tzur [Live] (Single)		baruch-levine-maoz-tzur-live-single	https://mostlymusic.com/cdn/shop/files/64009.mp3?v=9961693179389074596
Simcha Leiner - Milmala (Single)		simcha-leiner-milmala-single	https://mostlymusic.com/cdn/shop/files/58296.mp3?v=2227618084609740743
Michael Azulay - Siman (Single)		michael-azulay-siman-single	https://mostlymusic.com/cdn/shop/files/61206.mp3?v=1404260112741655158
Yossele Rosenblatt - Areshes (Single)		yossele-rosenblatt-areshes-single	https://mostlymusic.com/cdn/shop/files/101021.mp3?v=21171645808688917
Michoel Schnitzler Ft. Yossi Lauber - Tears On Paper (Single)		michoel-schnitzler-ft-yossi-lauber-tears-on-paper-single	https://mostlymusic.com/cdn/shop/files/59428.mp3?v=8638341564989612018
Eli Dachs - Ma Rabu (Single)		eli-dachs-ma-rabu-single	https://mostlymusic.com/cdn/shop/files/23244075.mp3?v=14708160674626781082
Haim Israel - Halev Yodea (Single)		haim-israel-halev-yodea-single	https://mostlymusic.com/cdn/shop/files/23244074.mp3?v=6421836311920775177
Avraham Cohen - Ben Shel Melech (Single)		avraham-cohen-ben-shel-melech-single	https://mostlymusic.com/cdn/shop/files/61199.mp3?v=5392775924397743617
Zrilly Werzberger - Track 2 [Medley] (Single)		zrilly-werzberger-track-2-medley-single	https://mostlymusic.com/cdn/shop/files/62596.mp3?v=3851227881403344627
Chaim Brown, Yedidim Choir & Yeedle Kahan Productions Dec 13 '22 Berger		chaim-brown-yedidim-choir-yeedle-kahan-productions-dec-13-22-berger	https://mostlymusic.com/cdn/shop/files/59429.mp3?v=9041381358813292265
Moishy Schwartz & Mechel Mandel - Bakol Mikol Kol (Single)		moishy-schwartz-mechel-mandel-bakol-mikol-kol-single	https://mostlymusic.com/cdn/shop/files/62597.mp3?v=17292618853817274810
Avi Man Feat. Shir V'Shevach Boys Choir - Kad Yasvun (Single)		avi-man-feat-shir-vshevach-boys-choir-kad-yasvun-single	https://mostlymusic.com/cdn/shop/files/58295.mp3?v=12425803832027653438
Naftali Kempeh - Baal Habira (Single)		naftali-kempeh-baal-habira-single	https://mostlymusic.com/cdn/shop/files/64008.mp3?v=15785201812125048528
Avrumie Vinagray - Veyeda (Single)		avrumie-vinagray-veyeda-single	https://mostlymusic.com/cdn/shop/files/101020.mp3?v=17468012931218986292
Moishy Schwartz - Tentzele (Single)		moishy-schwartz-tentzele-single	https://mostlymusic.com/cdn/shop/files/61207.mp3?v=8594149278441803863
Isaac Honig - U'mishefa (Single)		isaac-honig-umishefa-single	https://mostlymusic.com/cdn/shop/files/59427.mp3?v=665640193603077092
Raphael Uzan - Ana Bechasdecha (Single)		raphael-uzan-ana-bechasdecha-single	https://mostlymusic.com/cdn/shop/files/58261.mp3?v=8432106975719825011
Shuky Sadon - Kulam Rokdim (Single)		shuky-sadon-kulam-rokdim-single	https://mostlymusic.com/cdn/shop/files/101017.mp3?v=11339536189753314815
Naftali Kempeh - Thinking Of Yerushalayim (Single)		naftali-kempeh-thinking-of-yerushalayim-single	https://mostlymusic.com/cdn/shop/files/23244072.mp3?v=4907385287471833386
Gad Elbaz & Benny Michaeli - Yavo Hayom (Single)		gad-elbaz-benny-michaeli-yavo-hayom-single	https://mostlymusic.com/cdn/shop/files/58260.mp3?v=15172964275840986721
Eyel Twito - Kapayim Lashamayim (Single)		eyel-twito-kapayim-lashamayim-single	https://mostlymusic.com/cdn/shop/files/61203.mp3?v=8549982289237597792
DJ Akiva Hammond & DJ Kunst - Purim 2024 MusicOnTime DJ Mix (Single)		dj-akiva-hammond-dj-kunst-purim-2024-musicontime-dj-mix-single	https://mostlymusic.com/cdn/shop/files/62595.mp3?v=9148056774099814738
Jerusalem Boy’s Choir - Shar Rochni (Single)		jerusalem-boy-s-choir-shar-rochni-single	https://mostlymusic.com/cdn/shop/files/23244070.mp3?v=2139375190585523584
Aneini Bezchis Rabbeini (Single)		aneini-bezchis-rabbeini-single	https://mostlymusic.com/cdn/shop/files/101016.mp3?v=13815350292208973258
Ushi Rosenbaum Ft. Shmilly Rothschild, Hershy Rosenbaum & Ephraim Phillip - A Gitten Purim (Single)		ushi-rosenbaum-ft-shmilly-rothschild-hershy-rosenbaum-ephraim-phillip-a-gitten-purim-single	https://mostlymusic.com/cdn/shop/files/62594.mp3?v=5630789068630553888
Mendy Portnoy - Oh Chanukah! (Single)		mendy-portnoy-oh-chanukah-single	https://mostlymusic.com/cdn/shop/files/64006.mp3?v=5212408886548271331
Shea Kaller Band - Chanuka Instrumental [Live] (Single)		shea-kaller-band-chanuka-instrumental-single	https://mostlymusic.com/cdn/shop/files/64007.mp3?v=891447417470091707
Ahrele Samet - Modim (Single)		ahrele-samet-modim-single	https://mostlymusic.com/cdn/shop/files/59426.mp3?v=620216613104886769
Duvid Fried Ft. Gershi Uri & Menagen Choir - Geula Energy (Single)		duvid-fried-ft-gershi-uri-menagen-choir-geula-energy-single	https://mostlymusic.com/cdn/shop/files/62592.mp3?v=9558071699609077440
Tal Vaknin - Lamadeti (Single)		tal-vaknin-lamadeti-single	https://mostlymusic.com/cdn/shop/files/59424.mp3?v=11724695844849544203
Simcha Abramczik & Shloime Bernstein - Hoyu Hoyva (Single)		simcha-abramczik-shloime-bernstein-hoyu-hoyva-single	https://mostlymusic.com/cdn/shop/files/61214.mp3?v=14943232874658184451
Mordechai Gottlieb - חנוכה אויף די וועלט (Single)		mordechai-gottlieb-single	https://mostlymusic.com/cdn/shop/files/64005.mp3?v=16152643222373823711
Nati Levin - Lashir Rak Lecha (Single)		nati-levin-lashir-rak-lecha-single	https://mostlymusic.com/cdn/shop/files/61209.mp3?v=8333321354084282294
Eliran Cohen - Ohr Chadash (Single)		eliran-cohen-ohr-chadash-single	https://mostlymusic.com/cdn/shop/files/58259.mp3?v=12552659237402264294
Eli Begun - Shabbos Hayom (Single)		eli-begun-shabbos-hayom-single	https://mostlymusic.com/cdn/shop/files/101015.mp3?v=8466889930010279945
Neemos Hachaim - Ashira Lashem (Benny Friedman)		neemos-hachaim-ashira-lashem-benny-friedman	https://mostlymusic.com/cdn/shop/files/101012.mp3?v=10875651951834292541
Shmuel Dovid Landau - La La (Single)		shmuel-dovid-landau-la-la-single	https://mostlymusic.com/cdn/shop/files/23244069.mp3?v=1494124833462066496
Avi Ilson - Ora Vesimcha (Single)		avi-ilson-ora-vesimcha-single	https://mostlymusic.com/cdn/shop/files/62570.mp3?v=15699844968202184069
Naftali Blumenthal - Daily Trust (Single)		naftali-blumenthal-daily-trust-single	https://mostlymusic.com/cdn/shop/files/23244067.mp3?v=1058615086830965670
DJ Yossi Newman & Nachas - AOK (Single)		dj-yossi-newman-nachas-aok-single	https://mostlymusic.com/cdn/shop/files/58258.mp3?v=14732646687096271526
Chaim Green - Chasof (Single)		chaim-green-chasof-single	https://mostlymusic.com/cdn/shop/files/64004.mp3?v=13277823981695221517
Moti Weiss - Hakol Kan (Single)		moti-weiss-hakol-kan-single	https://mostlymusic.com/cdn/shop/files/59425.mp3?v=16656653309334745071
Shea Kaller Band ft. All Star - MusiKaller (Single)		shea-kaller-band-ft-all-star-musikaller-single	https://mostlymusic.com/cdn/shop/files/62569.mp3?v=11312545188489648093
Dudi Feldman - Nitzachti Vaanatzeach [Cover] (Single)		dudi-feldman-nitzachti-vaanatzeach-cover-single	https://mostlymusic.com/cdn/shop/files/61202.mp3?v=3841695948458420186
Hillel Kapnick - You Made My Life (Single)		hillel-kapnick-you-made-my-life-single	https://mostlymusic.com/cdn/shop/files/23244066.mp3?v=4823868158678839931
DJ Kraz & Eli Dachs - Time (Single)		dj-kraz-eli-dachs-time-single	https://mostlymusic.com/cdn/shop/files/58257.mp3?v=16889096022891312400
Yoeli Dikman, Ahrele Samet & Yoely Greenfeld - Tatte Lomu (Single)		yoeli-dikman-ahrele-samet-yoely-greenfeld-tatte-lomu-single	https://mostlymusic.com/cdn/shop/files/62568.mp3?v=14585918258905308255
Nehoray Arieli - Mishalot (Single)		nehoray-arieli-mishalot-single	https://mostlymusic.com/cdn/shop/files/61210.mp3?v=3308900399372303688
Yona Rivka Kimelman - Higher Gear (Free Album)		yona-rivka-kimelman-higher-gear-free-album	https://mostlymusic.com/cdn/shop/files/59409.mp3?v=1840005112577017612
Yona Rivka Kimelman - Higher Gear (Free Album)		yona-rivka-kimelman-higher-gear-free-album	https://mostlymusic.com/cdn/shop/files/59410.mp3?v=6668041154130627704
Yona Rivka Kimelman - Higher Gear (Free Album)		yona-rivka-kimelman-higher-gear-free-album	https://mostlymusic.com/cdn/shop/files/59411.mp3?v=1757886267802755237
Yona Rivka Kimelman - Higher Gear (Free Album)		yona-rivka-kimelman-higher-gear-free-album	https://mostlymusic.com/cdn/shop/files/59412.mp3?v=15204828640224335863
Yona Rivka Kimelman - Higher Gear (Free Album)		yona-rivka-kimelman-higher-gear-free-album	https://mostlymusic.com/cdn/shop/files/59413.mp3?v=11471110333351787644
Yona Rivka Kimelman - Higher Gear (Free Album)		yona-rivka-kimelman-higher-gear-free-album	https://mostlymusic.com/cdn/shop/files/59414.mp3?v=14269184479580166163
Yona Rivka Kimelman - Higher Gear (Free Album)		yona-rivka-kimelman-higher-gear-free-album	https://mostlymusic.com/cdn/shop/files/59415.mp3?v=14650044953236422439
Yona Rivka Kimelman - Higher Gear (Free Album)		yona-rivka-kimelman-higher-gear-free-album	https://mostlymusic.com/cdn/shop/files/59416.mp3?v=12902146947284666110
Yona Rivka Kimelman - Higher Gear (Free Album)		yona-rivka-kimelman-higher-gear-free-album	https://mostlymusic.com/cdn/shop/files/59417.mp3?v=11424485586870837944
Yona Rivka Kimelman - Higher Gear (Free Album)		yona-rivka-kimelman-higher-gear-free-album	https://mostlymusic.com/cdn/shop/files/59418.mp3?v=4009149737932737514
Yona Rivka Kimelman - Higher Gear (Free Album)		yona-rivka-kimelman-higher-gear-free-album	https://mostlymusic.com/cdn/shop/files/59419.mp3?v=1013581652664442302
Yona Rivka Kimelman - Higher Gear (Free Album)		yona-rivka-kimelman-higher-gear-free-album	https://mostlymusic.com/cdn/shop/files/59420.mp3?v=2506186524075028869
Yona Rivka Kimelman - Higher Gear (Free Album)		yona-rivka-kimelman-higher-gear-free-album	https://mostlymusic.com/cdn/shop/files/59421.mp3?v=2639538236848187159
Shimmy Rabinowitz - Hoidueh		shimmy-rabinowitz-hoidueh	https://mostlymusic.com/cdn/shop/files/101010.mp3?v=8718520650729739793
Kalmey Schwartz, Motty Ilowitz, The Shira Choir & Levi Lesin Production Nov. 15 '22		kalmey-schwartz-motty-ilowitz-the-shira-choir-levi-lesin-production-nov-15-22	https://mostlymusic.com/cdn/shop/files/59408.mp3?v=9169714164444605522
Moshe Klein - Yeshuot (Single)		moshe-klein-yeshuot-single	https://mostlymusic.com/cdn/shop/files/64003.mp3?v=15769379449614193627
Danny Palgon - Sheva Yipol (Single)		danny-palgon-sheva-yipol-single	https://mostlymusic.com/cdn/shop/files/61201.mp3?v=1680677518407809986
Shlomo Simcha - Ner Dolek (Single)		shlome-simcha-ner-dolek-single	https://mostlymusic.com/cdn/shop/files/101009.mp3?v=12427087377206482146
Nissim Black & Levi Robin - Lifted (Single)		nissim-black-levi-robin-lifted-single	https://mostlymusic.com/cdn/shop/files/58256.mp3?v=14398619771521940712
Lipa Schmeltzer - Gemara Be'Mangina (Single)		lipa-schmeltzer-gemara-bemangina-single	https://mostlymusic.com/cdn/shop/files/23244065.mp3?v=7637966149587219855
Duvid Berger ft. Levy Falkowitz - Shir Iyun: Chanukah (Single)		duvid-berger-levy-falkowitz-shir-iyun-chanukah-single	https://mostlymusic.com/cdn/shop/files/64002.mp3?v=5909037712398706308
Shmilly Rothschild ft. DJ Yiddi F. - Frish & Chilled (Single)		shmilly-rothschild-ft-dj-yiddi-f-frish-chilled-single	https://mostlymusic.com/cdn/shop/files/62567.mp3?v=13502682499953284786
Gedalya Sloshay - The Thunder (Single)		gedalya-sloshay-the-thunder-single	https://mostlymusic.com/cdn/shop/files/101008.mp3?v=10458799666288812086
Ari Goldwag - Shomer Yisrael (Single)		ari-goldwag-shomer-yisrael-single	https://mostlymusic.com/cdn/shop/files/23244063.mp3?v=11476479996449369677
Eli Begun - Di Besta Zoch (Single)		eli-begun-di-besta-zoch-single	https://mostlymusic.com/cdn/shop/files/59406.mp3?v=2090445065098809457
Yonatan Razel - Tashiri (Single)		yonatan-razel-tashiri-single	https://mostlymusic.com/cdn/shop/files/59407.mp3?v=16940568476906081086
Elisha Freedman - Nachpisa (Single)		elisha-freedman-nachpisa-single	https://mostlymusic.com/cdn/shop/files/23244059.mp3?v=7056403897447438676
Aryeh Isaacs - Truly Free (Single)		aryeh-isaacs-truly-free-single	https://mostlymusic.com/cdn/shop/files/64001.mp3?v=2318477212544253597
Hershy Weinberger - Gefen (Single)		hershy-weinberger-gefen-single	https://mostlymusic.com/cdn/shop/files/61204.mp3?v=13478713216823461497
Yosef Gestetner  - Chuneini (Single)		yosef-gestetner-chuneini-single	https://mostlymusic.com/cdn/shop/files/58254.mp3?v=8693031783207051049
Beri Weber - The Mountain (Single)		beri-weber-the-mountain-single	https://mostlymusic.com/cdn/shop/files/58255.mp3?v=3901772524028558387
Avishai Eshel - Purim Medley (Single)		avishai-eshel-purim-medley-single	https://mostlymusic.com/cdn/shop/files/62566.mp3?v=962603605649868630
Yishai Revivo - Hu Elokeinu (Single)		yishai-revivo-hu-elokeinu-single	https://mostlymusic.com/cdn/shop/files/59405.mp3?v=10753099420892653060
Akiva Gelb - Bechol Yom (Single)		akiva-gelb-bechol-yom-single	https://mostlymusic.com/cdn/shop/files/101007.mp3?v=1551279790011043031
Shulem Lemmer - Atalef Iver [Cover] (Single)		shulem-lemmer-atalef-iver-cover-single	https://mostlymusic.com/cdn/shop/files/61213.mp3?v=17605771942427771335
Ahrele Samet - Mixsamet (Single)		ahrele-samet-mixsamet-single	https://mostlymusic.com/cdn/shop/files/62546.mp3?v=10718092040156094353
Moshe Milstein - Lichtele/ליכטעלע (Single)		moshe-milstein-lichtele-single	https://mostlymusic.com/cdn/shop/files/63999.mp3?v=18284909943348580307
Yaniv Ben Mashiach - Rabbi Shimon Bar Yochai (Single)		yaniv-ben-mashiach-rabbi-shimon-bar-yochai-single	https://mostlymusic.com/cdn/shop/files/58253.mp3?v=1767055765996754546
Akiva - Rotzeh Lehitorer (Single)		akiva-rotzeh-lehitorer-single	https://mostlymusic.com/cdn/shop/files/61196.mp3?v=18270188563804295997
DJ Farbreng ft. Shloime Kaufman & Afiko.man - Purim Upmix (Single)		dj-farbreng-ft-shloime-kaufman-afiko-man-purim-upmix-single	https://mostlymusic.com/cdn/shop/files/62545.mp3?v=13092239147917994507
Shia Heshil Scharf feat. Child Soloist Sruly Weber - Lekoved Hatana (Single)		shia-heshil-scharf-feat-child-soloist-sruly-weber-lekoved-hatana-single	https://mostlymusic.com/cdn/shop/files/58252.mp3?v=17326822588712178795
Shmuly Hurwitz - Yisroel Betach Ba’shem (Single)		shmuly-hurwitz-yisroel-betach-ba-shem-single	https://mostlymusic.com/cdn/shop/files/59404.mp3?v=17178171831496697637
Yohan Michael - Am Israel Chai		yohan-michael-am-israel-chai	https://mostlymusic.com/cdn/shop/files/101004.mp3?v=17084743964071783865
Moishy Schwartz & Yiddish Nachas - Chanukah [Live Medley] (Single)		moishy-schwartz-yiddish-nachas-chanukah-medley-single	https://mostlymusic.com/cdn/shop/files/63998.mp3?v=15162020022141201402
Motty Ilowitz & Shir V'Shevach Boys Choir - Di Chanikah Licht (Single)		motty-ilowitz-shir-vshevach-boys-choir-di-chanikah-licht-single	https://mostlymusic.com/cdn/shop/files/63997.mp3?v=15724997529216877068
Tzohar  - Levi Where Are You (Single)		tzohar-levi-where-are-you-single	https://mostlymusic.com/cdn/shop/files/23244058.mp3?v=7973336376938507715
Dalia Oziel - Your Daughter		dalia-oziel-your-daughter	https://mostlymusic.com/cdn/shop/files/101003.mp3?v=10002306897659624647
Meir Gafni - Shuvu Elay (Single)		meir-gafni-shuvu-elay-single	https://mostlymusic.com/cdn/shop/files/23244057.mp3?v=13755768044767922661
Tuly Leser - Keiner Is Stable (Single)		tuly-leser-keiner-is-stable-single	https://mostlymusic.com/cdn/shop/files/62544.mp3?v=5636542183004462169
Moti Weiss - Tachzir Et Hashanim (Single)		moti-weiss-tachzir-et-hashanim-single	https://mostlymusic.com/cdn/shop/files/61195.mp3?v=10165812569906546822
Duvid Feder & Gershy Uri - You're My Father (Single)		duvid-feder-gershy-uri-youre-my-father-single	https://mostlymusic.com/cdn/shop/files/23244056.mp3?v=5385906392043526196
Benny Friedman - Yama (Single)		benny-friedman-yama-single	https://mostlymusic.com/cdn/shop/files/58249.mp3?v=16380184060602252755
Yossi Shick Label - Lo Neda (Single)		yossi-shick-label-lo-neda-single	https://mostlymusic.com/cdn/shop/files/59403.mp3?v=9204162190642144636
Benny Friedman - Kulam Sharim (Single)		benny-friedman-kulam-sharim-single	https://mostlymusic.com/cdn/shop/files/101002.mp3?v=15053061956816037489
Yoni Galen - Self Conscious (Single)		yoni-galen-self-conscious-single	https://mostlymusic.com/cdn/shop/files/62542.mp3?v=6646289920002675203
Menachem Levy - Zman Hageula (Single)		menachem-levy-zman-hageula-single	https://mostlymusic.com/cdn/shop/files/101001.mp3?v=2316374182447598385
Mendy Goldberg, Meir Goldstein & Ahrele Samet - Bar Yochai [Cover] (Single)		mendy-goldberg-meir-goldstein-ahrele-samet-bar-yochai-cover-single	https://mostlymusic.com/cdn/shop/files/58251.mp3?v=2258014115034103062
Meilech Braunstein & Shea Kaller Band - Miracles [Live Cover] (Single)		meilech-braunstein-shea-kaller-band-miracles-live-cover-single	https://mostlymusic.com/cdn/shop/files/63996.mp3?v=9594190763543593547
Dovid Pruzansky - Chuppa Medley (Single)		dovid-pruzansky-chuppa-medley-single	https://mostlymusic.com/cdn/shop/files/59398.mp3?v=6897769298471903862
Beri Weber - Hamelech (Single)		beri-weber-hamelech-single	https://mostlymusic.com/cdn/shop/files/23244055.mp3?v=1015575325860216917
Sruly Green - Your Smile (Single)		sruly-green-your-smile-single	https://mostlymusic.com/cdn/shop/files/62541.mp3?v=3040023877368066846
Avshalom & Eitan Katz - K'shoshana (Single)		avshalom-eitan-katz-kshoshana-single	https://mostlymusic.com/cdn/shop/files/61193.mp3?v=8315622170107940975
Yakov Elchanan Wagshal - Hisbodedis (Single)		yakov-elchanan-wagshal-hisbodedis-single	https://mostlymusic.com/cdn/shop/files/23244054.mp3?v=15925475171686082637
Uri Altbaum - B'shaat Hadchak (Single)		uri-altbaum-bshaat-hadchak-single	https://mostlymusic.com/cdn/shop/files/58238.mp3?v=4626819353879323643
Aaron Razel & Yosef Nativ - Halev Ve'hamaayan (Single)		aaron-razel-yosef-nativ-halev-vehamaayan-single	https://mostlymusic.com/cdn/shop/files/59397.mp3?v=5531135822779316107
Shir V'shevach Boys Choir - Maaloh		shir-vshevach-boys-choir-maaloh	https://mostlymusic.com/cdn/shop/files/99998.mp3?v=17232862929713283449
Danny Palgon - Eight Nights (Single)		danny-palgon-eight-nights-single	https://mostlymusic.com/cdn/shop/files/63994.mp3?v=17334063189708768613
Tuvie Eichler - Ani Maamin (Single)		tuvie-eichler-ani-maamin-single	https://mostlymusic.com/cdn/shop/files/61049.mp3?v=8651093833697247799
Shmuly Schneider - All The Hits [Medley] (Single)		shmuly-schneider-all-the-hits-medley-single	https://mostlymusic.com/cdn/shop/files/62540.mp3?v=12535982566614244178
Meshorerim Choir - Minayin		meshorerim-choir-minayin	https://mostlymusic.com/cdn/shop/files/99991.mp3?v=11899846737971903283
Srulik Rosenthal - Amar Rabbi Shimon (Single)		srulik-rosenthal-amar-rabbi-shimon-single	https://mostlymusic.com/cdn/shop/files/58237.mp3?v=14049523236926899923
Hertzka Greenfeld - Veshumri (Single)		hertzka-greenfeld-veshumri-single	https://mostlymusic.com/cdn/shop/files/59400.mp3?v=4274096402175327213
Yitzy Waldner - Miracles (Single)		yitzy-waldner-miracles-single	https://mostlymusic.com/cdn/shop/files/63995.mp3?v=12226801352198358420
Duvid Berger - Heilige Taig 5782 (Single)		duvid-berger-heilige-taig-5782-single	https://mostlymusic.com/cdn/shop/files/23244053.mp3?v=4423171692303569805
Avishai Eshel - Margish Achar (Single)		avishai-eshel-margish-achar-single	https://mostlymusic.com/cdn/shop/files/61194.mp3?v=2745624150944160546
Meir Gafni - 2000 (Single)		meir-gafni-2000-single	https://mostlymusic.com/cdn/shop/files/59401.mp3?v=10843711263810638685
Lipa Schmeltzer - Ashrei Ha’Am [Oorah] (Single)		lipa-schmeltzer-ashrei-ha-am-oorah-single	https://mostlymusic.com/cdn/shop/files/62536.mp3?v=8567614370573443524
Dem Rabbi's Havtucha/דעם רבי'נס הבטחה (EP)		dem-rabbis-havtucha-ep	https://mostlymusic.com/cdn/shop/files/63977.mp3?v=11987464710540509418
Dem Rabbi's Havtucha/דעם רבי'נס הבטחה (EP)		dem-rabbis-havtucha-ep	https://mostlymusic.com/cdn/shop/files/63975.mp3?v=13277230184903014138
Dem Rabbi's Havtucha/דעם רבי'נס הבטחה (EP)		dem-rabbis-havtucha-ep	https://mostlymusic.com/cdn/shop/files/63976.mp3?v=6920485123655908713
Ofir Salomon - Shemesh (Single)		ofir-salomon-shemesh-single	https://mostlymusic.com/cdn/shop/files/61160.mp3?v=5410081368069087725
En3rgy - It's time to say Good Shabbos [Cover] (Single)		en3rgy-its-time-to-say-good-shabbos-cover-single	https://mostlymusic.com/cdn/shop/files/61164.mp3?v=6342351525903936071
Barak Grossberg - Hanistarot (Single)		barak-grossberg-hanistarot-single	https://mostlymusic.com/cdn/shop/files/58236.mp3?v=16978583402560759060
Yechiel Lazarus - Hodu Lashem (Single)		yechiel-lazarus-hodu-lashem-single	https://mostlymusic.com/cdn/shop/files/23232413.mp3?v=2059618883823375765
Meir Rosenberg - Rebba (Single)		meir-rosenberg-rebba-single	https://mostlymusic.com/cdn/shop/files/23244052.mp3?v=2905801140223029690
Yisroel Meth & Yoni Galen - Maoz Tzur (Single)		yisroel-meth-yoni-galen-maoz-tzur-single	https://mostlymusic.com/cdn/shop/files/63993.mp3?v=12173521555150723901
Sruli Broncher ft. Amiran Dvir - Shushan City (Single)		sruli-broncher-ft-amiran-dvir-shushan-city-single	https://mostlymusic.com/cdn/shop/files/62538.mp3?v=14217828787284325563
Ahrele Samet, Haim Israel, Ari Hill, Meir Adler & Bentzi Stein - Reb Shimon (Single)		ahrele-samet-haim-israel-ari-hill-meir-adler-bentzi-stein-reb-shimon-single	https://mostlymusic.com/cdn/shop/files/58235.mp3?v=10435521294048256867
Eitan Katz - Espa'ar (Single)		eitan-katz-espaar-single	https://mostlymusic.com/cdn/shop/files/59399.mp3?v=9937988310458707567
Chaim Meir Erps - Uman Rosh Hashunah (Single)		chaim-meir-erps-uman-rosh-hashunah-single	https://mostlymusic.com/cdn/shop/files/23244051.mp3?v=8274304368325723635
Sruly Green & Isaac Gluck - Shanen (Single)		sruly-green-isaac-gluck-shanen-single	https://mostlymusic.com/cdn/shop/files/63991.mp3?v=12189564151141967220
Gobbie Cohn - Asher Boro (Single)		gobbie-cohn-asher-boro	https://mostlymusic.com/cdn/shop/files/23232412.mp3?v=16992921214078298256
Lipa Schmeltzer & Chesky Schwartz Production Jan. 4 '23		lipa-schmeltzer-chesky-schwartz-production-jan-4-23	https://mostlymusic.com/cdn/shop/files/59396.mp3?v=15599887142255822095
Motti Weisel & Menachem Fein - Be'ad Amech  (Single)		motti-weisel-menachem-fein-bead-amech-single	https://mostlymusic.com/cdn/shop/files/62537.mp3?v=11204352362901672064
Moti Weiss - Ktanot Shebaktanot (Single)		moti-weiss-ktanot-shebaktanot-single	https://mostlymusic.com/cdn/shop/files/2324049.mp3?v=6019533342273090051
Rephael Danino & Shillo Attias - Nishmas (Single)		rephael-danino-shillo-attias-nishmas-single	https://mostlymusic.com/cdn/shop/files/61161.mp3?v=9554184024976231247
Yehuda Green - Shoshanas Yaakov (Single)		yehuda-green-shoshanas-yaakov-single	https://mostlymusic.com/cdn/shop/files/62539.mp3?v=928634640857337118
Yoely Klein & Shaya Groiss - Ober Keil Mistateir		yoely-klein-shaya-groiss-ober-keil-mistateir	https://mostlymusic.com/cdn/shop/files/23232407.mp3?v=801699746113176601
Aaron Razel - Ki Lo Tishakach (Single)		aaron-razel-ki-lo-tishakach-single	https://mostlymusic.com/cdn/shop/files/58234.mp3?v=1212624111423094519
Tal Tzemach - Bonanza Medley (Single)		tal-tzemach-bonanza-medley-single	https://mostlymusic.com/cdn/shop/files/61163.mp3?v=5546411662045282988
Nemouel & Ahrele Samet - L'chisheyafutzu [Cover] (Single)		nemouel-ahrele-samet-lchisheyafutzu-cover-single	https://mostlymusic.com/cdn/shop/files/63990.mp3?v=178967623814080655
Dobra Weiniger - Achayot Sheli (Single)		dobra-weiniger-achayot-sheli-single	https://mostlymusic.com/cdn/shop/files/58180.mp3?v=6866992671420983765
Aryeh Leib hurwitz - Sheyibone		jazz-big-band-sheyibone	https://mostlymusic.com/cdn/shop/files/23232406.mp3?v=4301182985632910289
Levy Falkowitz & Hershy Rottenberg - Boneh Chayei Mezonei (Single)		levy-falkowitz-hershy-rottenberg-boneh-chayei-mezonei-single	https://mostlymusic.com/cdn/shop/files/62416.mp3?v=12787994158821268529
Yidi Bialostozky, The Shira Choir & Yanky Briskman Production Nov. 28 '22 Rosenberg		yidi-bialostozky-the-shira-choir-yanky-briskman-production-nov-28-22-rosenberg	https://mostlymusic.com/cdn/shop/files/59395.mp3?v=17616231602614943334
Yossi Fried - Ich Zich Dir (Single)		yossi-fried-ich-zich-dir-single	https://mostlymusic.com/cdn/shop/files/63979.mp3?v=12607620549930161602
Efraim Mendelson - Bayis Yiboneh (Single)		efraim-mendelson-bayis-yiboneh-single	https://mostlymusic.com/cdn/shop/files/61159.mp3?v=18202840052472545549
Hillel Gross - Iberbaten (Single)		hillel-gross-iberbaten-single	https://mostlymusic.com/cdn/shop/files/2324048.mp3?v=15895206809913692150
Tuvie Eichler - Yehie Rava (Single)		tuvie-eichler-yehie-rava-single	https://mostlymusic.com/cdn/shop/files/62415.mp3?v=12115071116576788035
Yonatan Stern  - Derech Chadasha [Acapella Cover] (Single)		yonatan-stern-derech-chadasha-acapella-cover-single	https://mostlymusic.com/cdn/shop/files/58198.mp3?v=1632274257940851907
Avi Ilson - Mechila (Single)		avi-ilson-mechila-single	https://mostlymusic.com/cdn/shop/files/2324047.mp3?v=4350118857752011049
Bini Landau - Masa (Single)		bini-landau-masa-single	https://mostlymusic.com/cdn/shop/files/61157.mp3?v=18307286193665953624
Yoeli Klein & Ahrele Samet - Melech (Single)		yoeli-klein-ahrele-samet-melech-single	https://mostlymusic.com/cdn/shop/files/63978.mp3?v=7521935845167527612
Tzvi Grinhaim - Hakhel (Single)		tzvi-grinhaim-hakhel-single	https://mostlymusic.com/cdn/shop/files/59388.mp3?v=237653856863084280
Moshe Klein - Lihiyot Shalem (Single)		moshe-klein-lihiyot-shalem-single	https://mostlymusic.com/cdn/shop/files/59394.mp3?v=2014789563657816217
Mendy J – Mesechtas Brachos (Ft. DJ Izik & Dovid Abayev)		mendy-j-mesechtas-brachos-ft-dj-izik-dovid-abayev	https://mostlymusic.com/cdn/shop/files/23232405.mp3?v=2952271220030912486
Nati Levin - Nor In Hashem [Acapella] (Single)		nati-levin-nor-in-hashem-acapella-single	https://mostlymusic.com/cdn/shop/files/58197.mp3?v=16956577288093171994
Dudi Knopfler - Together (Single)		dudi-knopfler-together-single	https://mostlymusic.com/cdn/shop/files/2324046.mp3?v=15757994395858865129
Tuvie Eichler - Ana Dodi (Single)		tuvie-eichler-ana-dodi-single	https://mostlymusic.com/cdn/shop/files/62403.mp3?v=8465698018781736136
Yehuda Green - Venohapoich (Single)		yehuda-green-venohapoich	https://mostlymusic.com/cdn/shop/files/23232397.mp3?v=8337625889072438992
David Ben Arza - Yored Veole (Single)		david-ben-arza-yored-veole-single	https://mostlymusic.com/cdn/shop/files/61158.mp3?v=3535756627355093077
Motty Steinmetz, Zanvil Weinberger, Motti Wiesel - Yemei Bereishis [Medley] (Single)		motty-steinmetz-zanvil-weinberger-motti-wiesel-yemei-bereishis-medley-single	https://mostlymusic.com/cdn/shop/files/63973.mp3?v=5217129174539851062
Benny Friedman - Avinu (Single)		benny-friedman-avinu-single	https://mostlymusic.com/cdn/shop/files/2324045.mp3?v=15883773554401791368
Yosef Kugler & Shaya Hittman - Ki Yaamod (Single)		yosef-kugler-shaya-hittman-ki-yaamod-single	https://mostlymusic.com/cdn/shop/files/59387.mp3?v=11982814635852989907
Kalmey Schwartz & Motty Breier Production Dec. 26 '22 Schenker		kalmey-schwartz-motty-breier-production-dec-26-22-schenker-1	https://mostlymusic.com/cdn/shop/files/59386.mp3?v=6015754469133774339
Yechiel Schron & Benny Friedman - Bayis Ne'eman (Single)		yechiel-schron-benny-friedman-bayis-neeman-single	https://mostlymusic.com/cdn/shop/files/66030.mp3?v=5224734950008462881
Yosef Kugler & Ari Goldwag - Gal Einai [Acapella] (Single)		yosef-kugler-ari-goldwag-gal-einai-acapella-single	https://mostlymusic.com/cdn/shop/files/58183.mp3?v=16379217014294275441
Matisyahu, Afiko.man & Alex Clare - Back Of The Wagon (Single)		matisyahu-afiko-man-alex-clare-back-of-the-wagon-single	https://mostlymusic.com/cdn/shop/files/62401.mp3?v=2987389887806046182
Shuli Rand - Echad Kamocha (Single)		shuli-rand-echad-kamocha-single	https://mostlymusic.com/cdn/shop/files/61162.mp3?v=15913532720841086098
Leiby Simonowits - Bar Yochai Vocal (Single)		halleli-productions-bar-yochai-vocal-single	https://mostlymusic.com/cdn/shop/files/58182.mp3?v=15986655667731847843
A.Y. Bouzaglou - Lehodos		a-y-bouzaglou-lehodos	https://mostlymusic.com/cdn/shop/files/99990.mp3?v=5210768752246432650
Yossi Fried & Mendy Weiss - One Day (Single)		yossi-fried-mendy-weiss-one-day-single	https://mostlymusic.com/cdn/shop/files/63972.mp3?v=4701204752222963613
Shmueli Ungar - Yishoma (Single)		shmuli-unger-yishoma-single	https://mostlymusic.com/cdn/shop/files/99989.mp3?v=17405593338526120907
Oorah Presents: Shmueli Ungar - Hashem Needs Every Yid! (Single)		shmueli-ungar-hashem-needs-every-yid-single	https://mostlymusic.com/cdn/shop/files/63971.mp3?v=773922495051337675
Moshe Dovid Weissmandl, Motty Vizel, Ari Hill, Bentzi Stein & Neshama Choir - Mameh (Single)		moshe-dovid-weissmandl-motty-vizel-ari-hill-bentzi-stein-neshama-choir-mameh-single	https://mostlymusic.com/cdn/shop/files/2324044.mp3?v=15958387572988215660
Yitzy Waldner & Shloime Daskal - Bonim (Single)		yitzy-waldner-shloime-daskal-bonim-single	https://mostlymusic.com/cdn/shop/files/66029.mp3?v=12037630387473709622
Moshe Duvid Weissmandel - Seudah Medley #1 (Single)		moshe-duvid-weissmandel-seudah-medley-1-single	https://mostlymusic.com/cdn/shop/files/62400.mp3?v=2967232765205232890
Amrom Aker & Shmiel Hersh Miller Dec. 28 '22 Fishof		amrom-aker-shmiel-hersh-miller-dec-28-22-fishof	https://mostlymusic.com/cdn/shop/files/59385.mp3?v=10698063571550228677
Yossi Green & Yiddish Nachas - Atoh Vechartonu (Single)		yossi-green-yiddish-nachas-atoh-vechartonu-single	https://mostlymusic.com/cdn/shop/files/66028.mp3?v=13168848726853653074
Joey Newcomb - Borei Refuos (Single)		joey-newcomb-borei-refuos-single	https://mostlymusic.com/cdn/shop/files/2324043.mp3?v=14653122572304985722
Yaakov Shalom - The Kumzitz Medley (Single)		yaakov-shalom-the-kumzitz-medley-single	https://mostlymusic.com/cdn/shop/files/61155.mp3?v=8055082805394273484
Leiby Simonowits - Bar Yochai (Single)		halleli-productions-bar-yochai-single	https://mostlymusic.com/cdn/shop/files/58181.mp3?v=10268256531781999962
Nossin Schwartzberg - Emes (Single)		nosson-schwartzberg-emes	https://mostlymusic.com/cdn/shop/files/99984.mp3?v=10292393498192921510
Simcha DJ - Dance Hits (Single)		simcha-dj-dance-hits-single	https://mostlymusic.com/cdn/shop/files/62399.mp3?v=10238263427917603451
Shea Berko & Sruly Singer Production Dec. 13 '22 Gestetner		shea-berko-sruly-singer-production-dec-13-22-gestetner	https://mostlymusic.com/cdn/shop/files/59384.mp3?v=997138192629195359
Eitan Katz - Vesein Belibeinu (Single)		eitan-katz-vesein-belibeinu-single	https://mostlymusic.com/cdn/shop/files/62398.mp3?v=4859149734804882683
Hillel Kapnick - Im Eshkachech		hillel-kapnick-im-eshkachech	https://mostlymusic.com/cdn/shop/files/99980.mp3?v=3657703184834734845
DJ Farbreng ft. Alex Clare & Matisyahu - Spread Light [Upmix] (Single)		dj-farbreng-ft-alex-clare-matisyahu-spread-light-upmix-single	https://mostlymusic.com/cdn/shop/files/63794.mp3?v=15120930470248586437
Shlomo Stauber – Yidelech (Single)		shlomo-stauber-yidelech-single	https://mostlymusic.com/cdn/shop/files/63970.mp3?v=7939685071271711709
Meilech Fogel - A Shabbos Botah (Single)		meilech-fogel-a-shabbos-botah-single	https://mostlymusic.com/cdn/shop/files/61154.mp3?v=17670622777735846677
Shlomo Katz - Lulei (Single)		shlomo-katz-lulei-single	https://mostlymusic.com/cdn/shop/files/2324040.mp3?v=520951514373950238
Yaakov Shwekey & Lipa Schmeltzer - Saba Kadisha (Single)		yaakov-shwekey-lipa-schmeltzer-saba-kadisha-single	https://mostlymusic.com/cdn/shop/files/2324042.mp3?v=17297573757255145888
En3rgy Band 2022 Recording Collection		en3rgy-band-2022-recording-collection	https://mostlymusic.com/cdn/shop/files/59383.mp3?v=17898261693062029883
Mendy J - HaRabi (Vocal)		mendy-j-harabi-vocal	https://mostlymusic.com/cdn/shop/files/99979.mp3?v=14868896726972352002
Shuki Salomon, Arik Dvir, Davidi Nachshon & Avi Reymi - Ach Sheli Yehudi [Acapella] (Single)		shuki-salomon-arik-dvir-davidi-nachshon-avi-reymi-ach-sheli-yehudi-acapella-single	https://mostlymusic.com/cdn/shop/files/58179.mp3?v=3188831853137474065
Benny Friedman Shavuos		benny-friedman-shavuos-singles	https://mostlymusic.com/cdn/shop/files/66026.mp3?v=516546139006415078
Benny Friedman Shavuos		benny-friedman-shavuos-singles	https://mostlymusic.com/cdn/shop/files/66027.mp3?v=11970700179941950548
Moshe Dweck - Yadati (Single)		moshe-dweck-yadati-single	https://mostlymusic.com/cdn/shop/files/61153.mp3?v=8786261896094293874
Yidi Bialostozky & Levi Lesin Production - Feb. 1 '22 Glick (Wedding)		yidi-bialostozky-levi-lesin-production-feb-1-22-glick-wedding	https://mostlymusic.com/cdn/shop/files/57773.mp3?v=15689685645867439641
YFM Studios - Holy Children (Single)		yfm-studios-holy-children-single	https://mostlymusic.com/cdn/shop/files/66014.mp3?v=11100984679352284684
Barak Grossberg - Atah Taamid Kan (Single)		barak-grossberg-atah-taamid-kan-single	https://mostlymusic.com/cdn/shop/files/62397.mp3?v=16205197988105179955
Joey Newcomb - Ft. Yosh Friedman - Mi Sheomar [TYH Nation] (Single)		joey-newcomb-ft-yosh-friedman-mi-sheomar-tyh-nation-single	https://mostlymusic.com/cdn/shop/files/59380.mp3?v=1575232436718641659
Hillel Meyer - Nes (Single)		hillel-meyer-nes-single	https://mostlymusic.com/cdn/shop/files/63792.mp3?v=2100770678180023931
Suscher Guttman, The Shira Choir & Shimmy Levy Production - Jan. 23 '22 Fried (Wedding)		suscher-guttman-the-shira-choir-shimmy-levy-production-jan-23-22-fried-wedding	https://mostlymusic.com/cdn/shop/files/57780.mp3?v=15955535606910670560
Shimmy Lipshitz - Mashiach (Single)		shimmy-lipshitz-mashiach-single	https://mostlymusic.com/cdn/shop/files/61135.mp3?v=14903400302314924922
Berel Faiden - Mi Adir (Single)		berel-faiden-mi-adir-single	https://mostlymusic.com/cdn/shop/files/63791.mp3?v=17210700686861390530
Rogers park - Pushka Acapella		rogers-park-pushka-acapella	https://mostlymusic.com/cdn/shop/files/99977.mp3?v=16972258534005404407
Feivel Greenberg - Kol Choson (Single)		feivel-greenberg-kol-choson-single	https://mostlymusic.com/cdn/shop/files/2324039.mp3?v=16982556787950225868
Chaim Yehuda Shaps - Misratze (Single)		chaim-yehuda-shaps-misratze-single	https://mostlymusic.com/cdn/shop/files/66013.mp3?v=2983996576077647054
Moshe Schneider - Orah VeSimcha (Single)		moshe-schneider-orah-vesimcha-single	https://mostlymusic.com/cdn/shop/files/62395.mp3?v=8828232472981738412
Shalsheles Junior - Ata Echod Acapella Single		shalsheles-junior-ata-echod-acapella-single	https://mostlymusic.com/cdn/shop/files/99975.mp3?v=5515944553739594363
Suscher Guttman & Chesky Schwartz Production - Feb. 3 '22 Lunger (Wedding)		suscher-guttman-chesky-schwartz-production-feb-3-22-lunger-wedding	https://mostlymusic.com/cdn/shop/files/57778.mp3?v=7101653929965811646
Mendy Jerufi - Kesheyavo [Cover] (Single)		mendy-jerufi-kesheyavo-cover-single	https://mostlymusic.com/cdn/shop/files/61152.mp3?v=4192661436339749204
Moshe Weintraub, Malchus Choir & Duvid Leifer - Musai Yisvada (Single)		moshe-weintraub-malchus-choir-duvid-leifer-musai-yisvada-single	https://mostlymusic.com/cdn/shop/files/59381.mp3?v=8467237374309993964
Hillel Kapnick & Tali Yess - Torah Tziva Lanu Moshe (Single)		hillel-kapnick-tali-yess-torah-tziva-lanu-moshe-single	https://mostlymusic.com/cdn/shop/files/66012.mp3?v=8433940164296002715
Shmulik Sukkot - Kirvat Elokim (Single)		shmulik-sukkot-kirvat-elokim-single	https://mostlymusic.com/cdn/shop/files/63790.mp3?v=13002321899565108373
Shloime Balsam - Lemala (Single)		lemala-single	https://mostlymusic.com/cdn/shop/files/2324037.mp3?v=6091911665678851461
A.T. Friedman - Akavia (Single)		a-t-friedman-akavia-single	https://mostlymusic.com/cdn/shop/files/2324038.mp3?v=6986670824971429958
Yoely Weiss - Tehei (Single)		yoely-weiss-tehei-single	https://mostlymusic.com/cdn/shop/files/61151.mp3?v=16701818870905696529
Shmulik Lunger, Moshe Dovid Weissmandl & Avremi Lunger - Shehecheyanu (Single)		shmulik-lunger-moshe-dovid-weissmandl-avremi-lunger-shehecheyanu-single	https://mostlymusic.com/cdn/shop/files/66007.mp3?v=14345834168053564667
Simche Friedman - A Chasidic Purim Medley (Single)		simche-friedman-a-chasidic-purim-medley-single	https://mostlymusic.com/cdn/shop/files/62393.mp3?v=3214698717686256407
Hillel Meyer - Kol Minei Simcha (Single)		hillel-meyer-kol-minei-simcha-single	https://mostlymusic.com/cdn/shop/files/62394.mp3?v=12380375007618104287
Zanvil Weinberger – V'Yisapri Maasov (Single)		zanvil-weinberger-vyisapri-maasov-single	https://mostlymusic.com/cdn/shop/files/63789.mp3?v=18259734272160779528
Sruly Altman & Motty Breier - Feb. 2 '22 Stein (Wedding)		sruly-altman-motty-breier-feb-2-22-stein-wedding	https://mostlymusic.com/cdn/shop/files/57775.mp3?v=5361160204384377366
Yanky Hill - Fried Medley (Single)		yanky-hill-fried-medley-single	https://mostlymusic.com/cdn/shop/files/59382.mp3?v=340029589608900567
Shmaya Fischer & MEZ Production - Feb. 7 '22 Simha (Wedding)		shmaya-fischer-mez-production-feb-7-22-simha-wedding	https://mostlymusic.com/cdn/shop/files/57772.mp3?v=9991839513236755815
Mendy Worch - Kerestir		mendy-worch-kerestir	https://mostlymusic.com/cdn/shop/files/99973.mp3?v=6775392149961894291
Luzy Klatzko & Family - Ben Porat Yosef (Single)		luzy-klatzko-family-ben-porat-yosef-single	https://mostlymusic.com/cdn/shop/files/61150.mp3?v=16084528821052879363
Simcha Abramczik & Levy Falkowitz - Medaleg Al Heharim (Single)		simcha-abramczik-levy-falkowitz-medaleg-al-heharim-single	https://mostlymusic.com/cdn/shop/files/66006.mp3?v=12241181892414527783
Nechemia Katz & Zalmen Schnitzler Dec. 20 '22		nechemia-katz-zalmen-schnitzler-dec-20-22	https://mostlymusic.com/cdn/shop/files/59379.mp3?v=10462613303434032702
Yanky Hill, Moshe Klein & Shmulik Klein - Purim Medley (Single)		yanky-hill-moshe-klein-shmulik-klein-purim-medley-single	https://mostlymusic.com/cdn/shop/files/62392.mp3?v=1704295339939953591
Ari Goldwag - Shir Ushvacha (Remix)		ari-goldwag-shir-ushvacha-remix	https://mostlymusic.com/cdn/shop/files/99971.mp3?v=16200486709484976962
Sarel Sofer - Mimaamakim (Single)		sarel-sofer-mimaamakim-single	https://mostlymusic.com/cdn/shop/files/61144.mp3?v=16659947190295773637
Shea Berko, Yedidim Choir & Levi Lesin - Jan. 20 '22 (Wedding)		shea-berko-yedidim-choir-levi-lesin-jan-20-22-wedding	https://mostlymusic.com/cdn/shop/files/57776.mp3?v=13415219081203291750
Yanky Hill – L'abba Sheli Yesh Sulam (Single)		yanky-hill-labba-sheli-yesh-sulam-cover-single	https://mostlymusic.com/cdn/shop/files/63788.mp3?v=9278400002373222390
Rabbi Zeffren (Single)		rabbi-gershon-zeffren-single	https://mostlymusic.com/cdn/shop/files/99969.mp3?v=888492494986600831
Benny Friedman & Aryeh Hurwitz - Hachayenu Kel (Single)		benny-friedman-aryeh-hurwitz-hachayenu-kel-single	https://mostlymusic.com/cdn/shop/files/2324032.mp3?v=16903344239753011921
Melech Frank – Baruch Shem (Single)		melech-frank-baruch-shem-single	https://mostlymusic.com/cdn/shop/files/63787.mp3?v=12588608391284547136
Shea Berko & Beri Karpen Production Nov. 6 '22 Kepetch		shea-berko-beri-karpen-production-nov-6-22-kepetch	https://mostlymusic.com/cdn/shop/files/59378.mp3?v=16060044862210446461
Zanvil Weinberger, Motty Vizel & Malchus Choir - Uvenucho Yomar (Single)		zanvil-weinberger-motty-vizel-malchus-choir-uvenucho-yomar-single	https://mostlymusic.com/cdn/shop/files/66005.mp3?v=13667936901530891797
Yoni Genut - Achat Shaalti (Single)		yoni-genut-achat-shaalti-single	https://mostlymusic.com/cdn/shop/files/61143.mp3?v=404157983278008153
Chaim Zippel - Shema Hashem (Single)		chaim-zippel-shema-hashem-single	https://mostlymusic.com/cdn/shop/files/2324036.mp3?v=329053529251768911
Shmili Landau & Lazer Landau - Kad Yasvin (Single)		shmili-landau-lazer-landau-kad-yasvin-single	https://mostlymusic.com/cdn/shop/files/66004.mp3?v=17338401568236655631
Pini Einhorn - Doiresh Tov (Single)		pini-einhorn-doiresh-tov-single	https://mostlymusic.com/cdn/shop/files/62390.mp3?v=1017085087084192813
Ahrele Samet - Asei Imuni (Single)		ahrele-samet-asei-imuni-single	https://mostlymusic.com/cdn/shop/files/2324031.mp3?v=4203790426087573369
Meir Green - Derech Emunah (Single)		meir-green-derech-emunah-single	https://mostlymusic.com/cdn/shop/files/62391.mp3?v=13465937006576114736
Ishai Shin - Perspective (Single)		ishai-shin-perspective-single	https://mostlymusic.com/cdn/shop/files/61142.mp3?v=14341272570489923485
Levy Falkowitz, Pinky Weber, Mezamrim Choir, Yiddish Nachas & Shimmy Levy Production Nov. 13 '22 Shtesel [Hachnasas Sefer Torah]		levy-falkowitz-pinky-weber-mezamrim-choir-yiddish-nachas-shimmy-levy-production-nov-13-22-shtesel-hachnasas-sefer-torah	https://mostlymusic.com/cdn/shop/files/59376.mp3?v=8947784271574419455
Baruch Levine & Simcha Leiner - Kad Ayil Shabsa (Composed by S.Y. Rechnitz)		baruch-levine-simcha-leiner-kad-ayil-shabsa-composed-by-s-y-rechnitz	https://mostlymusic.com/cdn/shop/files/99968.mp3?v=2423011466480743109
Levy Falkowitz, Lev Choir & Hershy Langsam Production - Jan. 22 '22 Yeshiva Cheshkas Hatorah Shabbos Hisvaadus (Wedding)		levy-falkowitz-lev-choir-hershy-langsam-production-jan-22-22-yeshiva-cheshkas-hatorah-shabbos-hisvaadus-wedding	https://mostlymusic.com/cdn/shop/files/57774.mp3?v=926130405279427921
Benny Friedman & Yossi Hecht – Nothing Holding You Back (Single)		benny-friedman-yossi-hecht-nothing-holding-you-back-single	https://mostlymusic.com/cdn/shop/files/63786.mp3?v=5334596976291163830
Yaakov Shwekey - Fighter (Single)		yaakov-shwekey-fighter-single	https://mostlymusic.com/cdn/shop/files/2324030.mp3?v=4521912500332620226
Avremi Roth - Achake Lo		avremi-roth-achake-lo	https://mostlymusic.com/cdn/shop/files/99963.mp3?v=598279930600118160
Levi Yitzchok Cohen ft. Shmez - Deloyoda (Single)		levi-yitzchok-cohen-ft-shmez-deloyoda-single	https://mostlymusic.com/cdn/shop/files/62389.mp3?v=14178573165813051166
Yisroel Werdyger, The Shira Choir & Yoely Fischer Production Dec. 5 '22 Mutzen		yisroel-werdyger-the-shira-choir-yoely-fischer-production-dec-5-22-mutzen	https://mostlymusic.com/cdn/shop/files/59377.mp3?v=16115235722328653500
Mendy Hershkowitz Band - Feb. '22 Mendy Hershkowitz Band Live Collection		mendy-hershkowitz-band-feb-22-mendy-hershkowitz-band-live-collection	https://mostlymusic.com/cdn/shop/files/57779.mp3?v=13708305389891869902
Eli Herzlich - March Chevron [Cover] (Single)		eli-herzlich-march-chevron-cover-single	https://mostlymusic.com/cdn/shop/files/61141.mp3?v=6524081109888149679
Suchi Goldstein ft. Motty Ilowitz, Yoeli Klein & Yoeli Davidovich - Shulem Aleichem [Cover] (Single)		suchi-goldstein-ft-motty-ilowitz-yoeli-klein-yoeli-davidovich-shulem-aleichem-cover-single	https://mostlymusic.com/cdn/shop/files/63773.mp3?v=10392418270435759610
Menachem Moskowitz & Yanky Briskman Production - Jan. 25 '22 Weber (Wedding)		menachem-moskowitz-yanky-briskman-production-jan-25-22-weber-wedding-1	https://mostlymusic.com/cdn/shop/files/57771.mp3?v=13847060040393230359
Moti Cohen, Ahrele Samet & Shimon Dov Davidowitz - Yomam [Cover] (Single)		moti-cohen-ahrele-samet-shimon-dov-davidowitz-yomam-cover-single	https://mostlymusic.com/cdn/shop/files/59375.mp3?v=3713647717944017337
Gobbie Cohn - Refaeinu		gobbie-cohn-refaeinu	https://mostlymusic.com/cdn/shop/files/99965.mp3?v=7944848260545899104
Uri Davidi - Ata Imadi (Single)		uri-davidi-ata-imadi-single	https://mostlymusic.com/cdn/shop/files/2324029.mp3?v=14575463179469513890
Yechiel Schron - L'Chaim Tovim (Single)		yechiel-schron-lchaim-tovim-single	https://mostlymusic.com/cdn/shop/files/62388.mp3?v=14336638661860031102
Dovy Kahana & Akiva Groman - Kimi Oirie (Single)		dovy-kahana-akiva-groman-kimi-oirie-single	https://mostlymusic.com/cdn/shop/files/63772.mp3?v=6711485163806006038
DJ Farbreng Ft. Moshe Storch & Mendy Worch - Lo Ira [Remix] (Single)		dj-farbreng-ft-moshe-storch-mendy-worch-lo-ira-remix-single	https://mostlymusic.com/cdn/shop/files/59373.mp3?v=16337874744769720508
Nerya Angel - Korveini [Cover Remix] (Single)		nerya-angel-korveini-cover-remix-single	https://mostlymusic.com/cdn/shop/files/61140.mp3?v=17781044133475438355
Chazak Chazak - Meir Adler, Ahrele Samet, Chaim Pollack & Sruli berger (Single)		chazak-chazak	https://mostlymusic.com/cdn/shop/files/66003.mp3?v=14787607014051928037
Ohad Moskowitz - Derosh Na (Single)		ohad-moskowitz-derosh-na-single	https://mostlymusic.com/cdn/shop/files/2324028.mp3?v=15171144155851938865
Yoely Klein, Motty Goldman, & Malchus - Sisi Vesimchi (Single)		yoely-klein-motty-goldman-malchus-sisi-vesimchi-single	https://mostlymusic.com/cdn/shop/files/66002.mp3?v=4248261312350906451
Yohan Michael - Meheira		yohan-michael-meheira	https://mostlymusic.com/cdn/shop/files/99962.mp3?v=3383366134384315227
Volvy Adler - Kel Hahodaos/Umayniach Bikdusha (Acapella) (Single)		volvy-adler-kel-hahodaos-umayniach-bikdusha-acapella-single	https://mostlymusic.com/cdn/shop/files/58178.mp3?v=614670747548236670
Nossin Schwartzberg feat. Itchik Schwartz - Vizichron Moshiach (Acapella) (Single)		nossin-schwartzberg-feat-itchik-schwartz-vizichron-moshiach-acapella-single	https://mostlymusic.com/cdn/shop/files/58177.mp3?v=1624776778903370716
Yossi Goldwag - Adar (Feat: Shimi Erenthal)		yossi-goldwag-adar-feat-shimi-erenthal	https://mostlymusic.com/cdn/shop/files/99960.mp3?v=15198634045553033085
Michoel Pruzansky - Yedid Nefesh (Single)		michoel-pruzansky-yedid-nefesh-single	https://mostlymusic.com/cdn/shop/files/63771.mp3?v=13336355127886380945
Nissim Black & Gad Elbaz - Hu Hamelech (Single)		nissim-black-gad-elbaz-hu-hamelech-single	https://mostlymusic.com/cdn/shop/files/61138.mp3?v=2284026508489343317
Yaakov Shwekey - Light Up The Night (Single)		yaakov-shwekey-light-up-the-night-single	https://mostlymusic.com/cdn/shop/files/59371.mp3?v=16087452363258931999
Avi Music - Shema Koleinu (Single)		avi-music-shema-koleinu-single	https://mostlymusic.com/cdn/shop/files/62387.mp3?v=4327661556146651206
Dovid Haziza Ft. Avi Perets - Shir HaChuppa (Single)		dovid-haziza-ft-avi-perets-shir-hachuppa-single	https://mostlymusic.com/cdn/shop/files/59374.mp3?v=16030451616788022074
Pini Einhorn - Ana Hashem [Remixed By DJ Niso Slob] (Single)		pini-einhorn-ana-hashem-remixed-by-dj-niso-slob-single	https://mostlymusic.com/cdn/shop/files/61139.mp3?v=11807874394930641987
Chaim Brown & Chaim Waldman - Toras Chaim (Single)		chaim-brown-chaim-waldman-toras-chaim-single	https://mostlymusic.com/cdn/shop/files/66001.mp3?v=12426968233161130432
Yehuda Shama - Elul (Single)		yehuda-shama-elul-single	https://mostlymusic.com/cdn/shop/files/2324027.mp3?v=4224332354950008809
Motty Steinmetz - Emmes Toiroiseinu (Single)		motty-steinmetz-emmes-toiroiseinu-single	https://mostlymusic.com/cdn/shop/files/66000.mp3?v=13898167315541155251
Itzik Orlev - Shnei Yeladim (Single)		itzik-orlev-shnei-yeladim-single	https://mostlymusic.com/cdn/shop/files/63770.mp3?v=10145799299264056624
Chaim Moshe Rechnitz - Eishes Chayil [Acapella] (Single)		chaim-moshe-rechnitz-eishes-chayil-acapella-single	https://mostlymusic.com/cdn/shop/files/58176.mp3?v=4545853233373317118
Lipa Schmeltzer, Mendy Brandwin & Neshama Choir - Lipa's First Dance [Medley] (Single)		lipa-schmeltzer-mendy-brandwin-neshama-choir-lipas-first-dance-medley-single	https://mostlymusic.com/cdn/shop/files/62386.mp3?v=1470327483866717472
Nechemia Bochner - B'Simcha!		nechemia-bochner-bsimcha	https://mostlymusic.com/cdn/shop/files/99959.mp3?v=10391378076529521357
Uzi Bodner - Loiben (Single)		uzi-bodner-loiben-single	https://mostlymusic.com/cdn/shop/files/2324026.mp3?v=9150243634968000859
Malchus Choir & Bentzi Kletzkin - Sha Shtill (Single)		malchus-choir-bentzi-kletzkin-sha-shtill-single	https://mostlymusic.com/cdn/shop/files/59370.mp3?v=4732300413448238076
Natanel Aboksis - Lenagen Baruach (Single)		natanel-aboksis-lenagen-baruach-single	https://mostlymusic.com/cdn/shop/files/61137.mp3?v=8518073439378220408
Elchonon Gartenhaus Ft. Shmueli Ungar & Shira Choir - Ready to Dance! [Medley] (Single)		elchonon-gartenhaus-ft-shmueli-ungar-shira-choir-ready-to-dance-medley-single	https://mostlymusic.com/cdn/shop/files/62385.mp3?v=17468885009238260776
Baruch Levine - Akiva Nichamtanu [Acapella] (Single)		baruch-levine-akiva-nichamtanu-acapella-single	https://mostlymusic.com/cdn/shop/files/58175.mp3?v=11907421650492425936
Mendy Vizel, Motty Vizel, Malchus Choir & Zingerlich Choir - Za Git (Single)		mendy-vizel-motty-vizel-malchus-choir-zingerlich-choir-za-git-single	https://mostlymusic.com/cdn/shop/files/65999.mp3?v=10127700006166320521
Moshe Duvid Weismandl - Apiryon [Cover] (Single)		moshe-duvid-weismandl-apiryon-cover-single	https://mostlymusic.com/cdn/shop/files/63753.mp3?v=7027968636249656821
Mendy Weiss - Hevei Rutz La'mishna (Single)		mendy-weiss-hevei-rutz-lamishna-single	https://mostlymusic.com/cdn/shop/files/2324022.mp3?v=2923717283947761044
Yochanan - Osher (Single)		yochanan-osher-single	https://mostlymusic.com/cdn/shop/files/63752.mp3?v=17411182442987150778
Yekusiel Deutsh - Haneirus Haluli (Single)		yekusiel-deutsh-haneirus-haluli-single	https://mostlymusic.com/cdn/shop/files/59352.mp3?v=743222885639801080
Layehudim - Hillel Kapnick		layehudim-hillel-kapnick	https://mostlymusic.com/cdn/shop/files/99956.mp3?v=10145894565951094297
Chaim Avital - Hakol Letova (Single)		chaim-avital-hakol-letova-single	https://mostlymusic.com/cdn/shop/files/61136.mp3?v=17758587169784122474
Ari Gold Feat. Moti Weiss - Ahavat Torah [Vocal] (Single)		ari-gold-feat-moti-weiss-ahavat-torah-vocal-single	https://mostlymusic.com/cdn/shop/files/58174.mp3?v=17544984019273996524
Ishay Ribo - Porchim Lashuvam (Single)		ishay-ribo-porchim-lashuvam-single	https://mostlymusic.com/cdn/shop/files/62384.mp3?v=16542870333160777570
Akiva Schechter - V’omar Bayom Hahu (Single)		akiva-schechter-v-omar-bayom-hahu-single	https://mostlymusic.com/cdn/shop/files/2324021.mp3?v=9091524261151164606
Simchas Hachaim 1 - Purim Medley		simchas-hachaim-1-purim-medley	https://mostlymusic.com/cdn/shop/files/99953.mp3?v=11354788781617311354
Shmuel - Yagia Zman (Single)		shmuel-yagia-zman-single	https://mostlymusic.com/cdn/shop/files/62383.mp3?v=660387274124053847
Shimon Yoel Weber, Pinky Weber & Malchus Choir - מיטן רעכטן פיס [Chuppa Medley] (Single)		shimon-yoel-weber-pinky-weber-malchus-choir-single	https://mostlymusic.com/cdn/shop/files/63751.mp3?v=491432123866406466
Rabbi Tzvi Rifkind - Maoz Tzur (Single)		rabbi-tzvi-rifkind-maoz-tzur-single	https://mostlymusic.com/cdn/shop/files/59340.mp3?v=16769834298920861233
Hershy Rottenberg & Zingerlich Choir  - Torah Dee Besteh Sechorah [Medley] (Single)		hershy-rottenberg-zingerlich-choir-torah-dee-besteh-sechorah-medley-single	https://mostlymusic.com/cdn/shop/files/65998.mp3?v=5625820545863233781
Music Light - Hashem Melech Remix		music-light-hashem-melech-remix	https://mostlymusic.com/cdn/shop/files/99946.mp3?v=12093907805010376073
Yoeli Brizel - Niggun Matzav (Single)		yoeli-brizel-niggun-matzav-single	https://mostlymusic.com/cdn/shop/files/61134.mp3?v=16040231010981317373
Motty Atias - Ker Mich Tzirik (Single)		motty-atias-ker-mich-tzirik-single	https://mostlymusic.com/cdn/shop/files/2324020.mp3?v=5452263533870914247
Ari Hill - Oy Yerushalayim (Single)		ari-hill-oy-yerushalayim-single	https://mostlymusic.com/cdn/shop/files/61133.mp3?v=365031261621747340
Eli Aboud - Sunset (Single)		eli-aboud-sunset-single	https://mostlymusic.com/cdn/shop/files/65997.mp3?v=886858513019119118
Moshe Storch  - Take Us Home [Acapella] (Single)		moshe-storch-take-us-home-acapella-single	https://mostlymusic.com/cdn/shop/files/58173.mp3?v=8240787165259183906
Suscher Guttman, The Shira Choir & Yanky Briskman Production Nov. 30 '22 Rispler		suscher-guttman-the-shira-choir-yanky-briskman-production-nov-30-22-rispler	https://mostlymusic.com/cdn/shop/files/59339.mp3?v=17864342274072035706
Ishay Ribo, Avraham Fried & Amir Dadon - Ki Anu Amecha [Tzamah] (Single)		ishay-ribo-avraham-fried-amir-dadon-ki-anu-amecha-tzamah-single	https://mostlymusic.com/cdn/shop/files/63750.mp3?v=7362946413018211339
Meir Hajby  - Oker Harim [Acapella Cover] (Single)		meir-hajby-oker-harim-acapella-cover-single	https://mostlymusic.com/cdn/shop/files/58172.mp3?v=12205827258193551629
Simcha Birnhack - Simcha Tantz [Medley] (Single)		simcha-birnhack-simcha-tantz-medley-single	https://mostlymusic.com/cdn/shop/files/62297.mp3?v=17808273901606603579
Baruch Levine, Dudi Kalish & Bentzi Kletzkin - Vhaarev Na (Single)		baruch-levine-dudi-kalish-bentzi-kletzkin-vhaarev-na-single	https://mostlymusic.com/cdn/shop/files/61132.mp3?v=16337823667677342347
Lipa Schmeltzer - Shabbos Trump (Single)		lipa-schmeltzer-shabbos-trump-single	https://mostlymusic.com/cdn/shop/files/65996.mp3?v=4604401780448357458
Moishy Schwartz - Veha'er (Single)		moishy-schwartz-vehaer-single	https://mostlymusic.com/cdn/shop/files/2324018.mp3?v=16725933804100525323
Yoeli Davidovich & Yanky Daskal - Nafshaynee (Single)		yoeli-davidovich-yanky-daskal-nafshaynee-single	https://mostlymusic.com/cdn/shop/files/62241.mp3?v=3742316838414197300
Michoel Schnitzler - A Breev (Single)		michoel-schnitzler-a-breev-single	https://mostlymusic.com/cdn/shop/files/2324019.mp3?v=9366583553332059618
Hanan Ben Ari - Ela Bi (Single)		hanan-ben-ari-ela-bi-single	https://mostlymusic.com/cdn/shop/files/59338.mp3?v=12349784951017435886
Nehoray Arieli - Lo 100% (Single)		nehoray-arieli-lo-100-single	https://mostlymusic.com/cdn/shop/files/63748.mp3?v=5084289651876258039
Eli Begun - We Must Go On		eli-begun-we-must-go-on	https://mostlymusic.com/cdn/shop/files/99938.mp3?v=17821889295449457162
Levi Yitzchok Cohen & Tuli Kletzkin - Kol Yisroel (Single)		levi-yitzchok-cohen-tuli-kletzkin-kol-yisroel-single	https://mostlymusic.com/cdn/shop/files/65978.mp3?v=1734781997412143659
Yonatan Stern feat. Leizer Brook - Kanfei Ruach [Acapella Cover] (Single)		yonatan-stern-feat-leizer-brook-kanfei-ruach-acapella-cover-single	https://mostlymusic.com/cdn/shop/files/58171.mp3?v=3390087650005116889
Bentzy Weberman & Eli Shprei - Refuas Hanefesh (Single)		bentzy-weberman-eli-shprei-refuas-hanefesh-single	https://mostlymusic.com/cdn/shop/files/61131.mp3?v=16528297779650941230
Nussi Liberman - Baat Basof (Single)		nussi-liberman-baat-basof-single	https://mostlymusic.com/cdn/shop/files/62240.mp3?v=8168179816041535997
Takshivu & Eli Dachs - B'Ahava (Single)		takshivu-eli-dachs-bahava-single	https://mostlymusic.com/cdn/shop/files/59325.mp3?v=10066337429715025596
Mendy Werdyger – Hasimcha (Single)		mendy-werdyger-hasimcha-single	https://mostlymusic.com/cdn/shop/files/63747.mp3?v=3831949346406141232
Shuki Salomon & Avi Man - Shir Harachamim (Single)		shuki-salomon-avi-man-shir-harachamim-single	https://mostlymusic.com/cdn/shop/files/62239.mp3?v=1509981105702106914
Hanoch Ben Moshe - Hegia Hazman [Acapella] (Single)		hanoch-ben-moshe-hegia-hazman-acapella-single	https://mostlymusic.com/cdn/shop/files/58169.mp3?v=11593364370102191908
Moishe Mintz - Kerachem (Single)		moishe-mintz-kerachem-single	https://mostlymusic.com/cdn/shop/files/2324017.mp3?v=7321383092405513869
Yoeli Dikman - Yad BeYad (Single)		yoeli-dikman-yad-beyad-single	https://mostlymusic.com/cdn/shop/files/63746.mp3?v=7742030030868311338
Blue Madness - Instrumental		blue-madness-instrumental	https://mostlymusic.com/cdn/shop/files/99937.mp3?v=76653630127744952
Neemos Choir - Mechalkel Chaim [Acapella Cover] (Single)		neemos-choir-mechalkel-chaim-acapella-cover-single	https://mostlymusic.com/cdn/shop/files/58170.mp3?v=421666035250634681
Gad Elbaz - Ata Shalom (Single)		gad-elbaz-ata-shalom-single	https://mostlymusic.com/cdn/shop/files/2324015.mp3?v=4637656550429486391
Avi Fine - Chasof (Single)		avi-fine-chasof-single	https://mostlymusic.com/cdn/shop/files/59321.mp3?v=6895339028065334217
YFM Studios - Chaf Hei (Single)		yfm-studios-koh-single	https://mostlymusic.com/cdn/shop/files/65980.mp3?v=14841523946348288380
YFM Studios - Chaf Hei (Single)		yfm-studios-koh-single	https://mostlymusic.com/cdn/shop/files/65979.mp3?v=3234399203930856230
A. Y. Bouzaglou - Yimloch (Single)		a-y-bouzaglou-yimloch-single	https://mostlymusic.com/cdn/shop/files/99936.mp3?v=9328272099548010062
Nochum Abraham - On N' On (Single)		nochum-abraham-on-n-on-single	https://mostlymusic.com/cdn/shop/files/63744.mp3?v=9465379573078313443
DJ MRM & Chezky Levy - Mipi Kel (Single)		dj-mrm-chezky-levy-mipi-kel-singley	https://mostlymusic.com/cdn/shop/files/65975.mp3?v=337151800632886984
Yoeli Dikman - Daka Shel Matzav Ruach (Single)		yoeli-dikman-daka-shel-matzav-ruach-single	https://mostlymusic.com/cdn/shop/files/61130.mp3?v=809751934695778213
Yanky Feder - L'chi (Single)		yanky-feder-lchi-single	https://mostlymusic.com/cdn/shop/files/62235.mp3?v=15869580816660673986
Yoni Z - Crown [Acapella] (Single)		yoni-z-crown-acapella-single	https://mostlymusic.com/cdn/shop/files/58168.mp3?v=15862201649535140997
Nussy Fuchs - Balachten (Single)		nussy-fuchs-balachten-single	https://mostlymusic.com/cdn/shop/files/2324014.mp3?v=17960751743807999678
Yitzy Lindner - Beyad Chaloshim (Single)		yitzy-lindner-beyad-chaloshim-single	https://mostlymusic.com/cdn/shop/files/59324.mp3?v=12800162484434173899
YY Spector ft. Ovadya - Avinu Malkeinu (Single)		yy-spector-ft-ovadya-avinu-malkeinu-single	https://mostlymusic.com/cdn/shop/files/61129.mp3?v=16292865424534332593
Sruli Kletzkin - Haneiros Haluli [Cover] (Single)		sruli-kletzkin-haneiros-haluli-cover-single	https://mostlymusic.com/cdn/shop/files/59322.mp3?v=6986126947044680061
Shloime Cohen - Da Lecha Beni		shloime-cohen-da-lecha-beni	https://mostlymusic.com/cdn/shop/files/99935.mp3?v=7306084064718853784
Itzik Eshel - Ve'ad Shehu Yavo (Single)		itzik-eshel-vead-shehu-yavo-single	https://mostlymusic.com/cdn/shop/files/62237.mp3?v=1609056721243808789
Mordy Weinstein - Prayer for the Hostages (Single)		mordy-weinstein-prayer-for-the-hostages-single	https://mostlymusic.com/cdn/shop/files/63743.mp3?v=3919532587497012525
Netanel Israel - Makom Balev (Single)		netanel-israel-makom-balev-single	https://mostlymusic.com/cdn/shop/files/2324013.mp3?v=11603158723661079474
Baruch Levine - Vhaya Bayom Hahu (Single)		baruch-levine-vhaya-bayom-hahu-single	https://mostlymusic.com/cdn/shop/files/65959.mp3?v=14483285334349197423
Meydad Tasa - Kaach Et Ha'or (Single)		meydad-tasa-kaach-et-haor-single	https://mostlymusic.com/cdn/shop/files/62236.mp3?v=7523266391599589625
Rabbi Eli Scheller - Shavous mELIodies (Single)		rabbi-eli-scheller-shavous-meliodies-single	https://mostlymusic.com/cdn/shop/files/65974.mp3?v=15600275593922364753
Yossi Fried, Mendy Weiss & Shmulik Klein - Oiven Arup (Single)		yossi-fried-mendy-weiss-shmulik-klein-oiven-arup-single	https://mostlymusic.com/cdn/shop/files/61126.mp3?v=18150448751496800232
Motty Goldman & Hershy Segal - Vus Iz Neias [Medley] (Single)		motty-goldman-hershy-segal-vus-iz-neias-medley-single	https://mostlymusic.com/cdn/shop/files/63742.mp3?v=16985120640973846240
Shloime Katzanelbogen - Modim (Single)		shloime-katzanelbogen-modim-single	https://mostlymusic.com/cdn/shop/files/2324012.mp3?v=15654157813340292618
Menachem Levy - Bring Out The Light (Single)		menachem-levy-bring-out-the-light-single	https://mostlymusic.com/cdn/shop/files/99931.mp3?v=2478653480257232254
Ari & Yanky Hill - Ma Ani Mevakesh (Single)		ari-yanky-hill-ma-ani-mevakesh-single	https://mostlymusic.com/cdn/shop/files/63741.mp3?v=8734541555192486692
Simcha Werdyger - Baruch Hashem Yom Yom		simcha-werdyger-baruch-hashem-yom-yom	https://mostlymusic.com/cdn/shop/files/99934.mp3?v=15144278072583493433
Mordechai Shapiro - Abba [Remixed By DJ Yossi Maimon] (Single)		mordechai-shapiro-abba-remixed-by-dj-yossi-maimon-single	https://mostlymusic.com/cdn/shop/files/59319.mp3?v=166518392751149804
Yosef Chaim Shwekey - Tevater Tarviach Yoter (Single)		yosef-chaim-shwekey-tevater-tarviach-yoter-single	https://mostlymusic.com/cdn/shop/files/59320.mp3?v=1079110263530657143
Eli Friedman  - Zeh Hayam Gadol (Single)		eli-friedman-zeh-hayam-gadol-single	https://mostlymusic.com/cdn/shop/files/61128.mp3?v=5671597241359785788
Avremi Roth - V'enizkeh (Single)		avremi-roth-venizkeh-single	https://mostlymusic.com/cdn/shop/files/2324011.mp3?v=1651324975278218201
Yedidim Choir (feat. Shea Berko) - Reb Shimon (Single)		yedidim-choir-feat-shea-berko-reb-shimon-single	https://mostlymusic.com/cdn/shop/files/65958.mp3?v=8402944281397523904
Shuky Sadon - Libi (Single)		shuky-sadon-libi-single	https://mostlymusic.com/cdn/shop/files/99932.mp3?v=17983689778868730747
Motty Ilowitz, Meir Nussenzweig & Michoel Schnitzler Z"L  - Poke'ach Ivrim (Single)		motty-ilowitz-meir-nussenzweig-michoel-schnitzler-zl-pokeach-ivrim-single	https://mostlymusic.com/cdn/shop/files/62234.mp3?v=16232549285713065913
Bentzi Stein, Ahrele Samet, Motty Vizel & Moshe Dovid Weissmandl - Be'eis Ne'ilas Shar [Medley] (Single)		bentzi-stein-ahrele-samet-motty-vizel-moshe-dovid-weissmandl-beeis-neilas-shar-medley-single	https://mostlymusic.com/cdn/shop/files/65957.mp3?v=9327612723379356498
Rabbi Shmuel Morgenbesser - It's Purim Today		rabbi-shmuel-morgenbesser-its-purim-today	https://mostlymusic.com/cdn/shop/files/62233.mp3?v=9442996870145313806
Yidi Bialastozky ft. Kalmey Schwartz, Shmaya Fischer, Sruly Altman, Bentzy Weberman & Chaim Brown - Der Rebbe Is Gezunt		yidi-bialastozky-ft-kalmey-schwartz-shmaya-fischer-sruly-altman-bentzy-weberman-chaim-brown-der-rebbe-is-gezunt	https://mostlymusic.com/cdn/shop/files/61125.mp3?v=7233505273686584632
Eli Herzlich - Ha'Adam (Single)		eli-herzlich-haadam-single	https://mostlymusic.com/cdn/shop/files/63740.mp3?v=579663719483462388
R' Shloime Taussig - Ezri [Acapella] (Single)		r-shloime-taussig-ezri-acapella-single	https://mostlymusic.com/cdn/shop/files/58196.mp3?v=13321666217837091391
Motty Steinmetz - Hodu Lahashem (Single)		motty-steinmetz-hodu-lahashem-single	https://mostlymusic.com/cdn/shop/files/59317.mp3?v=11857954216421504769
Kobi Brummer & Kobi Grinboim  - Veohavto (Single)		kobi-brummer-kobi-grinboim-veohavto-single	https://mostlymusic.com/cdn/shop/files/61122.mp3?v=10173944235281486261
Avi Reymi & Yair Bodner ft. Elchanan Elchadad - Bo Shabbos [Cover] (Single)		avi-reymi-yair-bodner-ft-elchanan-elchadad-bo-shabbos-cover-single	https://mostlymusic.com/cdn/shop/files/63738.mp3?v=12631930627399667505
Neranenu Choir - Keayol Taaroig		neranenu-choir-keayol-taaroig	https://mostlymusic.com/cdn/shop/files/99930.mp3?v=12175746500528508250
Gesher, Yoeli Klien, Shaya Gross & Shea Berko - Mi Lashem Eili (Single)		gesher-yoeli-klien-shaya-gross-shea-berko-mi-lashem-eili-single	https://mostlymusic.com/cdn/shop/files/65956.mp3?v=14294798315136218530
Ari Berman - Modim (Single)		ari-berman-modim-single	https://mostlymusic.com/cdn/shop/files/2324010.mp3?v=6705643466213946813
Suscher Guttman & Yoely Fischer Production - Oct. 31 '23		suscher-guttman-yoely-fischer-production-oct-31-23	https://mostlymusic.com/cdn/shop/files/62232.mp3?v=8786379616908655513
Simche Friedman - Niggun Lirkod Ito (Single)		simche-friedman-niggun-lirkod-ito-single	https://mostlymusic.com/cdn/shop/files/61124.mp3?v=15795417880541473301
Meir Ben Dror - Boker Tov [Vocal Cover] (Single)		meir-ben-dror-boker-tov-vocal-cover-single	https://mostlymusic.com/cdn/shop/files/58167.mp3?v=161236699894538449
Michael Azulay - Shema Bekola (Single)		michael-azulay-shema-bekola-single	https://mostlymusic.com/cdn/shop/files/2324009.mp3?v=12421455623465657427
Nachman Bowmel - Lecha Dodi (Single)		nachman-bowmel-lecha-dodi-single	https://mostlymusic.com/cdn/shop/files/63736.mp3?v=5161364407894948285
Kol Mevakesh - Im Eshkacheich		kol-mevaser-im-eshkacheich	https://mostlymusic.com/cdn/shop/files/99924.mp3?v=11087449757440522739
Neshama Choir Ft. Dudi Kalish, Ahrele Samet, Motty Vizel, Moshe Dovid Weissmandl & Shmulik Weinreich Productions - Mizmor Shir (Single)		neshama-choir-ft-dudi-kalish-ahrele-samet-motty-vizel-moshe-dovid-weissmandl-shmulik-weinreich-productions-mizmor-shir-single	https://mostlymusic.com/cdn/shop/files/59314.mp3?v=12986973182774147880
Duvid Feder & Chesky Schwartz Production - Oct. 22 '23		duvid-feder-chesky-schwartz-production-oct-22-23	https://mostlymusic.com/cdn/shop/files/62231.mp3?v=10993387959195596356
Ahrele Samet & Meir Adler - Bsichis Hatana (Single)		ahrele-samet-meir-adler-bsichis-hatana-single	https://mostlymusic.com/cdn/shop/files/65955.mp3?v=1263497715918593985
Yoely Davidowitz Ft. Malchus Choir, Yoeli Klein, Shaya Gross & Motty Goldman - Mamleches Kohanim [Cover] (Single)		yoely-davidowitz-ft-malchus-choir-yoeli-klein-shaya-gross-motty-goldman-mamleches-kohanim-cover-single	https://mostlymusic.com/cdn/shop/files/59315.mp3?v=3215538429226451405
Yossi Shick - Daim Tug (Single)		yossi-shick-daim-tug-single	https://mostlymusic.com/cdn/shop/files/61127.mp3?v=7448540084889142081
Suscher Gutman & Yoely Klien - KI Mitziyon (Single)		suscher-gutman-yoely-klien-ki-mitziyon-single	https://mostlymusic.com/cdn/shop/files/65954.mp3?v=1466787713576826367
Dovy Meisels - Kretchma (Single)		dovy-meisels-kretchma-single	https://mostlymusic.com/cdn/shop/files/2324008.mp3?v=4110110565721377213
Yonatan Razel - Mehager [Acapella] (Single)		yonatan-razel-mehager-acapella-single	https://mostlymusic.com/cdn/shop/files/58164.mp3?v=9353122338004329259
Shmulik Gefner - Lehodos Ulehalel [Cover] (Single)		shmulik-gefner-lehodos-ulehalel-cover-single	https://mostlymusic.com/cdn/shop/files/59312.mp3?v=14267597199974699904
Moti Weiss - Bati Ledaber (Single)		moti-weiss-bati-ledaber-single	https://mostlymusic.com/cdn/shop/files/62230.mp3?v=75397772926469956
Eitan Katz ft. Naftali Kempeh - Sh'ma Beni (Single)		eitan-katz-ft-naftali-kempeh-shma-beni-single	https://mostlymusic.com/cdn/shop/files/63735.mp3?v=15102915152883254825
Shaya Lebron - Uvau Chulam (Single)		shaya-lebron-uvau-chulam-single	https://mostlymusic.com/cdn/shop/files/61123.mp3?v=4610631131035820791
Chilu Genuth - Hasheveinu Hashem (Single)		chilu-genuth-hasheveinu-hashem-single	https://mostlymusic.com/cdn/shop/files/99926.mp3?v=2355513631499166140
Meir Hajby - Lo Nafsik Lachlom [Acapella Cover] (Single)		meir-hajby-lo-nafsik-lachlom-acapella-cover-single	https://mostlymusic.com/cdn/shop/files/58163.mp3?v=2959280052136863034
Moishe Mintz - Tehilim (Single)		moishe-mintz-tehilim-single	https://mostlymusic.com/cdn/shop/files/2324007.mp3?v=17131274817996854701
Yechiel Schron & Yitzy Waldner - Yehei Raava [Acapella] (Single)		yechiel-schron-yitzy-waldner-yehei-raava-acapella-single	https://mostlymusic.com/cdn/shop/files/65953.mp3?v=17807371821515948244
Tuvie Eichler - Hashem Yodea (Single)		tuvie-eichler-hashem-yodea-single	https://mostlymusic.com/cdn/shop/files/61121.mp3?v=8942953502870173691
Dovid Knobloch - I'm Trying (Single)		dovid-knobloch-im-trying-single	https://mostlymusic.com/cdn/shop/files/62218.mp3?v=697662000250374878
Menashe Lichtenstien - Tehilas Hashem		yedidim-choir-tehilas-hashem	https://mostlymusic.com/cdn/shop/files/99923.mp3?v=17866189071787997037
Yankie Kryman, Eli Marcus, Avrumi Berko  - Oidchu Hashem [Acapella] (Single)		yankie-kryman-eli-marcus-avrumi-berko-oidchu-hashem-acapella-single	https://mostlymusic.com/cdn/shop/files/65950.mp3?v=15564944514740762387
Yonatan Shainfeld - Derech Chadasha (Single)		yonatan-shainfeld-derech-chadasha-single	https://mostlymusic.com/cdn/shop/files/2324004.mp3?v=6501222353788051608
Shloime Gertner - Neshomo		shloime-gertner-neshomo	https://mostlymusic.com/cdn/shop/files/99922.mp3?v=14027784041689903044
Itzik & Aharon Nachman Eshel - Kolchah B'ni (Single)		itzik-aharon-nachman-eshel-kolchah-bni-single	https://mostlymusic.com/cdn/shop/files/63733.mp3?v=10459812192923619178
Yishai Saidoff - Ekra BaChoshech (Single)		yishai-saidoff-ekra-bachoshech-single	https://mostlymusic.com/cdn/shop/files/62217.mp3?v=9018634750646422450
Sruly Green - R' Levi Yitzchak (Single)		sruly-green-r-levi-yitzchak-single	https://mostlymusic.com/cdn/shop/files/59313.mp3?v=10722161641495304738
Avi Ilson & Ahrele Samet - Hamelamed Torah [Acapella] (Single)		avi-ilson-ahrele-samet-hamelamed-torah-acapella-mp3	https://mostlymusic.com/cdn/shop/files/65948.mp3?v=1981767855065052791
Dovid Reiter - Ma Ahavti (Single)		dovid-reiter-ma-ahavti-single	https://mostlymusic.com/cdn/shop/files/61061.mp3?v=1941622998167152803
Chaim Braun & Shmiel Hersh Miller Production Nov. 29 '22 Nussbaum		chaim-braun-shmiel-hersh-miller-production-nov-29-22-nussbaum	https://mostlymusic.com/cdn/shop/files/59202.mp3?v=9494340723919919562
Mendi Jerufi - Libi Uvesari (Single)		mendi-jerufi-libi-uvesari-single	https://mostlymusic.com/cdn/shop/files/63732.mp3?v=7643427993410524004
Benny Friedman - Toda Lecha Rebbe (Single)		benny-friedman-toda-lecha-rebbe-single	https://mostlymusic.com/cdn/shop/files/61120.mp3?v=12659985635653984595
Yetzireh Production - Hu Lachmu (Single)		yetzireh-production-hu-lachmu-single	https://mostlymusic.com/cdn/shop/files/58161.mp3?v=14790878438359328072
Yanky Ausch - Nigun Lizensk (Single)		yanky-ausch-nigun-lizensk-single	https://mostlymusic.com/cdn/shop/files/62216.mp3?v=8208310901242279350
Motty Vizel & Ahrele Samet - Davka Nafshi (Single)		motty-vizel-ahrele-samet-davka-nafshi-single	https://mostlymusic.com/cdn/shop/files/58160.mp3?v=1699403092885451236
Shmulik Klein - Shetargileinu [Acapella] (Single)		shmulik-klein-shetargileinu-acapella-single	https://mostlymusic.com/cdn/shop/files/65947.mp3?v=5722907813067604691
Kobi Grinboim - Shkoyech (Single)		kobi-grinboim-shkoyech-single	https://mostlymusic.com/cdn/shop/files/2324002.mp3?v=11708687991582425839
Dovid Stein - Ameich		dovid-stein-ameich	https://mostlymusic.com/cdn/shop/files/99921.mp3?v=8122149326068318514
The Loop Fest - Jingle Challenge [Live] (Single)		the-loop-fest-jingle-challenge-live-single	https://mostlymusic.com/cdn/shop/files/63731.mp3?v=1640800634680676453
Shmulik Sukkot - Lehitkarev (Single)		shmulik-sukkot-lehitkarev-single	https://mostlymusic.com/cdn/shop/files/62215.mp3?v=15653172122566622699
Shmueli Ungar, The Shira Choir & Shimmy Levy Production Nov. 23 '22 Altman		shmueli-ungar-the-shira-choir-shimmy-levy-production-nov-23-22-altman	https://mostlymusic.com/cdn/shop/files/59201.mp3?v=5314624525841026181
Adi Gabison - LeChaim (Single)		adi-gabison-lechaim-single	https://mostlymusic.com/cdn/shop/files/2324001.mp3?v=10135333783958894307
The Shira Choir - Ki B’Sheim (Single)		the-shira-choir-ki-b-sheim-single	https://mostlymusic.com/cdn/shop/files/63734.mp3?v=7911264749178807066
Eliav Hori - Hashivenu [Acapella] (Single)		eliav-hori-hashivenu-acapella-single	https://mostlymusic.com/cdn/shop/files/61033.mp3?v=11159352554828978303
Yohan Michael - Achake Lo		yohan-michael-achake-lo	https://mostlymusic.com/cdn/shop/files/99920.mp3?v=10712052147066143264
Yoely Weiss - Haneiros Haluli (Single)		yoely-weiss-haneiros-haluli-single	https://mostlymusic.com/cdn/shop/files/59200.mp3?v=8613494112475493005
David Cohen - Baderech Elecha [Acapella] (Single)		david-cohen-baderech-elecha-acapella-single	https://mostlymusic.com/cdn/shop/files/58159.mp3?v=11243620271627165985
Chaim Green - Nesoyen [Acapella] (Single)		chaim-green-nesoyen-acapella-single	https://mostlymusic.com/cdn/shop/files/65946.mp3?v=15105618320774461863
Nati Levin - Nor In Hashem (Single)		nati-levin-nor-in-hashem-single	https://mostlymusic.com/cdn/shop/files/2324000.mp3?v=17016371134470398851
Dudi Meshi - Ein Yeush (Single)		dudi-meshi-ein-yeush-single	https://mostlymusic.com/cdn/shop/files/62214.mp3?v=7819647828867742708
Yaakov Gifter & Sons - V'al Tivienu [Acapella] (Single)		yaakov-gifter-sons-val-tivienu-acapella-single	https://mostlymusic.com/cdn/shop/files/61036.mp3?v=16491873975121586979
Nati Levin - Tikra Lo [Acapella] (Single)		nati-levin-tikra-lo-acapella-single	https://mostlymusic.com/cdn/shop/files/61035.mp3?v=4194022473131516366
Esther Hilman - Never Alone [Cover] (Single)		esther-hilman-never-alone-cover-single	https://mostlymusic.com/cdn/shop/files/63730.mp3?v=13401905168120102019
Shulem Lemmer - My Way [Live] (Single)		shulem-lemmer-my-way-live-single	https://mostlymusic.com/cdn/shop/files/62213.mp3?v=12010560912129910235
Ari Hill & Joey Newcomb - Chelek Elokai (Single)		ari-hill-joey-newcomb-chelek-elokai-single	https://mostlymusic.com/cdn/shop/files/2323999.mp3?v=7447425893681849592
Uzi Bodner - Zeh Ani		uzi-bodner-zeh-ani	https://mostlymusic.com/cdn/shop/files/99919.mp3?v=8811988834646859031
Yoely Klein & Shaya Gross - Shita Hakedosha [Cover] (Single)		yoely-klein-shaya-gross-shita-hakedosha-cover-single	https://mostlymusic.com/cdn/shop/files/59199.mp3?v=8507274079723930140
Ari Gold & Elchanan Elchadad - Nigun Shel Tzadik (Single)		ari-gold-elchanan-elchadad-nigun-shel-tzadik-single	https://mostlymusic.com/cdn/shop/files/63727.mp3?v=11587694999290456507
Shalom Brenholtz - Am Segula [Vocal] (Single)		shalom-brenholtz-am-segula-vocal-single	https://mostlymusic.com/cdn/shop/files/58158.mp3?v=11097445182386639556
Nehorai Arieli - Daf Chadash (Single)		meir-goldstein-khayom-hazeh-single-1	https://mostlymusic.com/cdn/shop/files/2323998.mp3?v=16114855827567210951
Achiya Cohen - Nigun Rikud [Instrumental] (Single)		achiya-cohen-nigun-rikud-instrumental-single	https://mostlymusic.com/cdn/shop/files/58145.mp3?v=12104024963656987232
Tzvi Felder - Never Ends (Single)		tzvi-felder-never-ends-single	https://mostlymusic.com/cdn/shop/files/59198.mp3?v=12444367014402238828
Baruch Levine - Chofetz Chaim Heritage Foundation - Aderaba (Acapella Version)		baruch-levine-chofetz-chaim-heritage-foundation-aderaba-acapella-version	https://mostlymusic.com/cdn/shop/files/65945.mp3?v=13192495909912512630
David Ben Arza - Atah Tov (Single)		david-ben-arza-atah-tov-single	https://mostlymusic.com/cdn/shop/files/63723.mp3?v=1705623283498822183
Tzvi Silberstein - Lo Ira  (Feat. Ari Goldwag)		tzvi-silberstein-lo-ira-feat-ari-goldwag	https://mostlymusic.com/cdn/shop/files/LISS.mp3?v=4127910324988916943
Mendel Moses - Am Yisrael Chai (Single)		mendel-moses-am-yisrael-chai-single	https://mostlymusic.com/cdn/shop/files/62212.mp3?v=7912401285815248895
Baryo - K'shehakol Yistader (Single)		baryo-kshehakol-yistader-single	https://mostlymusic.com/cdn/shop/files/58144.mp3?v=6121651200843420241
Yonatan Stern - Lezakot Et Yisrael [Acapella] (Single)		yonatan-stern-lezakot-et-yisrael-acapella-single	https://mostlymusic.com/cdn/shop/files/61037.mp3?v=8307869164158658605
Shalom Bernholtz - Hinei Lifanecha (Single)		shalom-bernholtz-hinei-lifanecha-single	https://mostlymusic.com/cdn/shop/files/2323997.mp3?v=5282027064688269638
Shalsheles Junior - Al Hanisim (Single)		shalsheles-junior-al-hanisim-single	https://mostlymusic.com/cdn/shop/files/99918.mp3?v=13922669137332911407
Chaim Green - B'chol Dor V'dor (EP)		chaim-green-bchol-dor-vdor-ep	https://mostlymusic.com/cdn/shop/files/65940.mp3?v=6670623940818033949
Chaim Green - B'chol Dor V'dor (EP)		chaim-green-bchol-dor-vdor-ep	https://mostlymusic.com/cdn/shop/files/65941.mp3?v=373198913241685553
Chaim Green - B'chol Dor V'dor (EP)		chaim-green-bchol-dor-vdor-ep	https://mostlymusic.com/cdn/shop/files/65942.mp3?v=10516198742278875872
Chaim Green - B'chol Dor V'dor (EP)		chaim-green-bchol-dor-vdor-ep	https://mostlymusic.com/cdn/shop/files/65943.mp3?v=3528034907395869804
Chaim Green - B'chol Dor V'dor (EP)		chaim-green-bchol-dor-vdor-ep	https://mostlymusic.com/cdn/shop/files/65944.mp3?v=4825972562609116262
Daniel Elisha - Yeled (Single)		daniel-elisha-yeled-single	https://mostlymusic.com/cdn/shop/files/63724.mp3?v=15533820694456891639
Baruch Levine - Chofetz Chaim Heritage Foundation - Aderaba (Single)		baruch-levine-chofetz-chaim-heritage-foundation-aderaba-single	https://mostlymusic.com/cdn/shop/files/65939.mp3?v=10049634059289466096
Dovid Pearlman - Nachmu [Acapella] (Single)		dovid-pearlman-nachmu-acapella-single	https://mostlymusic.com/cdn/shop/files/61032.mp3?v=9963326441103035073
Nissim Saal - V'asayem Bitfilah (Single)		nissim-saal-vasayem-bitfilah-single	https://mostlymusic.com/cdn/shop/files/62211.mp3?v=10672125186771388884
Nissim Black - Victory (Single)		nissim-black-victory-single	https://mostlymusic.com/cdn/shop/files/59161.mp3?v=1554976311700222119
Raphael Melloul - Chanukah Medley (Single)		raphael-melloul-chanukah-medley-single	https://mostlymusic.com/cdn/shop/files/59162.mp3?v=1825582752997243017
Chaim Shaye Weil, The Negina Choir & Benny Brandsdorfer - Hallel (Single)		chaim-shaye-weil-the-negina-choir-benny-brandsdorfer-hallel-single	https://mostlymusic.com/cdn/shop/files/58143.mp3?v=5947343258543056727
Meshulam Greenberg - Aleinu (Single)		meshulam-greenberg-aleinu-single	https://mostlymusic.com/cdn/shop/files/MGALS.mp3?v=14662032127455512860
Avichai - Dofek Lecha Ba'Delet (Single)		avichai-dofek-lecha-badelet-single	https://mostlymusic.com/cdn/shop/files/63726.mp3?v=9687474752888800792
Meir Goldstein - K'hayom Hazeh (Single)		meir-goldstein-khayom-hazeh-single	https://mostlymusic.com/cdn/shop/files/2323995.mp3?v=10700341068606206793
Roy Yadid - Od Yoter Tov [Cover] (Single)		roy-yadid-od-yoter-tov-cover-single	https://mostlymusic.com/cdn/shop/files/63720.mp3?v=9263565309751012830
Devorah Schwartz - Who I Am (Single)		devorah-schwartz-who-i-am-single	https://mostlymusic.com/cdn/shop/files/65936.mp3?v=16540150543882853284
Gavriel Pelcovitz - Eicha [Acapella] (Single)		gavriel-pelcovitz-eicha-acapella-single	https://mostlymusic.com/cdn/shop/files/61034.mp3?v=9552070025711581776
Nehoray Arieli - Tohar (Single)		nehoray-arieli-tohar-single	https://mostlymusic.com/cdn/shop/files/59160.mp3?v=16203884951387154601
Kobi Brummer - Yoter Tov (Single)		kobi-brummer-yoter-tov-single	https://mostlymusic.com/cdn/shop/files/2323994.mp3?v=17050215367439348639
Yaakov Shlomo Gross - Pesach Kumzits (Single)		yaakov-shlomo-gross-pesach-kumzits-single	https://mostlymusic.com/cdn/shop/files/65937.mp3?v=6914871801437288598
Motty Ilowitz & Yidi Bialostozky Feat. Child Soloist Gershon Dovid Twersky - Echad Mi Yodea (Single)		motty-ilowitz-yidi-bialostozky-feat-child-soloist-gershon-dovid-twersky-echad-mi-yodea-single	https://mostlymusic.com/cdn/shop/files/58142.mp3?v=2729994411492579685
Mendy Worch - Bunim		mendy-worch-bunim	https://mostlymusic.com/cdn/shop/files/99915.mp3?v=4196238936342248818
Sruly Green - I Wanna Go Home [AKAY Remix] (Single)		sruly-green-i-wanna-go-home-akay-remix-single	https://mostlymusic.com/cdn/shop/files/62209.mp3?v=6161574065972761368
Avremi Roth - Zohar Shabbos [Acapella] (Single)		avremi-roth-zohar-shabbos-acapella-single	https://mostlymusic.com/cdn/shop/files/61031.mp3?v=2214682733960393422
Shloime Katzanelbogen - Zechus Avos [Cover] (Single)		shloime-katzanelbogen-zechus-avos-cover-single	https://mostlymusic.com/cdn/shop/files/62210.mp3?v=72079723202090351
Mendy Worch - Rebbe Tell Me (Single)		mendy-worch-rebbe-tell-me-single	https://mostlymusic.com/cdn/shop/files/59159.mp3?v=15330401237305580177
Itchik Schwartz - Seudah L'tzadikim (Single)		itchik-schwartz-seudah-ltzadikim-single	https://mostlymusic.com/cdn/shop/files/2323993.mp3?v=17693377605999979395
Yoely Greenfield - Rachmana Liba Boyeh (Single)		yoely-greenfield-rachmana-liba-boyeh-single	https://mostlymusic.com/cdn/shop/files/99914.mp3?v=7722323484714250620
DJ Yossi Newman Feat. Yaakov Rosenblum - By My Side (Single)		dj-yossi-newman-feat-yaakov-rosenblum-by-my-side-single	https://mostlymusic.com/cdn/shop/files/58141.mp3?v=10812158031996519049
Moshe Dovid Weissmandl - Boy Shoin Di Beis Hamikdash (Single)		moshe-dovid-weissmandl-boy-shoin-di-beis-hamikdash-single	https://mostlymusic.com/cdn/shop/files/65935.mp3?v=13737792579773529598
8th Day - Ben Amram [Acapella Re-mix] (Single)		8th-day-ben-amram-acapella-re-mix-single	https://mostlymusic.com/cdn/shop/files/61021.mp3?v=15156851038278193860
Shloime Balsam - Hisnaari-Ve'Eineinu [Cover] (Single)		shloime-balsam-hisnaari-veeineinu-cover-single	https://mostlymusic.com/cdn/shop/files/63719.mp3?v=13422529101609563952
Ariel Tzur - LeChaim (Single)		ariel-tzur-lechaim-single	https://mostlymusic.com/cdn/shop/files/62208.mp3?v=13041119884772144365
Hillel Kapnick - Mi K'amcha Yisroel (Single)		hillel-kapnick-mi-kamcha-yisroel-single	https://mostlymusic.com/cdn/shop/files/2323991.mp3?v=9388798818007390562
Motty Ilowitz - Hayeled Hazeh (Single)		motty-ilowitz-hayeled-hazeh-single	https://mostlymusic.com/cdn/shop/files/65934.mp3?v=16773988530996171215
Lipa Schmeltzer & Hershy Langsam Production Nov. 20 '22 Deutch		lipa-schmeltzer-hershy-langsam-production-nov-20-22-deutch	https://mostlymusic.com/cdn/shop/files/59156.mp3?v=4173924406144052831
Avraham Fried - Hineni B'yadcha (Single)		avraham-fried-riboin-single	https://mostlymusic.com/cdn/shop/files/99913.mp3?v=14844104324526462102
Ahrele Samet, Yoely Klein & Shaya Gross - Tiferes Shlomo Nigun [Cover] (Single)		ahrele-samet-yoely-klein-shaya-gross-tiferes-shlomo-nigun-cover-single	https://mostlymusic.com/cdn/shop/files/59155.mp3?v=4372749379985376883
Chaim Avital - Aliyot Yeridot (Single)		chaim-avital-aliyot-yeridot-single	https://mostlymusic.com/cdn/shop/files/63725.mp3?v=928576648579443106
Tzvi Silberstein - V'yatzmach		tzvi-silberstein-vyatzmach	https://mostlymusic.com/cdn/shop/files/TSVFS.mp3?v=10671677689706828615
Shlepping Nachas - Pharaoh In Pajamas (Single)		shlepping-nachas-pharaoh-in-pajamas-single	https://mostlymusic.com/cdn/shop/files/58139.mp3?v=17805807711764784644
Yehonatan Ben Ezra - Matai Tavo (Single)		yehonatan-ben-ezra-matai-tavo-single	https://mostlymusic.com/cdn/shop/files/2323990.mp3?v=9795970679143457602
Rav Mo - Unleavened (Single)		rav-mo-unleavened-single	https://mostlymusic.com/cdn/shop/files/58140.mp3?v=2842806493988981395
Yechiel Giniger ft. Zevy Giniger & Yosef Giniger - Rachem [Acapella] (Single)		yechiel-giniger-ft-zevy-giniger-yosef-giniger-rachem-acapella-single	https://mostlymusic.com/cdn/shop/files/61018.mp3?v=11572464415838225016
Israel Portnoy - Heart & Soul Medley (Single)		israel-portnoy-heart-soul-medley-single	https://mostlymusic.com/cdn/shop/files/62205.mp3?v=15270090534394299195
Ari Goldwag ft. Yosef Kugler - Kevodo [Acapella] (Single)		ari-goldwag-ft-yosef-kugler-kevodo-acapella-single	https://mostlymusic.com/cdn/shop/files/61020.mp3?v=13057454361724965908
Hershy Eisenbach - Magen Avos (Single)		hershy-eisenbach-magen-avos-single	https://mostlymusic.com/cdn/shop/files/63721.mp3?v=17946801867314576263
TYH Boys - Hashem's Army (Single)		tyh-boys-hashems-army-single	https://mostlymusic.com/cdn/shop/files/65933.mp3?v=944568282170100865
Zingerlich Choir, Dudi Kalish & Neranena Choir - Hoshieini (Single)		zingerlich-choir-dudi-kalish-neranena-choir-hoshieini-single	https://mostlymusic.com/cdn/shop/files/59153.mp3?v=659983770236515395
Avi Man - Lifney HaChupa (Single)		avi-man-lifney-hachupa-single	https://mostlymusic.com/cdn/shop/files/62207.mp3?v=12065510971299473946
Yaakov Shwekey - Lernin [Remixed By DJE Productions] (Single)		yaakov-shwekey-lernin-remixed-by-dje-productions-single	https://mostlymusic.com/cdn/shop/files/58136.mp3?v=4614464470374942378
Eli Seidenfeld - Hashkifa (Single)		eli-seidenfeld-hashkifa-single	https://mostlymusic.com/cdn/shop/files/63722.mp3?v=3812504609637589276
Yoeli Dikman - Chibur Chazak (Single)		yoeli-dikman-chibur-chazak-single	https://mostlymusic.com/cdn/shop/files/2323986.mp3?v=17627543898593536364
Yaakov Shwekey - Guf Uneshama (Single)		yaakov-shwekey-guf-uneshama-single	https://mostlymusic.com/cdn/shop/files/62204.mp3?v=13756282952864532513
Eyel Twito - Lo Levad [Acapella] (Single)		eyel-twito-lo-levad-acapella-single	https://mostlymusic.com/cdn/shop/files/61019.mp3?v=10185346014069879978
Yaakov Shwekey - L'Chaim [Remixed By DJ Niso Slob] (Single)		yaakov-shwekey-lchaim-remixed-by-dj-niso-slob-single	https://mostlymusic.com/cdn/shop/files/58135.mp3?v=2585685147565713575
Nissim Saal - Maher (Single)		nissim-saal-maher-single	https://mostlymusic.com/cdn/shop/files/65932.mp3?v=14924426629214167427
Yidi Bialostozky & Lev Choir - Achoseini (Single)		yidi-bialostozky-lev-choir-achoseini-single	https://mostlymusic.com/cdn/shop/files/59140.mp3?v=1189280722760184070
Roi Lavi - Lechatchila Ariber (Single)		roi-lavi-lechatchila-ariber-single	https://mostlymusic.com/cdn/shop/files/2323985.mp3?v=7050347028693960471
Reb Godul Eizner - Lech Lecha		reb-godul-eizner-lech-lecha	https://mostlymusic.com/cdn/shop/files/53299.mp3?v=66785361481884412
Reb Godul Eizner - Lech Lecha		reb-godul-eizner-lech-lecha	https://mostlymusic.com/cdn/shop/files/53300.mp3?v=15606859145322435817
Reb Godul Eizner - Lech Lecha		reb-godul-eizner-lech-lecha	https://mostlymusic.com/cdn/shop/files/53301.mp3?v=7142625070123582417
Reb Godul Eizner - Lech Lecha		reb-godul-eizner-lech-lecha	https://mostlymusic.com/cdn/shop/files/53302.mp3?v=5879349896191088673
Reb Godul Eizner - Lech Lecha		reb-godul-eizner-lech-lecha	https://mostlymusic.com/cdn/shop/files/53303.mp3?v=17094165178600466029
Reb Godul Eizner - Lech Lecha		reb-godul-eizner-lech-lecha	https://mostlymusic.com/cdn/shop/files/53304.mp3?v=11683429155876823880
Reb Godul Eizner - Lech Lecha		reb-godul-eizner-lech-lecha	https://mostlymusic.com/cdn/shop/files/53305.mp3?v=10259077807692265205
Reb Godul Eizner - Lech Lecha		reb-godul-eizner-lech-lecha	https://mostlymusic.com/cdn/shop/files/53306.mp3?v=2534450153971751039
Shloima'le Krishevsky - Pidyon HaBen (Single)		shloimale-krishevsky-pidyon-haben-single	https://mostlymusic.com/cdn/shop/files/63718.mp3?v=8375155429483139210
Avi Ilson - Makom Lachlom (Single)		avi-ilson-makom-lachlom-single	https://mostlymusic.com/cdn/shop/files/59141.mp3?v=16474201651696411667
Nemouel & Yair Shoval - Aba Ohev [Acapella] (Single)		nemouel-yair-shoval-aba-ohev-acapella-single	https://mostlymusic.com/cdn/shop/files/61017.mp3?v=15080753230050529636
Beri Weber & Shlome Yakov Weber - The Weber Chuppah [Medley] (Single)		beri-weber-shlome-yakov-weber-the-weber-chuppah-medley-single	https://mostlymusic.com/cdn/shop/files/65931.mp3?v=11398926372560424872
Shloime Lunger & Shir V'Shevach Boys Choir - Information Play Theme Song (Single)		shloime-lunger-shir-vshevach-boys-choir-information-play-theme-song-single	https://mostlymusic.com/cdn/shop/files/58134.mp3?v=7524102419479506779
Benny Friedman & baruch levine - Bar Papa [Live] (Single)		benny-friedman-baruch-levine-bar-papa-live-single	https://mostlymusic.com/cdn/shop/files/65916.mp3?v=14774814773074095344
Aaron Razel - Ani Nitzchi (Single)		aaron-razel-ani-nitzchi-single	https://mostlymusic.com/cdn/shop/files/62203.mp3?v=792982489754588607
Yoni Z - Odeh		yoni-z-odeh	https://mostlymusic.com/cdn/shop/files/YZOFS.mp3?v=14839675566326683053
Avrumy Straus & Moshe Groner – Uvechol Zos [Cover] (Single)		avrumy-straus-moshe-groner-uvechol-zos-cover-single	https://mostlymusic.com/cdn/shop/files/63717.mp3?v=472436882448885530
Yosef Karduner - Tzamah: Pada Beshalom (Single)		yosef-karduner-tzamah-pada-beshalom-single	https://mostlymusic.com/cdn/shop/files/59139.mp3?v=18165912388682422671
Shalsheles – Boee Kallah (Single)		shalsheles-boee-kallah-single	https://mostlymusic.com/cdn/shop/files/63715.mp3?v=7253690592046077258
Motty Steinmetz - Tenu Beni (Single)		motty-steinmetz-tenu-beni-single	https://mostlymusic.com/cdn/shop/files/2323984.mp3?v=17848981275434777601
Shloime Gertner (Feat. Yitzy Waldner) - Hashem Ish Milchama (Single)		shloime-gertner-feat-yitzy-waldner-hashem-ish-milchama-single	https://mostlymusic.com/cdn/shop/files/65893.mp3?v=13448029355917236024
Rogers Park - Golden Crown		rogers-park-golden-crown	https://mostlymusic.com/cdn/shop/files/RPGC.mp3?v=5882921545880935912
Joey Newcomb & Moshe Storch - Thank You Hashem Acapella Remix (Single)		joey-newcomb-moshe-storch-thank-you-hashem-acapella-remix-single	https://mostlymusic.com/cdn/shop/files/2323983.mp3?v=10554510882997622259
Moshe Mendlowitz - My Eternal Promise [Shela-He] (Single)		moshe-mendlowitz-my-eternal-promise-shela-he-single	https://mostlymusic.com/cdn/shop/files/62170.mp3?v=18412631887730465027
Uri Davidi - Hinei HaGeula [Acapella] (Single)		uri-davidi-hinei-hageula-acapella-single	https://mostlymusic.com/cdn/shop/files/61005.mp3?v=98249068065899213
The Shapiro Brothers - Amudai Shaish Medley (Single)		the-shapiro-brothers-amudai-shaish-medley-single	https://mostlymusic.com/cdn/shop/files/2323982.mp3?v=11312307803422855081
Lipa Schmeltzer - Dropenen (Single)		lipa-schmeltzer-dropenen-single	https://mostlymusic.com/cdn/shop/files/62159.mp3?v=1251556225322989503
Baruch Levine - Odcha Hashem [Acapella] (Single)		baruch-levine-odcha-hashem-acapella-single	https://mostlymusic.com/cdn/shop/files/61006.mp3?v=8202723314738505775
Simcha Jacoby - Golus Mitzrayim (Single)		simcha-jacoby-golus-mitzrayim-single	https://mostlymusic.com/cdn/shop/files/58133.mp3?v=3971229208407140802
Bentzi Marcus, Yehuda Green, Eitan Katz & Shlomo Katz – Va’ani Sefilosi (Single)		bentzi-marcus-yehuda-green-eitan-katz-shlomo-katz-va-ani-sefilosi-single	https://mostlymusic.com/cdn/shop/files/63714.mp3?v=5315850531462342546
Aaron Goldschmidt - Just A Prayer (Single)		aaron-goldschmidt-just-a-prayer-single	https://mostlymusic.com/cdn/shop/files/59137.mp3?v=567315606111108979
Mendel Roth - Shir Gaaguim L'rachel (Single)		mendel-roth-shir-gaaguim-lrachel-single	https://mostlymusic.com/cdn/shop/files/59138.mp3?v=11761911173103097776
Sruly Green & Ari Hill - Iz Geven Iz Geshen (Single)		sruly-green-ari-hill-iz-geven-iz-geshen-single	https://mostlymusic.com/cdn/shop/files/62202.mp3?v=13011023672832311055
Mesivta of Waterbury - Hashem Melech		mesivta-of-waterbury-hashem-melech	https://mostlymusic.com/cdn/shop/files/MOWHM.mp3?v=9989700967937821332
Moey - Another Chance [Acapella] (Single)		moey-another-chance-acapella-single	https://mostlymusic.com/cdn/shop/files/61004.mp3?v=603334516698536313
Shmueli Ungar & Hershy Weinberger Feat. Yoeli Klein, Shaya Gross & Naftali Schnitzler - D'Tzach  (Single)		shmueli-ungar-hershy-weinberger-feat-yoeli-klein-shaya-gross-naftali-schnitzler-dtzach-single	https://mostlymusic.com/cdn/shop/files/58131.mp3?v=1877477289365319608
Avraham Fried Benny Friedman & Eli Marcus - Ezri (Single)		avraham-fried-benny-friedman-eli-marcus-ezri-single	https://mostlymusic.com/cdn/shop/files/58132.mp3?v=1620864599805508658
Leibel Cohen - Just A Jew (Single)		leibel-cohen-just-a-jew-single	https://mostlymusic.com/cdn/shop/files/2323981.mp3?v=197441082539923837
Wonder Boy Ari Reich - Yeyee Leratzon		wonder-boy-ari-reich-yeyee-leratzon	https://mostlymusic.com/cdn/shop/files/YHARYL.mp3?v=8677386273978616947
Mendy Worch ft. Alex Clare - Simcha Raba (Single)		mendy-worch-ft-alex-clare-simcha-raba-single	https://mostlymusic.com/cdn/shop/files/62158.mp3?v=15540122105087010363
Baruch Levine & Simcha Leiner - Love your fellow Jew [Acapella] (Single)		baruch-levine-simcha-leiner-love-your-fellow-jew-acapella-single	https://mostlymusic.com/cdn/shop/files/61003.mp3?v=7529894561184737311
Einayim Organization Ft. Yoely Klein & Duvid Berger - Heib Dich Oif (Single)		einayim-organization-heib-dich-oif-single	https://mostlymusic.com/cdn/shop/files/65845.mp3?v=8638559935872074106
Kalmey Schwartz & Motty Breier Production Nov. 9 '22 Linkenberg		kalmey-schwartz-motty-breier-production-nov-9-22-linkenberg	https://mostlymusic.com/cdn/shop/files/59136.mp3?v=3243488490717014638
Gershy Israeli - Am Israel Leibt [Cover] (Single)		gershy-israeli-am-israel-leibt-cover-single	https://mostlymusic.com/cdn/shop/files/58130.mp3?v=16553402350759522927
Levy Falkowitz, Yoeli Klein, Shloimy Askal & Malchus Choir - Hut Mir Eibig Leeb [Cover] (Single)		levy-falkowitz-yoeli-klein-shloimy-askal-malchus-choir-hut-mir-eibig-leeb-cover-single	https://mostlymusic.com/cdn/shop/files/63713.mp3?v=3755244890070789112
Elad Shaer - Emunah Bat Melech (Single)		elad-shaer-emunah-bat-melech-single	https://mostlymusic.com/cdn/shop/files/2323980.mp3?v=13549262392228290673
DBM Studios - No Luck (Single)		dbm-studios-no-luck-single	https://mostlymusic.com/cdn/shop/files/62156.mp3?v=18257528961819119674
Moti Weiss - Al Aba Lo Shoalim Shaeilot (Single)		moti-weiss-al-aba-lo-shoalim-shaeilot-single	https://mostlymusic.com/cdn/shop/files/58129.mp3?v=2459260631930225235
Volvy Adler, DJ MRM - Echad Yachid Umeyuchad (Single)		volvy-adler-dj-mrm-echad-yachid-umeyuchad-single	https://mostlymusic.com/cdn/shop/files/65843.mp3?v=16874641912916102916
Yisroel Adler - Vayomer Hineni [Live] (Single)		yisroel-adler-vayomer-hineni-single	https://mostlymusic.com/cdn/shop/files/63712.mp3?v=15087663615509669018
Avremi Lunger - Tate Hsheeveini		avremi-lunger-tate-hsheeveini	https://mostlymusic.com/cdn/shop/files/ALTHYHKE.mp3?v=16856601021347017477
Mordechai Ben David - Beshir V'kol Toida/Uvemakeihlois		mordechai-ben-david-beshir-vkol-toida-uvemakeihlois	https://mostlymusic.com/cdn/shop/files/MBDWDVT.mp3?v=4012385982058550634
Mordechai Ben David - Beshir V'kol Toida/Uvemakeihlois		mordechai-ben-david-beshir-vkol-toida-uvemakeihlois	https://mostlymusic.com/cdn/shop/files/MBDWU.mp3?v=10528338107881238984
Levi Cohen ft. Yedidm Int. - Yerushalayim [Acapella Cover] (Single)		levi-cohen-ft-yedidm-int-yerushalayim-acapella-cover-single	https://mostlymusic.com/cdn/shop/files/61002.mp3?v=808438037706123597
Levy Falkowitz, The Shira Choir & Yanky Briskman Production Nov. 7 '22 Schwartz		levy-falkowitz-the-shira-choir-yanky-briskman-production-nov-7-22-schwartz	https://mostlymusic.com/cdn/shop/files/59135.mp3?v=13309343585906787869
Ariel Borzutzky - Yediat Ha'emet (Single)		ariel-borzutzky-yediat-haemet-single	https://mostlymusic.com/cdn/shop/files/63711.mp3?v=14199429881460510067
Mordechai Shapiro - Achas (Single)		mordechai-shapiro-achas-single	https://mostlymusic.com/cdn/shop/files/58128.mp3?v=6680453770541334196
Yonatan Shainfeld - Nachem Hashem (Single)		yonatan-shainfeld-nachem-hashem-single	https://mostlymusic.com/cdn/shop/files/2323979.mp3?v=15505850379072376490
Bentzi Stein - A Yeshuah (Single)		bentzi-stein-a-yeshuah-single	https://mostlymusic.com/cdn/shop/files/65844.mp3?v=9408563859106744272
Moshe Duvid Weissmandl & Ari Hill - Leorer Rachmim (Single)		moshe-duvid-weissmandl-ari-hill-leorer-rachmim-single	https://mostlymusic.com/cdn/shop/files/63700.mp3?v=4780863780840999785
Avrumy Straus - Carlebach Tish (Single)		avrumy-straus-carlebach-tish-single	https://mostlymusic.com/cdn/shop/files/62152.mp3?v=930755496159823328
Yossele Rosenblatt - Hineni Heoni		yossele-rosenblatt-hineni	https://mostlymusic.com/cdn/shop/files/YRHHM.mp3?v=10045316423859326992
Meir Green - Kacha Hashem Ratza (Single)		meir-green-kacha-hashem-ratza-single	https://mostlymusic.com/cdn/shop/files/65842.mp3?v=7158923654916882761
Sruly Green - Birchas Hedyit [Acapella] (Single)		sruly-green-birchas-hedyit-acapella-single	https://mostlymusic.com/cdn/shop/files/60997.mp3?v=8030935470650627964
Sruly Altman, The Shira Choir & Avrumi Berko Production Oct. 26 '22 Biderman		sruly-altman-the-shira-choir-avrumi-berko-production-oct-26-22-biderman	https://mostlymusic.com/cdn/shop/files/59133.mp3?v=5065837580803850753
Moshe Tischler - Misratzeh [Acapella] (Single)		moshe-tischler-misratzeh-acapella-single	https://mostlymusic.com/cdn/shop/files/61001.mp3?v=3006972097427964747
Duvid Schwarcz - A Dank (Single)		duvid-schwarcz-a-dank-single	https://mostlymusic.com/cdn/shop/files/58127.mp3?v=17537949109557676510
Shlomo Simcha - Ner Nitzachon (Single)		shlomo-simcha-ner-nitzachon-single	https://mostlymusic.com/cdn/shop/files/62154.mp3?v=7393698501011163808
Ekev & Aryeh Kunstler - Boee (Single)		ekev-aryeh-kunstler-boee-single	https://mostlymusic.com/cdn/shop/files/59134.mp3?v=13287294659938921808
Nehora Arielli & Avi Podolinski - Shir Hayona (Single)		nehora-arielli-avi-podolinski-shir-hayona-single	https://mostlymusic.com/cdn/shop/files/2323977.mp3?v=2786030098153439213
Yosef Karduner - Ki ta'avor Bamayim (Ft. Goldwag Father & Son)		yosef-karduner-ki-taavor-bamayim-ft-goldwag-father-son	https://mostlymusic.com/cdn/shop/files/YKKT.mp3?v=11364558026968510822
Yanky Daskal - Gadli Lahashem (Single)		yanky-daskal-gadli-lahashem-single	https://mostlymusic.com/cdn/shop/files/63699.mp3?v=8704466895533216282
Ari Samet & Ancii - Hood (Single)		ari-samet-ancii-hood-single	https://mostlymusic.com/cdn/shop/files/65841.mp3?v=4349465244618306724
Akiva Gelb - V'ezkeh		akiva-gelb-vezkeh	https://mostlymusic.com/cdn/shop/files/AGVBRES.mp3?v=10035345387553218887
Eli Salomon - Betzeti Likratech (Single)		eli-salomon-betzeti-likratech-single	https://mostlymusic.com/cdn/shop/files/2323976.mp3?v=7944284217785704177
Lipa Schmeltzer & Shimmy Levy Production Nov. 2 '22 Gelbman		lipa-schmeltzer-shimmy-levy-production-nov-2-22-gelbman	https://mostlymusic.com/cdn/shop/files/59132.mp3?v=1852766462998743659
Yehuda Fleishman - Yivneh Beito (Single)		yehuda-fleishman-yivneh-beito-single	https://mostlymusic.com/cdn/shop/files/58119.mp3?v=1119505152854944840
Yossi Bayles - Tzion [Acapella] (Single)		yossi-bayles-tzion-acapella-single	https://mostlymusic.com/cdn/shop/files/61000.mp3?v=5603126882752819002
Assaf Harush - Sheli Hayom (Single)		assaf-harush-sheli-hayom-single	https://mostlymusic.com/cdn/shop/files/59131.mp3?v=4193356631629697801
Shmuly Schneider - Special Hearts (Single)		shmuly-schneider-special-hearts-single	https://mostlymusic.com/cdn/shop/files/2323975.mp3?v=16730010268214600127
Acheinu/The Shapiro Brothers - Ad Ana [Acapella Cover] (Single)		acheinu-the-shapiro-brothers-ad-ana-acapella-cover-single	https://mostlymusic.com/cdn/shop/files/60995.mp3?v=2505633875334011718
Cantor Yaakov Stark  - Umipnei Chatoeinu  (Single)		cantor-yaakov-stark-umipnei-chatoeinu-single	https://mostlymusic.com/cdn/shop/files/58118.mp3?v=1859466127192993609
Chaim Green - Haman Tashen (Single)		chaim-green-haman-tashen-single	https://mostlymusic.com/cdn/shop/files/65840.mp3?v=17607250945488244834
Moshe Duvid Weissmandel & Sruly Lipschitz - Vesaihav Li [Live] (Single)		moshe-duvid-weissmandel-sruly-lipschitz-vesaihav-li-live-single	https://mostlymusic.com/cdn/shop/files/62153.mp3?v=9884216066868362285
Tuvie Eichler - Hallelu (Single)		tuvie-eichler-hallelu-single	https://mostlymusic.com/cdn/shop/files/63697.mp3?v=14361815929043551757
Chaim Mordche Feuerwarger - Hazkiri (Single)		chaim-mordche-feuerwarger-hazkiri-single	https://mostlymusic.com/cdn/shop/files/2323971.mp3?v=5651567715338865863
Yosef Halpern ft. Yosef Kugler - Shvurei Lev (Single)		yosef-halpern-ft-yosef-kugler-shvurei-lev-single	https://mostlymusic.com/cdn/shop/files/62119.mp3?v=7437010153664653008
Simcha Abramczik ft. Mendy Weiss - Simcha Dance 2 (Single)		simcha-abramczik-ft-mendy-weiss-simcha-dance-2-single	https://mostlymusic.com/cdn/shop/files/62155.mp3?v=687982751266246786
Yitzy Waldner - Eimosai [Acapella] (Single)		yitzy-waldner-eimosai-acapella-single	https://mostlymusic.com/cdn/shop/files/60998.mp3?v=13535191613227079516
Yanky Ausch - Mama Rochel [Cover] (Single)		yanky-ausch-mameh-rochel-cover-single	https://mostlymusic.com/cdn/shop/files/63696.mp3?v=3651326300821562457
Gesher & Moti Weiss - Mitzvah Tantz - Modzitz (Single)		gesher-moti-weiss-mitzvah-tantz-modzitz-single	https://mostlymusic.com/cdn/shop/files/65838.mp3?v=16978115359986689071
Levi Yitzchok Cohen - Fill The World (Single)		levi-yitzchok-cohen-fill-the-world-single	https://mostlymusic.com/cdn/shop/files/62107.mp3?v=10826769050739518327
Eliran Cohen - Sheket (Single)		eliran-cohen-sheket-single	https://mostlymusic.com/cdn/shop/files/2323969.mp3?v=10726608714285371762
Shmulik Klein & Simcha Birnhack - Savri Maranan (Single)		shmulik-klein-simcha-birnhack-savri-maranan-single	https://mostlymusic.com/cdn/shop/files/65839.mp3?v=3627850244983222468
Am Echad (Olturix & Azyon Remix)		am-echad-olturix-azyon-remix	https://mostlymusic.com/cdn/shop/files/AERSAM.mp3?v=10915095967974706383
Avraham Fried - Yerushalayim B’lev		avraham-fried-yerushalayim-b-lev	https://mostlymusic.com/cdn/shop/files/AFYSH.mp3?v=7650827187466932351
Avi Podolinski - Ein Bi Kol (Single)		avi-podolinski-ein-bi-kol-single	https://mostlymusic.com/cdn/shop/files/59094.mp3?v=10949466820142836715
Yonatan Stern - Abba [Acapella Cover] (Single)		yonatan-stern-abba-acapella-cover-single	https://mostlymusic.com/cdn/shop/files/60999.mp3?v=10095093426680266629
Pini Einhorn - Carlebachuppa (Single)		pini-einhorn-carlebachuppa-single	https://mostlymusic.com/cdn/shop/files/63695.mp3?v=1873418677512169983
Dudi Ross - Riboin [Cover] (Single)		dudi-ross-riboin-cover-single	https://mostlymusic.com/cdn/shop/files/58117.mp3?v=8526652760842147499
David Cohen - Hashir Sheli (Single)		david-cohen-hashir-sheli-single	https://mostlymusic.com/cdn/shop/files/59096.mp3?v=18377125819981506659
Shlomo Katz - Chayot Hanohamot (Single)		shlomo-katz-chayot-hanohamot-single	https://mostlymusic.com/cdn/shop/files/2323968.mp3?v=13326769075226095051
Avraham Fried - Greit Zich		avraham-fried-greit-zich	https://mostlymusic.com/cdn/shop/files/AFGZ.mp3?v=17938484153075337995
Y.L. Studios - Purim Mix 2026 (Single)		y-l-studios-purim-mix-2026-single	https://mostlymusic.com/cdn/shop/files/65836.mp3?v=9945518228386648656
Shmuly Schneider - Lulei Sorascha (Single)		shmuly-schneider-lulei-sorascha-single	https://mostlymusic.com/cdn/shop/files/58125.mp3?v=4840588966368808402
Benny Friedman & Moshe Tischler - Never Alone [Live] (Single)		benny-friedman-moshe-tischler-never-alone-single	https://mostlymusic.com/cdn/shop/files/65824.mp3?v=423863448103652959
Ohad Moskowitz - Mitbatlim Kol HaTzarot (Single)		ohad-moskowitz-mitbatlim-kol-hatzarot-single	https://mostlymusic.com/cdn/shop/files/62106.mp3?v=16892764983256952803
Michoel Pruzansky - Pray [Acapella] (Single)		michoel-pruzansky-pray-acapella-single	https://mostlymusic.com/cdn/shop/files/60996.mp3?v=3591286012048218253
Aaron Razel - Nachamu Ami		aaron-razel-nachamu-ami	https://mostlymusic.com/cdn/shop/files/ARNA.mp3?v=841204467717229637
Harel Tal - Noam Panecha (Single)		harel-tal-noam-panecha-single	https://mostlymusic.com/cdn/shop/files/63693.mp3?v=10907001826554685412
Sruly Weinberger, Yoeli Klein & Chaim Pollack - Simi Lev (Single)		sruly-weinberger-yoeli-klein-chaim-pollack-simi-lev-single	https://mostlymusic.com/cdn/shop/files/63694.mp3?v=6877568816770617937
Yaron Bar & The Talmidim Of Yeshivat Nativ HaTorah - Lehitchaber Latzadikim (Single)		yaron-bar-the-talmidim-of-yeshivat-nativ-hatorah-lehitchaber-latzadikim-single	https://mostlymusic.com/cdn/shop/files/58124.mp3?v=9490150690731781127
Shloime Meir - Nachlei Demaot (Single)		shloime-meir-nachlei-demaot-single	https://mostlymusic.com/cdn/shop/files/62105.mp3?v=8119966588270953403
Motty Vizel, Srulik Kletzkin & Malchus Choir - Gam Tzipor [Cover] (Single)		motty-vizel-srulik-kletzkin-malchus-choir-gam-tzipor-cover-single	https://mostlymusic.com/cdn/shop/files/59099.mp3?v=242571543907255526
Eyal Twito - Lo Levad (Single)		eyal-twito-lo-levad-single	https://mostlymusic.com/cdn/shop/files/59097.mp3?v=17549532324690881703
Shmuel Harari - Bayis Nehman (Single)		shmuel-harari-bayis-nehman-single	https://mostlymusic.com/cdn/shop/files/2323967.mp3?v=15873884403873460227
Yerachmiel Begun & The Miami Boys Choir - It's Min Hashomayim [Remixed By The Kfitzat Haderech Project - Yochanan Bleich] (Single)		yerachmiel-begun-the-miami-boys-choir-its-min-hashomayim-remixed-by-the-kfitzat-haderech-project-yochanan-bleich-single	https://mostlymusic.com/cdn/shop/files/58123.mp3?v=5488824266045924078
Yonatan Stern - Komot Shel Tikvah [Acapella] (Single)		yonatan-stern-komot-shel-tikvah-acapella-single	https://mostlymusic.com/cdn/shop/files/60983.mp3?v=9571995841394587702
Mordechai Shapiro - V'nikeisi		mordechai-shapiro-vnikeisi	https://mostlymusic.com/cdn/shop/files/MSVDLN.mp3?v=4322124629224898089
David Taub - Tfilat Hakahal (Single)		david-taub-tfilat-hakahal-single	https://mostlymusic.com/cdn/shop/files/62104.mp3?v=8357844865673253177
Boruch Sholom - Keli (Single)		boruch-sholom-keli-single	https://mostlymusic.com/cdn/shop/files/65823.mp3?v=4202266698144452732
Shmueli Ungar, Yedidim Choir & Chesky Schwartz Production June 20 '23		shmueli-ungar-yedidim-choir-chesky-schwartz-production-june-20-23	https://mostlymusic.com/cdn/shop/files/60972.mp3?v=9919580097794458175
Mendy Worch - Shma Bni (Single)		mendy-worch-shma-bni-single	https://mostlymusic.com/cdn/shop/files/2323966.mp3?v=12483571681050962539
Leah Avruch - 123 (Single)		leah-avruch-123-single	https://mostlymusic.com/cdn/shop/files/65822.mp3?v=10442629999353055363
Avremi Roth - Zohar HaShabbos (Single)		avremi-roth-zohar-hashabbos-single	https://mostlymusic.com/cdn/shop/files/59095.mp3?v=5409960338466581314
Moshe Milstein - Zemiros		moshe-milstein-zemiros	https://mostlymusic.com/cdn/shop/files/MMZEM.mp3?v=18244713966366634497
David Taub & Gil Israelov - Dayenu (Single)		david-taub-gil-israelov-dayenu-single	https://mostlymusic.com/cdn/shop/files/58122.mp3?v=10088798373810772361
Yossi Fried - Depression (Single)		yossi-fried-depression-single	https://mostlymusic.com/cdn/shop/files/63689.mp3?v=9765316291588765998
YFM Studios - Vhu Rachum (Single)		yfm-studios-vhu-rachum-single	https://mostlymusic.com/cdn/shop/files/63691.mp3?v=13124903932233287225
Eli Herzlich - Chai Remix (Single)		eli-herzlich-chai-remix-single	https://mostlymusic.com/cdn/shop/files/2323965.mp3?v=4630251188566926785
Sruli Broncher feat. Grayman & Elazar - Dai (Single)		sruli-broncher-feat-grayman-elazar-dai-single	https://mostlymusic.com/cdn/shop/files/58121.mp3?v=8703107161901606319
Danny Palgon - One Family (Single)		danny-palgon-one-family-single	https://mostlymusic.com/cdn/shop/files/62103.mp3?v=5085050187459803651
Lipa Schmeltzer & Michoel Schnitzler Z"L - Michoel's Bracha [Live] (Single)		lipa-schmeltzer-michoel-schnitzler-zl-michoels-bracha-live-single	https://mostlymusic.com/cdn/shop/files/60971.mp3?v=3741008422433249607
Shalsheles Junior - Shiru L'Hashem (Single)		shalsheles-junior-shiru-lhashem-single-1	https://mostlymusic.com/cdn/shop/files/2323964.mp3?v=6594313392521424827
DJ Farbreng Ft. Moshe Storch - Chusid Breslov (Single)		dj-farbreng-ft-moshe-storch-chusid-breslov-single	https://mostlymusic.com/cdn/shop/files/58120.mp3?v=16813905649628811583
Joey Newcomb - It's Never Too Late (Single)		joey-newcomb-its-never-too-late-single	https://mostlymusic.com/cdn/shop/files/2323461.mp3?v=2041793094128030104
Yona Rivka Kimelman - Mama Mama (Single)		yona-rivka-kimelman-mama-mama-single	https://mostlymusic.com/cdn/shop/files/63687.mp3?v=8204997438697640661
Sruly Singer ft. All Star - Singer Mit Di Zingers [Medley] (Single)		sruly-singer-ft-all-star-singer-mit-di-zingers-medley-single	https://mostlymusic.com/cdn/shop/files/65820.mp3?v=7659554518616969898
Eli Herzlich & Shlomo Broner - Shaarei Nigun (Single)		eli-herzlich-shlomo-broner-shaarei-nigun-single	https://mostlymusic.com/cdn/shop/files/62102.mp3?v=15965216540464119893
Chaim Green - Charvonu  (Single)		chaim-green-charvonu-single	https://mostlymusic.com/cdn/shop/files/65821.mp3?v=13674093809275564594
Yaniv Madar - Chodesh Tov (Single)		yaniv-madar-chodesh-tov-single	https://mostlymusic.com/cdn/shop/files/59100.mp3?v=5866322425920548834
Israel Jerufi - Toda Al Hachaim (Single)		israel-jerufi-toda-al-hachaim-single	https://mostlymusic.com/cdn/shop/files/59098.mp3?v=6516685298557804208
Moshe Groner - Yedid Nefesh (Single)		moshe-groner-yedid-nefesh-single	https://mostlymusic.com/cdn/shop/files/60932.mp3?v=2250753059642532880
Shmily Steinberg - Hashivu (Single)		shmily-steinberg-hashivu-single	https://mostlymusic.com/cdn/shop/files/2323961.mp3?v=7350790160684880183
Motti Eidensohn - Kumzitz Medley [Live] (Single)		motti-eidensohn-kumzitz-medley-live-single	https://mostlymusic.com/cdn/shop/files/63685.mp3?v=6327841319070811939
Yossi Lebowitz - Horachamon (Acapella) feat. Zemiros Group		yossi-lebowitz-horachamon-acapella-feat-zemiros-group	https://mostlymusic.com/cdn/shop/files/2323421.mp3?v=13400750471127366411
Shmulik Klein - Liros Bunim (Single)		shmulik-klein-liros-bunim-single	https://mostlymusic.com/cdn/shop/files/62101.mp3?v=6046203077109498604
Joey Newcomb - Bnei Hamelech (Single)		joey-newcomb-bnei-hamelech-single	https://mostlymusic.com/cdn/shop/files/2323448.mp3?v=11989850063007993790
David Haftzadi - Menorah [Cover] (Single)		david-haftzadi-menorah-cover-single	https://mostlymusic.com/cdn/shop/files/60933.mp3?v=17436761368934292818
Duvid Feder - Poilt Ales Gits (Single)		duvid-feder-poilt-ales-gits-single	https://mostlymusic.com/cdn/shop/files/2323959.mp3?v=2880904926903604633
Meir Kleiner feat. Bini Landau  - Adir Ayom  (Single)		meir-kleiner-feat-bini-landau-adir-ayom-single	https://mostlymusic.com/cdn/shop/files/58126.mp3?v=7381423889322060733
Neshomo Boys Choir Of London - Vatosef Ester  (Single)		vatosef-ester	https://mostlymusic.com/cdn/shop/files/65818.mp3?v=12666151060583016489
Yoeli Dikman - Tefilah Lachupah (Single)		yoeli-dikman-tefilah-lachupah-single	https://mostlymusic.com/cdn/shop/files/59072.mp3?v=5757712860345239421
Ari Fraser - Call Of The Soul (Single)		ari-fraser-call-of-the-soul-single	https://mostlymusic.com/cdn/shop/files/60931.mp3?v=14204622195058433407
Dobby Baum & Chazkeinu - I Will Rise Again (Single)		dobby-baum-chazkeinu-i-will-rise-again-single	https://mostlymusic.com/cdn/shop/files/59073.mp3?v=1800090599488333994
Mordechai Shapiro - Ad D'lo Yada (Single)		mordechai-shapiro-ad-dlo-yada-single	https://mostlymusic.com/cdn/shop/files/65816.mp3?v=7458978666563664609
Mordechai Kohn & Yedidim Choir - Rosh Chodesh [Medley] (Single)		mordechai-kohn-yedidim-choir-rosh-chodesh-medley-single	https://mostlymusic.com/cdn/shop/files/62100.mp3?v=7186938442117663037
Avi Man - Vedabkeinu (Single)		avi-man-vedabkeinu-single	https://mostlymusic.com/cdn/shop/files/63684.mp3?v=5753843230635305970
Moshe Tischler - Mazal  (Single)		moshe-tischler-mazal-single	https://mostlymusic.com/cdn/shop/files/58116.mp3?v=126160043587082160
Mendel Brachfeld - Pischi Li (Single)		mendel-brachfeld-pischi-li-single	https://mostlymusic.com/cdn/shop/files/2323958.mp3?v=10858445197595538546
Baruch Naftel - Bezras Hashem - Acapella		baruch-naftel-bezras-hashem-acapella	https://mostlymusic.com/cdn/shop/files/2323420.mp3?v=665214037801039171
Eitan Katz - Chamol [Live In New York] (Single)		eitan-katz-chamol-live-in-new-york-single	https://mostlymusic.com/cdn/shop/files/62099.mp3?v=16623933329027958705
Mordechai Klein - V'omer (Single)		mordechai-klein-vomer-single	https://mostlymusic.com/cdn/shop/files/63683.mp3?v=16273008009935289066
Joey Newcomb - Planting For the Future (Single)		joey-newcomb-planting-for-the-future-single	https://mostlymusic.com/cdn/shop/files/2323957.mp3?v=12593417946810665057
Ofir Solomon - Tetze Mizeh (Single)		ofir-solomon-tetze-mizeh-single	https://mostlymusic.com/cdn/shop/files/59071.mp3?v=3204153895145197298
Lipa Schmeltzer - Vnusni (Single)		lipa-schmeltzer-vnusni-single	https://mostlymusic.com/cdn/shop/files/65815.mp3?v=2678461161749381511
Bentzi Kletzkin, Tzviki Rubin, Malchus & Chasidimlech Choir - Meine Tefillin [Cover] (Single)		bentzi-kletzkin-tzviki-rubin-malchus-chasidimlech-choir-meine-tefillin-cover-single	https://mostlymusic.com/cdn/shop/files/60930.mp3?v=5278327895025899377
Chaim Altman - Halev Menagen (Single)		chaim-altman-halev-menagen-single	https://mostlymusic.com/cdn/shop/files/63681.mp3?v=18419990348068604559
Yoni Galen - Sameach (Single)		yoni-galen-sameach-single	https://mostlymusic.com/cdn/shop/files/58114.mp3?v=764352264453588024
Tuvie Eichler - Ki Gadol (Single)		tuvie-eichler-ki-gadol-single	https://mostlymusic.com/cdn/shop/files/62098.mp3?v=6764920539379533499
Gavriel Shimonovich - Thank You (Single)		gavriel-shimonovich-thank-you-single	https://mostlymusic.com/cdn/shop/files/59067.mp3?v=2302068003760216497
Baruch Naftel - Bezras Hashem - FREE Single		baruch-naftel-bezras-hashem-free-single	https://mostlymusic.com/cdn/shop/files/BNBH.mp3?v=7539362788980250237
Mendy Shapiro & Yishai Lapidot  - Zayit Raanan (Single)		mendy-shapiro-yishai-lapidot-zayit-raanan-single	https://mostlymusic.com/cdn/shop/files/58095.mp3?v=16891678696225973410
Ophie Nat - Shema Bekoli Acapella		ophie-nat-shema-bekoli-acapella	https://mostlymusic.com/cdn/shop/files/ONSBSAM.mp3?v=11820137075507842229
Leibish Posen, Lipa Schmeltzer & Chaim Horowitz - Mame Lushen (Single)		leibish-posen-lipa-schmeltzer-chaim-horowitz-mame-lushen-single	https://mostlymusic.com/cdn/shop/files/65812.mp3?v=16483364608260138918
Gad Elbaz - Kol Yachol (Single)		gad-elbaz-kol-yachol-single	https://mostlymusic.com/cdn/shop/files/2323956.mp3?v=1179243009867810149
Itzik Eshel - Ma Menagen Becha (Single)		itzik-eshel-ma-menagen-becha-single	https://mostlymusic.com/cdn/shop/files/62069.mp3?v=7431712369072557737
Lipa Schmeltzer, The Shira Choir & Hershy Langsam Production Nov. 3 '22 Langsam		lipa-schmeltzer-the-shira-choir-hershy-langsam-production-nov-3-22-langsam	https://mostlymusic.com/cdn/shop/files/59065.mp3?v=18084987918165893796
Yechiel Schron - Birchas Hachodesh (Single)		yechiel-schron-birchas-hachodesh-single	https://mostlymusic.com/cdn/shop/files/60928.mp3?v=8072044248434733548
Bentzy Weberman, The Shira Choir & Yanky Briskman Production Oct. 31 '22 Perlmutter		bentzy-weberman-the-shira-choir-yanky-briskman-production-oct-31-22-perlmutter	https://mostlymusic.com/cdn/shop/files/59066.mp3?v=6841324715396885017
Yaakov Shwekey & Yonatan Razel - Od Yosef Chai (Single)		yaakov-shwekey-yonatan-razel	https://mostlymusic.com/cdn/shop/files/63641.mp3?v=15230987904664230330
Moshe Dovid Stein - Yisborach (Single)		moshe-dovid-stein-yisborach-single	https://mostlymusic.com/cdn/shop/files/58094.mp3?v=11362070771063330990
Eitan Katz - No Words (Single)		eitan-katz-no-words-single	https://mostlymusic.com/cdn/shop/files/2323955.mp3?v=6973057902921441528
Ephy Greene - Nachamu		ephy-greene-nachamu	https://mostlymusic.com/cdn/shop/files/EGNSAM.mp3?v=8065519159386414076
Motty Weiss - Hakol LeTova (Single)		moti-weiss-hakol-letova-single	https://mostlymusic.com/cdn/shop/files/65811.mp3?v=1769015661972710977
Shea Berko, Motty Ilowitz, Yedidim Choir, & Avrumi Berko Production June 21 '23		shea-berko-motty-ilowitz-yedidim-choir-avrumi-berko-production-june-21-23	https://mostlymusic.com/cdn/shop/files/60926.mp3?v=4435278971642413149
Menachem Kobi  - Vehi Sheamda (Single)		menachem-kobi-vehi-sheamda-single	https://mostlymusic.com/cdn/shop/files/58093.mp3?v=1968044768052496913
Yechiel Giniger ft. Zevy Giniger & Yosef Giniger - Rachem (Single)		yechiel-giniger-ft-zevy-giniger-yosef-giniger-rachem-single	https://mostlymusic.com/cdn/shop/files/60927.mp3?v=4567909867831568307
Yehuda Manheim, Yoeli Klein & Shaya Gross - Ozer Dalim (Single)		yehuda-manheim-yoeli-klein-shaya-gross-ozer-dalim-single	https://mostlymusic.com/cdn/shop/files/63640.mp3?v=6623405495410122033
Simcha Leiner - Lecha Dodi		simcha-leiner-lecha-dodi	https://mostlymusic.com/cdn/shop/files/SLLD.mp3?v=5998181967724302697
Shmili Landau & Nechemya (feat. Hershy Weinberger) - Shreit Shabbos (Single)		shmili-landau-nechemya-feat-hershy-weinberger-shreit-shabbos-single	https://mostlymusic.com/cdn/shop/files/65809.mp3?v=10833142998639628419
Archie Rabi - Va'ani Tefilosi (Single)		archie-rabi-vaani-tefilosi-single	https://mostlymusic.com/cdn/shop/files/62048.mp3?v=7104390025015584758
DJ Farbreng & The Early Shabbos Band - Torah [Upmix] (Single)		dj-farbreng-the-early-shabbos-band-torah-upmix-single	https://mostlymusic.com/cdn/shop/files/63639.mp3?v=9814472418323558338
Yoely Weiss - Chudich Leeb (Single)		yoely-weiss-chudich-leeb-single	https://mostlymusic.com/cdn/shop/files/62049.mp3?v=5216462627336486543
Sruly Altman & Yeedle Kahan Production Oct. 31 '22 Tyberg		sruly-altman-yeedle-kahan-production-oct-31-22-tyberg	https://mostlymusic.com/cdn/shop/files/59064.mp3?v=15996923739247637639
Yosef Chaim Buskila - Ten Li Ohr (Single)		yosef-chaim-buskila-ten-li-ohr-single	https://mostlymusic.com/cdn/shop/files/58092.mp3?v=12198394112282939905
Ari Samet - Shvitzn (Single)		ari-samet-shvitzn-single	https://mostlymusic.com/cdn/shop/files/60924.mp3?v=2942499364452365349
Avrumy Holtzler - Ki Malachov (Single)		avrumy-holtzler-ki-malachov-single	https://mostlymusic.com/cdn/shop/files/2323954.mp3?v=4029346919387219463
Avi Music - Hamalach (Single)		avi-music-hamalach-single	https://mostlymusic.com/cdn/shop/files/63638.mp3?v=5682090911325693799
Ari Samet & Avrumi Spielman - Every Lipa Hit (Single)		ari-samet-avrumi-spielman-every-lipa-hit-single	https://mostlymusic.com/cdn/shop/files/65807.mp3?v=2961175763318432552
DJ Chaim - Rebirth (the EP)		dj-chaim-rebirth-the-ep	https://mostlymusic.com/cdn/shop/files/52879.mp3?v=8631883982439355792
DJ Chaim - Rebirth (the EP)		dj-chaim-rebirth-the-ep	https://mostlymusic.com/cdn/shop/files/52880.mp3?v=8471300655463989091
DJ Chaim - Rebirth (the EP)		dj-chaim-rebirth-the-ep	https://mostlymusic.com/cdn/shop/files/52881.mp3?v=18008901968404112044
DJ Chaim - Rebirth (the EP)		dj-chaim-rebirth-the-ep	https://mostlymusic.com/cdn/shop/files/52882.mp3?v=9569428372840580594
Shimi Yunayev & Friends - Project Emunah & Nitzachon #2 [Medley] (Single)		shimi-yunayev-friends-project-emunah-nitzachon-2-medley-single	https://mostlymusic.com/cdn/shop/files/62047.mp3?v=12831298939396904145
Yitzchak Meir & Rav Hillel Palei - Lemachar (Single)		yitzchak-meir-rav-hillel-palei-lemachar-single	https://mostlymusic.com/cdn/shop/files/60925.mp3?v=5711616850798163453
Kalmey Schwartz & Lipa Brach Nov. 6 '22 Tyrnaur		kalmey-schwartz-lipa-brach-nov-6-22-tyrnaur	https://mostlymusic.com/cdn/shop/files/59060.mp3?v=13241372750310276645
The Jewish Music Show - Dov & Sruly - Episode 8		the-jewish-music-show-dov-sruly-new	https://mostlymusic.com/cdn/shop/files/TJMSHSDE8.mp3?v=11853507249559192520
Benny Friedman - Here's To The Heroes (Single)		benny-friedman-heres-to-the-heroes-single	https://mostlymusic.com/cdn/shop/files/65805.mp3?v=7783752060413226074
Chaim Yisrael - Vesamachta (Single)		chaim-yisrael-vesamachta-single	https://mostlymusic.com/cdn/shop/files/63635.mp3?v=2322950075494508447
Motty Ilowitz & Mordechai Kohn - Zich Mich Oief (Single)		motty-ilowitz-mordechai-kohn-zich-mich-oief-single	https://mostlymusic.com/cdn/shop/files/65804.mp3?v=6346971338901832339
Kalmey Schwartz & Motty Breier Production Oct. 26 '22 Friedman		kalmey-schwartz-motty-breier-production-oct-26-22-friedman	https://mostlymusic.com/cdn/shop/files/59059.mp3?v=6500128370593437708
Nachman Bowmel - Mi Sheanu (Single)		nachman-bowmel-mi-sheanu-single	https://mostlymusic.com/cdn/shop/files/62046.mp3?v=16819784565986092337
The Jewish Music Show - Dov & Sruly - Episode 7		the-jewish-music-show-dov-sruly	https://mostlymusic.com/cdn/shop/files/TJMSHSD.mp3?v=15432105805850587615
Zevi Klein & Ari Goldwag - Azreinu (Single)		zevi-klein-ari-goldwag-azreinu-single	https://mostlymusic.com/cdn/shop/files/62045.mp3?v=9787331034232854480
Menachem Moskowitz & Hershy Langsam May 31 '23		menachem-moskowitz-hershy-langsam-may-31-23	https://mostlymusic.com/cdn/shop/files/60922.mp3?v=14098553371524505928
Nehoray Arieli - Taluy Banu (Single)		nehoray-arieli-taluy-banu-single	https://mostlymusic.com/cdn/shop/files/58091.mp3?v=6714714298020653785
Eli Klein - Boee BeShalom (Single)		eli-klein-boee-beshalom-single	https://mostlymusic.com/cdn/shop/files/2323952.mp3?v=2236574525123909985
Avishai Neeman & Asher Ben David - Sar Hatorah (Single)		avishai-neeman-asher-ben-david-sar-hatorah-single	https://mostlymusic.com/cdn/shop/files/58090.mp3?v=14058972084587998132
Shmaya Fischer & Elchonon Gartenhaus Production [Full Band] May 30 '23		shmaya-fischer-elchonon-gartenhaus-production-full-band-may-30-23	https://mostlymusic.com/cdn/shop/files/60921.mp3?v=9287686226350507259
Lev Boer (Single)		lev-boer-single	https://mostlymusic.com/cdn/shop/files/2323950.mp3?v=8500110023185699555
Tamid Iti (Single)		tamid-iti-single	https://mostlymusic.com/cdn/shop/files/2323949.mp3?v=8482937905852631647
Nachman Bowmel - R' Shaya Ben R' Moshe (Single)		nachman-bowmel-r-shaya-ben-r-moshe-single	https://mostlymusic.com/cdn/shop/files/65803.mp3?v=15974177308491939197
R' Shloime Taussig - Raiti Bney Aliah (Single)		r-shloime-taussig-raiti-bney-aliah-single	https://mostlymusic.com/cdn/shop/files/58089.mp3?v=9185779983490615768
Baruch Naftel - Toras Emes (Single)		baruch-naftel-toras-emes-single	https://mostlymusic.com/cdn/shop/files/63634.mp3?v=11581356060288921869
Benny Friedman - Thinkin' About Thankin' (Single)		benny-friedman-thinkin-about-thankin-single	https://mostlymusic.com/cdn/shop/files/63626.mp3?v=5155054875094121444
Motty Steinmetz & Ishay Ribo - Nafshi (Single)		motty-steinmetz-ishay-ribo-nafshi-single	https://mostlymusic.com/cdn/shop/files/2323467.mp3?v=18380492747019250779
Hashleich (Single)		hashleich-single	https://mostlymusic.com/cdn/shop/files/2323948.mp3?v=10984238178621395739
Nachas - Ani Maamin (Single)		nachas-ani-maamin-single	https://mostlymusic.com/cdn/shop/files/59057.mp3?v=6505093433000720251
Yaakov Gifter & Sons - Im Eshkachech Medley [Acapella] (Single)		yaakov-gifter-sons-im-eshkachech-medley-acapella-single	https://mostlymusic.com/cdn/shop/files/60920.mp3?v=4553971965925599498
Hershy Hopstein - Oires (Single)		hershy-hopstein-oires-single	https://mostlymusic.com/cdn/shop/files/58088.mp3?v=10726402313249678603
Shlomo Yakov Weber - Gebliben Mit Dir (Single)		shlomo-yakov-weber-gebliben-mit-dir-single	https://mostlymusic.com/cdn/shop/files/62043.mp3?v=13853976744216684527
Keli Keli (Single)		keli-keli-single	https://mostlymusic.com/cdn/shop/files/2323947.mp3?v=2664863756291451916
Yisroel  Adler - Mach Shoin Lechtig (Single)		yisroel-adler-mach-shoin-lichtig	https://mostlymusic.com/cdn/shop/files/23232414.mp3?v=382907883403765998
Shmueli Ungar, Zaltz Band & Tnuah Choir - Kos Shel Bracha (Single)		shmueli-ungar-zaltz-band-tnuah-choir-kos-shel-bracha-single	https://mostlymusic.com/cdn/shop/files/65791.mp3?v=16551385160112434637
Yaakov Shlomo Gross - Leishev BaSukkah (Single)		yaakov-shlomo-gross-leishev-basukkah-single	https://mostlymusic.com/cdn/shop/files/63631.mp3?v=12863979499809046760
Zanvil Weinberger, Beri Weber, Bentzi Kletzkin, Malchus Choir & Mendy Brandwin Production - Tzion V'Yerushalayim (Single)		zanvil-weinberger-beri-weber-bentzi-kletzkin-malchus-choir-mendy-brandwin-production-tzion-vyerushalayim-single	https://mostlymusic.com/cdn/shop/files/60919.mp3?v=7375554751527461920
Motty Atias - Aheim Kein Yerushalayim (Single)		motty-atias-aheim-kein-yerushalayim-single	https://mostlymusic.com/cdn/shop/files/59056.mp3?v=5190611174819068812
Nussi Liberman - Shabbat (Single)		nussi-liberman-shabbat-single	https://mostlymusic.com/cdn/shop/files/62005.mp3?v=16295208491177353759
Beri Weber & Bentzy Kletzkin - Peroik [Medley] (Single)		beri-weber-bentzy-kletzkin-peroik-medley-single	https://mostlymusic.com/cdn/shop/files/62006.mp3?v=6008999497575979763
Yisroel  Adler - Tinokos Single		yisroel-adler-tinokos-single	https://mostlymusic.com/cdn/shop/files/YATSHBR.mp3?v=17478539215211948022
Dovy Meisels, Zanvil Weinberger & Malchus Choir - Bnei Beischa (Single)		dovy-meisels-zanvil-weinberger-malchus-choir-bnei-beischa-single	https://mostlymusic.com/cdn/shop/files/63627.mp3?v=5662166228230712628
Its Never Too Late (Single)		its-never-too-late-single	https://mostlymusic.com/cdn/shop/files/2323946.mp3?v=6251222299289322436
Mordechay Fixler - Mizmor Ledavid (Single)		mordechay-fixler-mizmor-ledavid-single	https://mostlymusic.com/cdn/shop/files/58087.mp3?v=3766670669293067661
Elior Itzkovitz - Mi Kamocha (Single)		elior-itzkovitz-mi-kamocha-single	https://mostlymusic.com/cdn/shop/files/58086.mp3?v=2694743018279562732
Zanvil Weinberger - Kanfei Nesharim (Single)		zanvil-weinberger-kanfei-nesharim-single	https://mostlymusic.com/cdn/shop/files/65775.mp3?v=3507330295591407867
Shaya ilowitz - Oid Avichem Chai Single		shaya-ilowitz-oid-avichem-chai-single	https://mostlymusic.com/cdn/shop/files/SIOAC.mp3?v=4566190966819737322
Micha Gamerman - Zechut Leolam (Single)		micha-gamerman-zechut-leolam-single	https://mostlymusic.com/cdn/shop/files/59058.mp3?v=2554705049861785302
Heiliga Torah (Single)		heiliga-torah-single	https://mostlymusic.com/cdn/shop/files/2323945.mp3?v=1785513910607366441
Yitzy Waldner - Eimosai (Single)		yitzy-waldner-eimosai-single	https://mostlymusic.com/cdn/shop/files/60918.mp3?v=3858251757909697987
Moshe Klein & Gad Elbaz - Lenasot [Remixed By Romano] (Single)		moshe-klein-gad-elbaz-lenasot-remixed-by-romano-single	https://mostlymusic.com/cdn/shop/files/59035.mp3?v=17775216702567530652
Mendy Weiss - VeKayomo (Single)		mendy-weiss-vekayomo-single	https://mostlymusic.com/cdn/shop/files/61995.mp3?v=18025081913515629351
Avi Ilson & Ahrele Samet - Hamelamed Torah (Single)		lipa-schmeltzer-yeedle-werdyger-motty-vizel-shir-shevach-vehodaya-single-copy	https://mostlymusic.com/cdn/shop/files/65774.mp3?v=17784583516989698701
Nissim Black - Away From Here (Single)		nissim-black-away-from-here-single	https://mostlymusic.com/cdn/shop/files/59034.mp3?v=1720646189415203918
Yehuda Boren - Nekuda Shel Or [Cover] (Single)		yehuda-boren-nekuda-shel-or-cover-single	https://mostlymusic.com/cdn/shop/files/60917.mp3?v=15150748364538464566
Pini Einhorn - 3 (Single)		pini-einhorn-3-single	https://mostlymusic.com/cdn/shop/files/63630.mp3?v=15439816945053594558
Mi Adir (Single)		mi-adir-single	https://mostlymusic.com/cdn/shop/files/2323944.mp3?v=11404896576468288398
Yonatan Razel - Mehager (Single)		yonatan-razel-mehager-single	https://mostlymusic.com/cdn/shop/files/58085.mp3?v=9866737054489722169
Pirchei Shir Vshevach - Camp Song		pirchei-shir-vshevach-camp-song	https://mostlymusic.com/cdn/shop/files/PSVCS.mp3?v=14927856075346600916
Yossi Perl, Shmiel Hersh Miller & Yedidim Choir - Dance - Shwekey Edition (Single)		yossi-perl-shmiel-hersh-miller-yedidim-choir-dance-shwekey-edition-single	https://mostlymusic.com/cdn/shop/files/61994.mp3?v=10145180959415415674
Ofer Levi - Lauf Gavoha (Single)		ofer-levi-lauf-gavoha-single	https://mostlymusic.com/cdn/shop/files/58083.mp3?v=1988221293026558908
Lipa Schmeltzer, Yeedle Werdyger & Motty Vizel- Shir Shevach Vehodaya (Single)		lipa-schmeltzer-yeedle-werdyger-lipa-schmeltzer-shir-shevach-vehodaya-single	https://mostlymusic.com/cdn/shop/files/65773.mp3?v=13612624288563460929
Levy Falkowitz - Ich Daven (Single)		ich-daven-single	https://mostlymusic.com/cdn/shop/files/2323951.mp3?v=3306030850511315912
Motty Weiss - Lemaancha (Single)		motty-weiss-lemaancha-single	https://mostlymusic.com/cdn/shop/files/63628.mp3?v=12848189837180710722
Meir Green - Rotze Lauf (Single)		meir-green-rotze-lauf-single	https://mostlymusic.com/cdn/shop/files/60916.mp3?v=6703632165788313526
Yidi Bialostozky & Levi Lesin Production Oct. 25 '22		yidi-bialostozky-levi-lesin-production-oct-25-22	https://mostlymusic.com/cdn/shop/files/59033.mp3?v=3253478198687490907
Yaron Bar - Tismach [Cover] (Single)		yaron-bar-tismach-cover-single	https://mostlymusic.com/cdn/shop/files/59032.mp3?v=5231883369542616227
Lipa Schmeltzer & Matt Dubb - Ben Fayge		lipa-matt-dubb-ben-fayge	https://mostlymusic.com/cdn/shop/files/LAMDBF.mp3?v=3532135237442697314
Naftali Kempeh - Ushpizin (Single)		naftali-kempeh-ushpizin-single	https://mostlymusic.com/cdn/shop/files/63629.mp3?v=389482688716027158
Sruli Broncher ft. David Ben Arza - Yerushalayim Sheli (Single)		sruli-broncher-ft-david-ben-arza-yerushalayim-sheli-single	https://mostlymusic.com/cdn/shop/files/60915.mp3?v=1635133820196082900
Just Mendel & Meshulam Zusha - Ein Od Milvado (Single)		just-mendel-meshulam-zusha-ein-od-milvado-single	https://mostlymusic.com/cdn/shop/files/65771.mp3?v=4229532235945609222
Micha Gamerman - Kulam Elecha Yashiru (Single)		micha-gamerman-kulam-elecha-yashiru-single	https://mostlymusic.com/cdn/shop/files/58082.mp3?v=977656680449034817
Chai (Single)		chai-single	https://mostlymusic.com/cdn/shop/files/2323941.mp3?v=13544296148688266247
Chasdo (Single)		chasdo-single	https://mostlymusic.com/cdn/shop/files/2323942.mp3?v=5720025409779593835
Hershy Bleich - Hareini Mekabel (Single)		hershy-bleich-hareini-mekabel-single	https://mostlymusic.com/cdn/shop/files/60913.mp3?v=7395148973398866938
Akiva - Sim Shalom [Tzamah] (Single)		akiva-sim-shalom-tzamah-single	https://mostlymusic.com/cdn/shop/files/63578.mp3?v=8630727384348839942
Sruly Green - I Wanna Go Home (Single)		sruly-green-i-wanna-go-home-single	https://mostlymusic.com/cdn/shop/files/61993.mp3?v=4730658580282321296
Meydad Tasa - Melech Echad feat. Gad Elbaz		meydad-tasa-melech-echad-feat-gad-elbaz	https://mostlymusic.com/cdn/shop/files/Meydad_Tasa_Gad_Elbaz_-_Melech_Echad.mp3?v=7988292521261249116
Shmulik Sukkot - Ro'ah Oti (Single)		shmulik-sukkot-roah-oti-single	https://mostlymusic.com/cdn/shop/files/65772.mp3?v=8456321354785584142
Levy Zinger - Odcho (Single)		levy-zinger-odcho-single	https://mostlymusic.com/cdn/shop/files/59028.mp3?v=7536218284798843182
Yisroel Werdyger - Al Kol Rega		yisroel-werdyger-al-kol-rega	https://mostlymusic.com/cdn/shop/files/werdyger_new_single.mp3?v=12296914795437576519
Ruli Ezrachi - Hotziah (Single)		ruli-ezrachi-hotziah-single	https://mostlymusic.com/cdn/shop/files/61992.mp3?v=5728659696555724563
Hershy Eisenbach & Mendy Weiss - Lemaan Yedu (Single)		hershy-eisenbach-mendy-weiss-lemaan-yedu-single	https://mostlymusic.com/cdn/shop/files/63575.mp3?v=4079661254507822051
Avishai - Kama Tov Li (Single)		avishai-kama-tov-li-single	https://mostlymusic.com/cdn/shop/files/58081.mp3?v=13669641295322152308
Luzy Klatzko - Ki Lo Yitosh (Single)		luzy-klatzko-ki-lo-yitosh-single	https://mostlymusic.com/cdn/shop/files/60908.mp3?v=301055812954010695
Yonatan Razel - Al Tachshov Al Hamachar (Single)		yonatan-razel-al-tachshov-al-hamachar-single	https://mostlymusic.com/cdn/shop/files/59029.mp3?v=13132567127485479943
Ahrele Samet - Lechteich Ahcharai (Single)		ahrele-samet-lechteich-ahcharai-single	https://mostlymusic.com/cdn/shop/files/61991.mp3?v=6446065902202069395
Benny Friedman - Askilcha (Single)		benny-friedman-askilcha-single	https://mostlymusic.com/cdn/shop/files/65770.mp3?v=3333899525911945363
Kolos Choir - Shema Beni - Feat. Yoely Greenfeld		kolos-choir-shema-beni-feat-yoely-greenfeld	https://mostlymusic.com/cdn/shop/files/KCSBSAM.mp3?v=12966538932405780098
Motty Steinmetz - Tzama (Single)		motty-steinmetz-tzama-single	https://mostlymusic.com/cdn/shop/files/65769.mp3?v=16744179977140398244
A Yid (Single)		a-yid-single	https://mostlymusic.com/cdn/shop/files/2323940.mp3?v=11432217514605137392
Moshe Klein - Hayom (Single)		moshe-klein-hayom-single	https://mostlymusic.com/cdn/shop/files/58080.mp3?v=7684848868416724378
Yanky Hill - Chaim Yisrael Medley (Single)		yanky-hill-chaim-yisrael-medley-single	https://mostlymusic.com/cdn/shop/files/61990.mp3?v=6074898496543222672
Avi Ross & Dovid Rosenthal - Tefila Leoni (Single)		avi-ross-dovid-rosenthal-tefila-leoni-single	https://mostlymusic.com/cdn/shop/files/60907.mp3?v=12079832605141189987
Elad Shaer - Gaaguim (Single)		elad-shaer-gaaguim-single	https://mostlymusic.com/cdn/shop/files/58079.mp3?v=11984873185919391757
Sruly Singer & Motty Rosenfeld Oct. 30 '22 Polowin		sruly-singer-motty-rosenfeld-oct-30-22-polowin	https://mostlymusic.com/cdn/shop/files/59027.mp3?v=8847994252643102604
Eishes Chayil (Single)		eishes-single	https://mostlymusic.com/cdn/shop/files/2323939.mp3?v=2410362077069982253
Shimmy Markowitz Band ft. Motty Ilowitz & Shira Choir - Bentchen [Medley] (Single)		shimmy-markowitz-band-ft-motty-ilowitz-shira-choir-bentchen-medley-single	https://mostlymusic.com/cdn/shop/files/61989.mp3?v=4842421525623717421
Duvid Berger (Feat. Shulem Saal, Freilach & Shira Choir) - Bucherish [Live Performance] (Single)		duvid-berger-feat-shulem-saal-freilach-shira-choir-bucherish-live-performance-single	https://mostlymusic.com/cdn/shop/files/65768.mp3?v=10038215273044994991
Gershi Uri - Vechoil Maminim (Single)		gershi-uri-vechoil-maminim-cover-single	https://mostlymusic.com/cdn/shop/files/63576.mp3?v=11197549916977310829
Ohad Moskowitz - Halo (Single)		ohad-moskowitz-halo-single	https://mostlymusic.com/cdn/shop/files/63573.mp3?v=3814765497358024930
Gad Elbaz & Hebro Music - Esa Enai (Single)		gad-elbaz-hebro-music-esa-enai-single	https://mostlymusic.com/cdn/shop/files/58078.mp3?v=15292027852803035603
Imagine (Single)		imagine-single	https://mostlymusic.com/cdn/shop/files/2323938.mp3?v=10395846118794815378
Shea Berko & Avrumi Berko Production Oct. 27 '22		shea-berko-avrumi-berko-production-oct-27-22	https://mostlymusic.com/cdn/shop/files/59026.mp3?v=12094951777743207746
Yossi Fried - Modim (Single)		yossi-fried-modim-single	https://mostlymusic.com/cdn/shop/files/61987.mp3?v=6727067347788468827
Noam Kornwasser & Elisha Cohen - Vehu Rachum (Single)		noam-kornwasser-elisha-cohen-vehu-rachum-single	https://mostlymusic.com/cdn/shop/files/60906.mp3?v=1826520605074246867
Yoeli Klein, Shaya Gross & Yiddish Nachas - Yiddishe Maalos (Single)		yoeli-klein-shaya-gross-yiddish-nachas-yiddishe-maalos-single	https://mostlymusic.com/cdn/shop/files/63572.mp3?v=15584275240183171837
Dovid Lowy - Elokai - Free Acapella single - feat. Ari Goldwag		dovid-lowy-elokai-acapella	https://mostlymusic.com/cdn/shop/files/52631.mp3?v=14748820025582284773
Bentzi Stein (Feat. Yiddish Nachas) - Shabbos L'yisroel [Medley] (Single)		bentzi-stein-feat-yiddish-nachas-shabbos-lyisroel-medley-single	https://mostlymusic.com/cdn/shop/files/65767.mp3?v=10165775783087888540
Dus Vinderliche Yarmulka - Free Acapella Single		dus-vinderliche-yarmulka-free-acapella-single	https://mostlymusic.com/cdn/shop/files/52652.mp3?v=8627451905074513444
Meshorerim - Bum Bum - Free Acapella Single		meshorerim-bum-bum-free-acapella-single	https://mostlymusic.com/cdn/shop/files/MBBSAM.mp3?v=15218504621037602708
A.T. Friedman - Esa Einai [Cover] (Single)		a-t-friedman-esa-einai-cover-single	https://mostlymusic.com/cdn/shop/files/58077.mp3?v=3964139400982841915
Eli Levin - Lech Lecha (Single)		eli-levin-lech-lecha-single	https://mostlymusic.com/cdn/shop/files/59024.mp3?v=5450512651152474328
Levi Cohen - Ata Kadosh (Single)		ata-kadosh-single-1	https://mostlymusic.com/cdn/shop/files/2323937.mp3?v=13974080928497694710
YLW Studios ft. Yosef Gestetner - Loma Lanetzach [Cover] (Single)		ylw-studios-ft-yosef-gestetner-loma-lanetzach-cover-single	https://mostlymusic.com/cdn/shop/files/61985.mp3?v=5968059628340210622
Simcha Birnhack - Hamamlich Melachim (Single)		simcha-birnhack-hamamlich-melachim-single	https://mostlymusic.com/cdn/shop/files/65766.mp3?v=460296101548326784
Srulik Mendelson - High Energy [DJ Track] (Single)		srulik-mendelson-high-energy-dj-track-single	https://mostlymusic.com/cdn/shop/files/60905.mp3?v=11030331174779989121
Noam Ramati - Armono Shel Hamelech (Single)		noam-ramati-armono-shel-hamelech-single	https://mostlymusic.com/cdn/shop/files/59023.mp3?v=8579569650568479965
Moti Goldman - I Love You Hashem (Single)		moti-goldman-i-love-you-hashem-single	https://mostlymusic.com/cdn/shop/files/2323933.mp3?v=18268305697036007253
Shmuli Adelman - Vechulom - Single		shmuli-adelman-vechulom-single	https://mostlymusic.com/cdn/shop/files/SAVSAM.mp3?v=7450635728533826147
Levy Falkowitz & Levi Lesin - Sep. 4 '23		levy-falkowitz-levi-lesin-sep-4-23	https://mostlymusic.com/cdn/shop/files/61984.mp3?v=12169638817957212634
Mayer Werdyger - Hinei Zeh Boh (Single)		mayer-werdyger-hinei-zeh-boh-single	https://mostlymusic.com/cdn/shop/files/63571.mp3?v=5749826887726313560
Chaim Green - Nisoyen (Single)		chaim-green-nisoyen-single	https://mostlymusic.com/cdn/shop/files/65740.mp3?v=9135825686829061584
Shaya Lebron, Yedidim Choir & Hershy Langsam Production May 30 '23		shaya-lebron-yedidim-choir-hershy-langsam-production-may-30-23	https://mostlymusic.com/cdn/shop/files/60903.mp3?v=2334857834775332276
Shaya Lebron - Tumid [Live Cover] (Single)		shaya-lebron-tumid-live-cover-single	https://mostlymusic.com/cdn/shop/files/63570.mp3?v=4442073228904350212
Isaac & Rubenstein - Eyes Glazed Up (Single)		isaac-rubenstein-eyes-glazed-up-single	https://mostlymusic.com/cdn/shop/files/60904.mp3?v=6005202404932385844
Beri Weber, The Shira Choir & Shimmy Levy Production Oct. 25 '22 Greenfeld		beri-weber-the-shira-choir-shimmy-levy-production-oct-25-22-greenfeld	https://mostlymusic.com/cdn/shop/files/59022.mp3?v=16371657485161873494
Motty Atias - Briev Tzi Yanky A"H (Single)		motty-atias-briev-tzi-yanky-ah-single	https://mostlymusic.com/cdn/shop/files/58075.mp3?v=8323386205331402424
Studio Dynamic - Aheim		studio-dynamic-aheim	https://mostlymusic.com/cdn/shop/files/DSASAM.mp3?v=4478333323181892406
Yidi Bialostozky & Shimmy Levy Production June 14 '23 Schechter		yidi-bialostozky-shimmy-levy-production-june-14-23-schechter	https://mostlymusic.com/cdn/shop/files/60877.mp3?v=15826889059839154708
Avraham Fried - Eloikainee (Single)		avraham-fried-eloikainee-single	https://mostlymusic.com/cdn/shop/files/2323932.mp3?v=14648812980759670067
Moishy Schwartz & Dovy Meisles - Zechus Avos (Single)		moishy-schwartz-dovy-meisles-zechus-avos-single	https://mostlymusic.com/cdn/shop/files/63566.mp3?v=6198455403114816231
Kalmey Schwartz & Chesky Schwartz Production - Oct. 19 '23		kalmey-schwartz-chesky-schwartz-production-oct-19-23	https://mostlymusic.com/cdn/shop/files/61983.mp3?v=12270828628016026047
Mordechai Gottlieb - Hashiveim (Single)		mordechai-gottlieb-hashiveim-single	https://mostlymusic.com/cdn/shop/files/63568.mp3?v=8630959130645491230
Mendy J - Habeit Reimagined (Ft Chananya Begun)		mendy-j-habeit-reimagined-ft-chananya-begun	https://mostlymusic.com/cdn/shop/files/MJHRSAM.mp3?v=4856420030952099925
Avshi Weingot & Chaim Ghoori - Shomer Yisrael (Single)		avshi-weingot-chaim-ghoori-shomer-yisrael-single	https://mostlymusic.com/cdn/shop/files/65738.mp3?v=9144550359038233247
Uziel Deutsch & Yanky Daskal - Hemanti (Single)		uziel-deutsch-yanky-daskal-hemanti-single	https://mostlymusic.com/cdn/shop/files/59017.mp3?v=4546593930572562241
Michoel Schnitzler - Eluku D'Meir Aneini (Single)		michoel-schnitzler-eluku-dmeir-aneini-single	https://mostlymusic.com/cdn/shop/files/2323931.mp3?v=5252912618906434812
Reb Yitzi Ackerman - Avarechecha (Single)		reb-yitzi-ackerman-avarechecha-single	https://mostlymusic.com/cdn/shop/files/61982.mp3?v=15198772876278344406
Tal Vaknin - Boker (Single)		tal-vaknin-boker-single	https://mostlymusic.com/cdn/shop/files/58074.mp3?v=4900741694950804848
Moishe Davidowitz, Tzviki Levin Productions & Capella Choir - Dem Rebbin's Tantz [Medley] (Single)		moishe-davidowitz-tzviki-levin-productions-capella-choir-dem-rebbins-tantz-medley-single	https://mostlymusic.com/cdn/shop/files/65739.mp3?v=17522430278735358448
Levi Cohen & Avi Kraus - Brother (Single)		levi-cohen-avi-kraus-brother-single	https://mostlymusic.com/cdn/shop/files/59019.mp3?v=17034771387459995387
Eli Marcus, Zemiros Choir & Shimon Moskowitz Production June 11 '23 Greenfeld		eli-marcus-zemiros-choir-shimon-moskowitz-production-june-11-23-greenfeld	https://mostlymusic.com/cdn/shop/files/60876.mp3?v=15748510127862682876
Elyashiv Cohen - Bein Arbayim (Single)		elyashiv-cohen-bein-arbayim-single	https://mostlymusic.com/cdn/shop/files/58073.mp3?v=3089803260780322674
Ushi Rosenbaum  - Kaltkeit (Single)		ushi-rosenbaum-kaltkeit-single	https://mostlymusic.com/cdn/shop/files/65736.mp3?v=15567742963319219256
DJyehuda - Hashem Melech Remix		djyehuda-hashem-melech-remix	https://mostlymusic.com/cdn/shop/files/DJYHMR.mp3?v=11892361434050103324
YFM Studios - Hirshanu (Single)		yfm-studios-hirshanu-single	https://mostlymusic.com/cdn/shop/files/63565.mp3?v=4168674086476511635
Rafi The King - Yogati (Single)		rafi-the-king-yogati-single	https://mostlymusic.com/cdn/shop/files/2323930.mp3?v=18130955606072048061
8th Day - We Want (Single)		8th-day-we-want-single	https://mostlymusic.com/cdn/shop/files/61981.mp3?v=6553014414928027839
NIssim Saal - Eishes Chayil (Single)		nissim-saal-eishes-chayil-single	https://mostlymusic.com/cdn/shop/files/2323927.mp3?v=2410362077069982253
Adi Gabison - Ktzat Mimcha (Single)		adi-gabison-ktzat-mimcha-single	https://mostlymusic.com/cdn/shop/files/59021.mp3?v=13787982476940176333
Chaim Blumenfeld & Zalmen Schnitzler June 11 '23		chaim-blumenfeld-zalmen-schnitzler-june-11-23	https://mostlymusic.com/cdn/shop/files/60875.mp3?v=8978354777217667999
Dudi Kalish, Ahrele Samet & Motti Wiesel - Selichos Medley (Single)		dudi-kalish-ahrele-samet-motti-wiesel-selichos-medley-single	https://mostlymusic.com/cdn/shop/files/63559.mp3?v=4185502324830011930
Zvi Zilberberg - BShirei Dovid		zvi-zilberberg-bshirei-dovid	https://mostlymusic.com/cdn/shop/files/ZZBD.mp3?v=14942448568984211567
Bentzy Weberman & Amrom Aker - Zechor Ahavas Kedeemim (Single)		bentzy-weberman-amrom-aker-zechor-ahavas-kedeemim-single	https://mostlymusic.com/cdn/shop/files/61980.mp3?v=811555758994876823
Shmueli Ungar, Lev Choir & Shea Kaller Band June 7 '23 Weiss		shmueli-ungar-lev-choir-shea-kaller-band-june-7-23-weiss	https://mostlymusic.com/cdn/shop/files/60854.mp3?v=2778198866160929946
Menachem Kobi - Boee Kallah (Single)		menachem-kobi-boee-kallah-single	https://mostlymusic.com/cdn/shop/files/59018.mp3?v=15198158493747162912
Meilech Braunstein & Shimmy Markowitz Band - Mameh (Single)		meilech-braunstein-shimmy-markowitz-band-mameh-single	https://mostlymusic.com/cdn/shop/files/65735.mp3?v=11607589641881239819
Hanan Ben Ari - Basof Zeh Halachan (Single)		hanan-ben-ari-basof-zeh-halachan-single-1	https://mostlymusic.com/cdn/shop/files/58072.mp3?v=6635714297705581216
Menachem Shukrun - Ani Shelcha (Single)		menachem-shukrun-ani-shelcha-single	https://mostlymusic.com/cdn/shop/files/58071.mp3?v=6445873414021218222
Yoel Dovid Goldstein - Umani		yoel-dovid-goldstein-umani	https://mostlymusic.com/cdn/shop/files/YDGU.mp3?v=11138468986277717277
Nussi Liberman - Chafar (Single)		nussi-liberman-chafar-single	https://mostlymusic.com/cdn/shop/files/61979.mp3?v=12808168728291029557
Yossi Goldwag - Shoshanas Yaakov		yossi-goldwag-shoshanas-yaakov	https://mostlymusic.com/cdn/shop/files/YGSHYSAM.mp3?v=15613268369055286118
Baruch Levine - V'sein Chelkeinu (Single)		baruch-levine-vsein-chelkeinu-single	https://mostlymusic.com/cdn/shop/files/2323922.mp3?v=2051322395507907690
Aryeh Rubin - Why Me (Single)		aryeh-rubin-why-me-single	https://mostlymusic.com/cdn/shop/files/65720.mp3?v=11451797904769799523
All Star - יעצט קעמען פועל'ן (Single)		all-star-single	https://mostlymusic.com/cdn/shop/files/63561.mp3?v=16539020120403723778
Kalmey Schwartz & Hershy Langsam Production June 7 '23		kalmey-schwartz-hershy-langsam-production-june-7-23	https://mostlymusic.com/cdn/shop/files/60853.mp3?v=14285455800348273415
Aaron Razel - Ani HeAni (Single)		aaron-razel-ani-heani-single	https://mostlymusic.com/cdn/shop/files/58070.mp3?v=17059360240796817666
Avrumy Straus & Motty Ilowitz - Tefilasi (Single)		avrumy-straus-motty-ilowitz-tefilasi-single	https://mostlymusic.com/cdn/shop/files/63557.mp3?v=4110231853070460010
Chaim Green - Buchar Buni (Single)		chaim-green-buchar-buni-single	https://mostlymusic.com/cdn/shop/files/2323923.mp3?v=16257911992961734995
Harel Tal - Yitbarach Shimcha [Cover] (Single)		harel-tal-yitbarach-shimcha-cover-single	https://mostlymusic.com/cdn/shop/files/59020.mp3?v=422315932477526242
Itzik Dadya, Afiko.man & Alex Clare - Flying Carpet (Single)		itzik-dadya-afiko-man-alex-clare-flying-carpet-single	https://mostlymusic.com/cdn/shop/files/65729.mp3?v=9153606321743780433
Yaakov Shwekey - Ten Li Koach (Single)		yaakov-shwekey-ten-li-koach-single	https://mostlymusic.com/cdn/shop/files/61977.mp3?v=8714041200809163591
Yidi Bialostozky & Yeedle Kahan Production May 29 '23		yidi-bialostozky-yeedle-kahan-production-may-29-23	https://mostlymusic.com/cdn/shop/files/60852.mp3?v=2251236371069134965
Dudi Knopfler - Ahavas Yisroel (Single)		dudi-knopfler-ahavas-yisroel-single	https://mostlymusic.com/cdn/shop/files/58069.mp3?v=1292299659719929254
Cholem K'mo Yosef (Single)		cholem-kmo-yosef-single	https://mostlymusic.com/cdn/shop/files/2323918.mp3?v=5600263273501132570
Hillel Kapnick and Baruch Naftel - Shoshannas Yaakov		hillel-kapnick-shoshannas-yaakov	https://mostlymusic.com/cdn/shop/files/HKSHYS.mp3?v=7539207351171612449
Yeedle & Nemouel - B'zeh Habayit (Single)		yeedle-nemouel-bzeh-habayit-single	https://mostlymusic.com/cdn/shop/files/65719.mp3?v=17173595824301718790
Yossi Lauber - Mein Gevein (Single)		yossi-lauber-mein-gevein-single	https://mostlymusic.com/cdn/shop/files/59016.mp3?v=11026952511989716267
Chaim Meir Fligman & Shir Vshevach - Nur Er Ken (Single)		chaim-meir-fligman-shir-vshevach-nur-er-ken-single	https://mostlymusic.com/cdn/shop/files/61975.mp3?v=2777284895494829695
Regesh - Try (Single)		regesh-try-single	https://mostlymusic.com/cdn/shop/files/58068.mp3?v=813836429616223036
Lipa Schmeltzer & Michoel Schnitzler - Olamois (Single)		lipa-schmeltzer-michoel-schnitzler-olamois-single	https://mostlymusic.com/cdn/shop/files/60848.mp3?v=17694068205109523171
Gad Elbaz, Prod. By Yochanan - Sheyishmor [Official Remix] (Single)		gad-elbaz-prod-by-yochanan-sheyishmor-official-remix-single	https://mostlymusic.com/cdn/shop/files/59015.mp3?v=15297232176946858102
Yitzy Waldner - Ulei Yerachem (Single)		yitzy-waldner-ulei-yerachem-single	https://mostlymusic.com/cdn/shop/files/63564.mp3?v=4095071629982972461
Shloime Cohen - Uv'chol Zos (Single)		shloime-cohen-uvchol-zos-single	https://mostlymusic.com/cdn/shop/files/63562.mp3?v=18346570790366330989
Shloime Balsam- Tzadikei Oilam (Single)		shloime-balsam-tzadikei-oilam-single	https://mostlymusic.com/cdn/shop/files/2323917.mp3?v=13849823900327465997
Yidi Bialostozky & Shloime Daskal - Makom Torah (Single)		yidi-bialostozky-shloime-daskal-makom-torah-single	https://mostlymusic.com/cdn/shop/files/65718.mp3?v=8739630560855852260
Shimmy Steinmetz- Shir Ushvacha (Single)		shimmy-steinmetz-shir-ushvacha-single	https://mostlymusic.com/cdn/shop/files/2323915.mp3?v=6794234715836146557
Shloime Daskal, Motty Ilowitz, Avrum Mordche Schwartz, Yedidim Choir & Yanky Briskman Production June 4 '23 Bernath		shloime-daskal-motty-ilowitz-avrum-mordche-schwartz-yedidim-choir-yanky-briskman-production-june-4-23-bernath	https://mostlymusic.com/cdn/shop/files/60851.mp3?v=8540708545220616893
Chaim Banet - Ilan Ilan		chaim-banet-ilan-ilan	https://mostlymusic.com/cdn/shop/files/ID18259.mp3?v=8107028845131841208
Joey Newcomb - One Note Niggun (Single)		joey-newcomb-one-note-niggun-single	https://mostlymusic.com/cdn/shop/files/61976.mp3?v=16686132194525381951
Yoni Galen - Movement (Single)		yoni-galen-movement-single	https://mostlymusic.com/cdn/shop/files/59014.mp3?v=1505104075113365837
Mordche Berkowitz & Chaim Gefner June 1 '23 Brandwein		mordche-berkowitz-chaim-gefner-june-1-23-brandwein	https://mostlymusic.com/cdn/shop/files/60850.mp3?v=16404399718704132431
Regesh - Shmay-Shamayim (Single)		regesh-shimay-shamayim-single	https://mostlymusic.com/cdn/shop/files/58067.mp3?v=16873331783360996928
Meir Friedman & Yishai Hershkowitz - V'al Kulom (Single)		meir-friedman-yishai-hershkowitz-val-kulom-single	https://mostlymusic.com/cdn/shop/files/58051.mp3?v=4452191362895650928
Shloime Taussig - Di Niggun (Single)		shloime-taussig-di-niggun	https://mostlymusic.com/cdn/shop/files/2323437.mp3?v=9528992015307826783
Akiva David - Don't Let Me Down (Single)		akiva-david-dont-let-me-down-single	https://mostlymusic.com/cdn/shop/files/59013.mp3?v=15567480393220405223
Simcha Jacoby & Yoely Fischer - Warmup [Medley] (Single)		simcha-jacoby-yoely-fischer-warmup-medley-single	https://mostlymusic.com/cdn/shop/files/65717.mp3?v=18001009002861774833
Avrumi - Ilan (Single)		avrumi-ilan-single	https://mostlymusic.com/cdn/shop/files/61974.mp3?v=16110525071045629762
Ahrele Samet - הייליגע מינוטן 3# (Single)		ahrele-samet-3-single	https://mostlymusic.com/cdn/shop/files/63556.mp3?v=3261214100521512936
Yisroel Sofer - Chassidish Mix		yisroel-sofer-chassidish-mix	https://mostlymusic.com/cdn/shop/files/2323914.mp3?v=16075762468419239423
Gershi Uri (Feat. Yitzchok Honig) - Yeshua (Single)		gershi-uri-feat-yitzchok-honig-yeshua-single-1	https://mostlymusic.com/cdn/shop/files/65716.mp3?v=16887337123349777372
Takshivu - Waiting For Us (Single)		takshivu-waiting-for-us-single	https://mostlymusic.com/cdn/shop/files/58983.mp3?v=2393476578582550244
Leiby Moskowitz - Mitzvah Tantz in English (Single)		leiby-moskowitz-mitzvah-tantz-in-english-single	https://mostlymusic.com/cdn/shop/files/63560.mp3?v=13066161744335404133
Assaf Harush - Ahuvi (Single)		assaf-harush-ahuvi-single	https://mostlymusic.com/cdn/shop/files/61973.mp3?v=7234972135914484886
Shloime Taussig - Mei Dehaveh		shloime-taussig-mei-dhaave	https://mostlymusic.com/cdn/shop/files/MaiD.mp3?v=756433389353494527
Nussi Liberman - Luna Park (Single)		nussi-liberman-luna-park-single	https://mostlymusic.com/cdn/shop/files/60849.mp3?v=16040720506788562789
Banu Shuv		banu-shuv	https://mostlymusic.com/cdn/shop/files/2323913.mp3?v=387108865262805872
Yedidim & Shalsheles - Der Maggids Menorah - Chanukah Single		yedidim-shalsheles-der-maggids-menorah-chanukah-single	https://mostlymusic.com/cdn/shop/files/Der_Maggids_menorah.mp3?v=14564832567848450890
Nussy Fuchs & Yanky Hill - Boee Legani (Single)		nussy-fuchs-yanky-hill-boee-legani-single	https://mostlymusic.com/cdn/shop/files/61972.mp3?v=16018598651131287516
Uzi Bodner - Mayein Olam Habah (Single)		uzi-bodner-mayein-olam-habah-single	https://mostlymusic.com/cdn/shop/files/60847.mp3?v=3688872682310377635
Itay Vagner - Ve'ata Berahamecha (Single)		itay-vagner-veata-berahamecha-single	https://mostlymusic.com/cdn/shop/files/58981.mp3?v=143849719339141395
Beri Weber & Simcha Abramczik - Aheim [Medley] (Single)		beri-weber-simcha-abramczik-aheim-medley-single	https://mostlymusic.com/cdn/shop/files/63558.mp3?v=7314785856630172203
Sender Gelb - Heintigen Tug (Single)		sender-gelb-heintigen-tug-single	https://mostlymusic.com/cdn/shop/files/65714.mp3?v=6083097111468442182
Shia Gefen & David Schwarcz - Satmar Yeshiva Williamsburg - 3'rd Age Purim Song '22 (Single)		shia-gefen-david-schwarcz-satmar-yeshiva-williamsburg-3rd-age-purim-song-22-single	https://mostlymusic.com/cdn/shop/files/58049.mp3?v=2135288108975340344
Yedidim Choir - Koach		yedidim-choir-koach	https://mostlymusic.com/cdn/shop/files/Yedidim_Choir_-_Koach.mp3?v=7100489376444724415
Yesimcha		yesimcha	https://mostlymusic.com/cdn/shop/files/2323912.mp3?v=2261682416111836392
Pini Einhorn  - Tov Ha'Baal Shem [Remixed By DJ Hershey] (Single)		pini-einhorn-tov-habaal-shem-remixed-by-dj-hershey-single	https://mostlymusic.com/cdn/shop/files/58050.mp3?v=4981779956701121077
8th Day - Shabbos State of Mind (Single)		8th-day-shabbos-state-of-mind-single	https://mostlymusic.com/cdn/shop/files/65704.mp3?v=9859566043057248075
Shmuel - Hareini (Single)		shmuel-hareini-single	https://mostlymusic.com/cdn/shop/files/63563.mp3?v=15387985022348057241
Haim Israel - Ata Shematzil (Single)		haim-israel-ata-shematzil-single	https://mostlymusic.com/cdn/shop/files/60846.mp3?v=5710225762308319183
Baruch Levine Ft. The Shir V'shevach Boys Choir - Ve'at Alis Al Kulana [Nshei Adirei HaTorah] (Single)		baruch-levine-ft-the-shir-vshevach-boys-choir-veat-alis-al-kulana-nshei-adirei-hatorah-single	https://mostlymusic.com/cdn/shop/files/58980.mp3?v=17413321720294484842
Yonatan Razel - Et Milchama (Single)		yonatan-razel-et-milchama-single	https://mostlymusic.com/cdn/shop/files/61970.mp3?v=9905930676848474773
Ad Matai		ad-matai	https://mostlymusic.com/cdn/shop/files/2323911.mp3?v=11763813145384078074
Moshe Storch Ft. Yehuda Solomon - Kah Ribon (Single)		moshe-storch-ft-yehuda-solomon-kah-ribon-single	https://mostlymusic.com/cdn/shop/files/58979.mp3?v=6694616381436332070
Yitzy Waldner ft. Yehuda Grunberger - Torah's Who I Am (Single)		yitzy-waldner-ft-yehuda-grunberger-torahs-who-i-am-single	https://mostlymusic.com/cdn/shop/files/61969.mp3?v=11959310004271034353
Yona Rivka Kimelman - Odcha (Single)		yona-rivka-kimelman-odcha-single	https://mostlymusic.com/cdn/shop/files/65702.mp3?v=14109665080775220471
Akiva Theme Song (Single)		akiva-theme-song-single	https://mostlymusic.com/cdn/shop/files/63540.mp3?v=7087893236652849654
Yisroel Adler - Oroit - Free Single		yisroel-adler-oroit-free-single	https://mostlymusic.com/cdn/shop/files/YisroelAdlerOroitFree_Single.mp3?v=5538171639277831917
Pinny Masarano - Satmar Yeshiva Queens - 2'nd Age Purim Song '22 (Single)		pinny-masarano-satmar-yeshiva-queens-2nd-age-purim-song-22-single	https://mostlymusic.com/cdn/shop/files/58048.mp3?v=5065032405192843151
G. S. - Satmar Yeshiva Monroe - 3'rd Age Purim Song '22 (Single)		g-s-satmar-yeshiva-monroe-3rd-age-purim-song-22-single	https://mostlymusic.com/cdn/shop/files/58047.mp3?v=17281621913579891264
Zanvil Weinberger & Malchus Choir - Taiefen Eilaini (Single)		zanvil-weinberger-malchus-choir-taiefen-eilaini-single	https://mostlymusic.com/cdn/shop/files/63539.mp3?v=17366285185818716240
Mordechai Ben David - Oy Rebbe (Single)		mordechai-ben-david-oy-rebbe-single	https://mostlymusic.com/cdn/shop/files/65652.mp3?v=2975690434330418608
Assaf Harush - Lama Li Lipol (Single)		assaf-harush-lama-li-lipol-single	https://mostlymusic.com/cdn/shop/files/60841.mp3?v=5550662578438994636
Mezei - Menachem Moskowitz - Greenwald Wedding		mezei-menachem-moskowitz-shliach	https://mostlymusic.com/cdn/shop/files/Greenwaldwedding.mp3?v=4158943228391879955
Levy Falkowitz, Yanky Daskal, Mendy Weiss, Bentzi Kletzkin & Malchus Choir - Naaleh V'neraeh (Single)		levy-falkowitz-yanky-daskal-mendy-weiss-bentzi-kletzkin-malchus-choir-naaleh-vneraeh-single	https://mostlymusic.com/cdn/shop/files/58971.mp3?v=5244973022485642847
Gad Elbaz feat. Bodi - Purim Crashers (Single)		gad-elbaz-feat-bodi-purim-crashers-single	https://mostlymusic.com/cdn/shop/files/58046.mp3?v=14662507349742649824
Element Band - Melech		element-band-melech	https://mostlymusic.com/cdn/shop/files/MelechMix.mp3?v=14869124228062061583
Zanvil Weinberger & Malchus Choir - Borchi (Single)		zanvil-weinberger-malchus-choir-borchi-single	https://mostlymusic.com/cdn/shop/files/61971.mp3?v=13238349614636710342
Yossi Glanz - Mechake (Single)		yossi-glanz-mechake-single	https://mostlymusic.com/cdn/shop/files/65640.mp3?v=13227648926306622954
Its a Rebbe's Life		its-a-rebbis-life	https://mostlymusic.com/cdn/shop/files/2323909.mp3?v=16956646113007974996
Isrolik Bash - Matchil BeTzaad [Cover] (Single)		isrolik-bash-matchil-betzaad-cover-single	https://mostlymusic.com/cdn/shop/files/61968.mp3?v=8502622053489954394
Moshe Auslander - Baderech (Single)		moshe-auslander-baderech-single	https://mostlymusic.com/cdn/shop/files/60845.mp3?v=15884313362156718172
Ven Einer Veint		ven-einer-veint	https://mostlymusic.com/cdn/shop/files/2323910.mp3?v=17342695195998524671
Meir Hajby - Chayal Shel Milim (Single)		meir-hajby-chayal-shel-milim-single	https://mostlymusic.com/cdn/shop/files/60842.mp3?v=8141422969985762581
Pini Einhorn - Mi Lahashem Elay (Single)		pini-einhorn-mi-lahashem-elay-single	https://mostlymusic.com/cdn/shop/files/63538.mp3?v=12347783284829883659
Yechial Markowitz & Shloimy Lindner - Minkatch Yeshiva - 1'st Age Purim Song '22 (Single)		yechial-markowitz-shloimy-lindner-minkatch-yeshiva-1st-age-purim-song-22-single	https://mostlymusic.com/cdn/shop/files/58045.mp3?v=9743421072702048669
DJ Kraz Ft. Binyamin - Open Up (Single)		dj-kraz-ft-binyamin-open-up-single	https://mostlymusic.com/cdn/shop/files/58978.mp3?v=15895887956232755411
Take Us Home		take-us-home	https://mostlymusic.com/cdn/shop/files/2323908.mp3?v=6988002888464597974
Motti Wiesel - Kedushas Hayom [Medley] (Single)		motti-wiesel-kedushas-hayom-medley-single	https://mostlymusic.com/cdn/shop/files/63491.mp3?v=12598644415701994388
Meshulam Zusha - Kumzisha (Single)		meshulam-zusha-kumzisha-single	https://mostlymusic.com/cdn/shop/files/65639.mp3?v=6928486811293721451
Yaakov Feldstein - Shomer Hashem		yaakov-feldstein-shomer-hashem	https://mostlymusic.com/cdn/shop/files/Shomer_Hashem_final.mp3?v=17348166843283676257
DJ Farbreng Ft. Afiko.man & Matisyahu - Jerusalem Upmix (Single)		dj-farbreng-ft-afiko-man-matisyahu-jerusalem-upmix-single	https://mostlymusic.com/cdn/shop/files/61967.mp3?v=15541422851976041109
Yoel Frank & Yisroel Yehuda Daskal - Minkatch 4'th Age Purim Song '22 (Single)		yoel-frank-yisroel-yehuda-daskal-minkatch-4th-age-purim-song-22-single	https://mostlymusic.com/cdn/shop/files/58044.mp3?v=8730743186208890462
Chaim Zippel - Lenatzeach Kol Michshol (Single)		chaim-zippel-lenatzeach-kol-michshol-single	https://mostlymusic.com/cdn/shop/files/58977.mp3?v=1796422794188630650
New York School of Jewish Song - Kol Berama		new-york-boys-choir-kol-berama	https://mostlymusic.com/cdn/shop/files/ID10336.mp3?v=9590580684455981194
Pini Einhorn, Neshama, Laufer - Comfort Live (Single)		pini-einhorn-neshama-laufer-comfort-live	https://mostlymusic.com/cdn/shop/files/65638.mp3?v=7997726144658320241
Nissim Black - Fired Up (Single)		nissim-black-fired-up-single	https://mostlymusic.com/cdn/shop/files/60843.mp3?v=5023756172472562286
Yerei Shamayim DJ Bentzy		yerei-shamayim-dj-bentzy	https://mostlymusic.com/cdn/shop/files/2323906.mp3?v=668443888731846911
Einayim Feat. Yoely Freund - Mi Yemalel [Cover] (Single)		einayim-feat-yoely-freund-mi-yemalel-cover-single	https://mostlymusic.com/cdn/shop/files/58043.mp3?v=15241574816082118172
Menachem Moskowitz & Beri Karpen Sep. 1 '22		menachem-moskowitz-beri-karpen-sep-1-22	https://mostlymusic.com/cdn/shop/files/58976.mp3?v=10784760210361892691
Itay David - Mehatchala (Single)		itay-david-mehatchala-single	https://mostlymusic.com/cdn/shop/files/60839.mp3?v=5044982484960668154
DBM Studios - Only In Heaven (Single)		dbm-studios-only-in-heaven-single	https://mostlymusic.com/cdn/shop/files/61965.mp3?v=6131475025278545622
Simche Friedman - Im Yirtzeh Hashem (Single)		simche-friedman-im-yirtzeh-hashem-single	https://mostlymusic.com/cdn/shop/files/63490.mp3?v=7581306012671105235
Yoely Falkowitz - Sheva Shabasos Temimos T'hiyena - Nussach Kalev - Vocal Acapella		levy-falkowitz-sheva-shabossos	https://mostlymusic.com/cdn/shop/files/2323905.mp3?v=16205409734282495194
Yanky & Shloime Daskal - Tigaleh Ohr (Single)		yanky-shloime-daskal-tigaleh-ohr-single	https://mostlymusic.com/cdn/shop/files/65637.mp3?v=4917308489237943475
Haim Israel [Prod. By Dudu Koma] - Hiya Hiya (Single)		haim-israel-prod-by-dudu-koma-hiya-hiya-single	https://mostlymusic.com/cdn/shop/files/60838.mp3?v=830821129641926755
DBM Studios - My Brother (Single)		dbm-studios-my-brother-single	https://mostlymusic.com/cdn/shop/files/61966.mp3?v=7420028441555329223
Menachem Moskowitz & Mez Production Sep. 15 '22		menachem-moskowitz-mez-production-sep-15-22	https://mostlymusic.com/cdn/shop/files/58975.mp3?v=5375845297179815216
Moshe Laufer - Chabad vol 3 - Free Single		moshe-laufer-chabad-vol-3	https://mostlymusic.com/cdn/shop/files/Chabad3-NigunSimcha.mp3?v=13778868592772707564
Lipa Schmeltzer & Heedy Rosenberg - כ׳בין מיך מוחל (Single)		lipa-schmeltzer-heedy-rosenberg-single	https://mostlymusic.com/cdn/shop/files/63489.mp3?v=10270551939284713803
Sruli Belz - Ein Od Milvado (Single)		sruli-belz-ein-od-milvado-single	https://mostlymusic.com/cdn/shop/files/65622.mp3?v=14135519264962094981
Yeedle Werdyger - VaYehi Binsoa (Single)		yeedle-werdyger-vayehi-binsoa-single	https://mostlymusic.com/cdn/shop/files/63488.mp3?v=4524562697954867469
Elchanan Tasa - Lecha Aba (Single)		elchanan-tasa-lecha-aba-single	https://mostlymusic.com/cdn/shop/files/61964.mp3?v=4727919708102904682
Aaron Razel - Ulu		aaron-razel-ulu	https://mostlymusic.com/cdn/shop/files/2323904.mp3?v=14366546399236980218
David Taub Ft. Gil Israelov - Rak Toda (Single)		david-taub-ft-gil-israelov-rak-toda-single	https://mostlymusic.com/cdn/shop/files/60837.mp3?v=103186343157654805
Shimon Goldberg - Tzomoh Nafshi		shimon-goldberg-tzomoh-nafshi	https://mostlymusic.com/cdn/shop/files/Shimon_Goldberg_Tzomoh_Nafshi.mp3?v=6382266088441084949
Achim Freund & Levi Lesin Production Sep. 14 '22		achim-freund-levi-lesin-production-sep-14-22	https://mostlymusic.com/cdn/shop/files/58974.mp3?v=12966841164907460223
Moshe Laufer - Va'ani (Single)		moshe-laufer-vaani-single	https://mostlymusic.com/cdn/shop/files/65621.mp3?v=499311506514740044
Beri Weber - Lama [Remixed By DJ Sheya] (Single)		beri-weber-lama-remixed-by-dj-sheya-single	https://mostlymusic.com/cdn/shop/files/58042.mp3?v=12477706280914985886
Binny & Tunni - Shabbos Angels		binny-tinny-shabbos-angles	https://mostlymusic.com/cdn/shop/files/ShabbosAngels.mp3?v=7993581117092427702
Avigdor Deutsch & Shloimy R. - Kupas Chasanim Sanz Klausenburg Purim Song '22 (Single)		avigdor-deutsch-shloimy-r-kupas-chasanim-sanz-klausenburg-purim-song-22-single	https://mostlymusic.com/cdn/shop/files/58041.mp3?v=5388810598992323438
Aaron Razel - Ish Tachat Gafno (Single)		aaron-razel-ish-tachat-gafno-single	https://mostlymusic.com/cdn/shop/files/63487.mp3?v=16054176179653532164
Meilich Kohn - Al Tudin		meilich-kohn-al-tudin	https://mostlymusic.com/cdn/shop/files/2323903.mp3?v=17574202561510828386
Yitzchak Meir - BeYadcha (Single)		yitzchak-meir-beyadcha-single	https://mostlymusic.com/cdn/shop/files/61963.mp3?v=13861431477800135105
Lipa Schmeltzer, Lev Choir & Motty Breier Production Sep. 11 '22 Gantz		lipa-schmeltzer-lev-choir-motty-breier-production-sep-11-22-gantz	https://mostlymusic.com/cdn/shop/files/58973.mp3?v=11599775699141185365
Yoeli Klein - Kipas Avnei Chesed Purim Song '22 (Single)		yoeli-klein-kipas-avnei-chesed-purim-song-22-single	https://mostlymusic.com/cdn/shop/files/58040.mp3?v=713403827562955404
Hillel Kapnick - Hamakom		hillel-kapnick-hamakom	https://mostlymusic.com/cdn/shop/files/Hamakom_Hillel_Kapnick.mp3?v=14906934966020332303
Avraham Fried - Ototo (Acapella Version)		avraham-fried-ototo-acapella-version	https://mostlymusic.com/cdn/shop/files/2323901.mp3?v=14316345518423296666
Aviad - Kmo Shehashemesh Ola (Single)		aviad-kmo-shehashemesh-ola-single	https://mostlymusic.com/cdn/shop/files/60836.mp3?v=492399515356133419
Ari Hill - Neshama Shvura (Single)		ari-hill-neshama-shvura-single	https://mostlymusic.com/cdn/shop/files/65619.mp3?v=8354718032952191306
Yehu Leratzon (Acapella Single)		yehu-leratzon-acapella-single	https://mostlymusic.com/cdn/shop/files/2323898.mp3?v=3223081647636207011
Asaf Shefer - Ma Ani Agidcha (Single)		asaf-shefer-ma-ani-agidcha-single	https://mostlymusic.com/cdn/shop/files/60835.mp3?v=5110101460311849077
Yona Rivka Kimelman - When The King Is In The Field (Single)		yona-rivka-kimelman-when-the-king-is-in-the-field-single	https://mostlymusic.com/cdn/shop/files/63486.mp3?v=10703040089313641916
Yosef Chaim Biton - Zachiti Bachaim (Single)		yosef-chaim-biton-zachiti-bachaim-single	https://mostlymusic.com/cdn/shop/files/58966.mp3?v=1405784493558499526
Shloime Gertner - Yaaleh Veyavo (single)		shloimy-gertner-yaaleh-veyavo	https://mostlymusic.com/cdn/shop/files/Yaaleh_Veyavo_Gertner.mp3?v=6545775381322785641
HBS - Bass (Single)		hbs-bass-single	https://mostlymusic.com/cdn/shop/files/65620.mp3?v=4527681123364655699
Leah Avruch - Ten Li Tefilah [Cover] (Single)		leah-avruch-ten-li-tefilah-cover-single	https://mostlymusic.com/cdn/shop/files/63485.mp3?v=11127804157184566603
Buchi Glick & Meilech Halpern June 6 '23		buchi-glick-meilech-halpern-june-6-23	https://mostlymusic.com/cdn/shop/files/60833.mp3?v=11111314450867684088
Sruly Green - Ich Bin Down (Single)		sruly-green-ich-bin-down-single	https://mostlymusic.com/cdn/shop/files/58039.mp3?v=15093727319011121990
Moishey Ney - Repentance		moishe-ney-repentance	https://mostlymusic.com/cdn/shop/files/moishey-ney---repentance---moishey-ney---repentance-(8:01)-/-download-single-track.mp3?v=44111
Akiva - Lehachzik Chazak (Single)		akiva-lehachzik-chazak-single	https://mostlymusic.com/cdn/shop/files/61962.mp3?v=11370124510286639625
Shuli Rand - Karev Yom (Single)		shuli-rand-karev-yom-single	https://mostlymusic.com/cdn/shop/files/61961.mp3?v=14554857517330133982
Ari Lesser - Grateful  (Single)		ari-lesser-grateful-single	https://mostlymusic.com/cdn/shop/files/58038.mp3?v=12368921381904611042
Mati Shriki - Mehatchala (Single)		mati-shriki-mehatchala-single	https://mostlymusic.com/cdn/shop/files/58972.mp3?v=9765050116311971320
Joey Newcomb & Ohad Moskowitz - Yevamos (Single)		joey-newcomb-ohad-moskowitz-yevamos-single	https://mostlymusic.com/cdn/shop/files/65618.mp3?v=1398828487471990285
Melech Rachaman (acapella single)		melech-rachaman-acapella-single	https://mostlymusic.com/cdn/shop/files/2323897.mp3?v=5555447707769109850
Duvid Pollak - Ezer Nisien Sanz Purim Song '22 (Single)		duvid-pollak-ezer-nisien-sanz-purim-song-22-single	https://mostlymusic.com/cdn/shop/files/58037.mp3?v=17565256451786915511
Chili Genuth  - Vesamachta Bechagecha (Single)		chili-genuth-vesamachta-bechagecha-single	https://mostlymusic.com/cdn/shop/files/58970.mp3?v=8363540420280150744
Shevach - Yegia Kapecha (Single)		shevach-yegia-kapecha-single	https://mostlymusic.com/cdn/shop/files/63484.mp3?v=14928063682534241803
Hishbati (acapella single)		hishbati-acapella-single	https://mostlymusic.com/cdn/shop/files/2323896.mp3?v=3629318550550901090
Shimon Levi - Rak Od Nigun (Single)		shimon-levi-rak-od-nigun-single	https://mostlymusic.com/cdn/shop/files/61960.mp3?v=12551961852387836491
Menachem Moskowitz, The Shira Choir, & Avrumi Berko Production June 5 '23		menachem-moskowitz-the-shira-choir-avrumi-berko-production-june-5-23	https://mostlymusic.com/cdn/shop/files/60832.mp3?v=9766210392275302053
Eitan Katz - No Other Place (Single)		yanky-lemmer-farbrengen-single-copy	https://mostlymusic.com/cdn/shop/files/65617.mp3?v=5082252632465086824
Shloime Bernstein - Ochein (Single)		shloime-bernstein-ochein-single	https://mostlymusic.com/cdn/shop/files/61928.mp3?v=15207487125354078868
Shuki Salomon & DJ Berger - Shir L'Rabeinu (Single)		shuki-salomon-dj-berger-shir-lrabeinu-single	https://mostlymusic.com/cdn/shop/files/63481.mp3?v=13912823651498408530
Kolos Choir - Veyeida Kol Puel		veida-kol-puel	https://mostlymusic.com/cdn/shop/files/Veyeida.mp3?v=16276087143473795743
Zurach Spira, Yossi Gantz, Chuny Silber & Mechy Oberlander - Darkei Moshe Yeshiva Purim Song '22 (Single)		zurach-spira-yossi-gantz-chuny-silber-mechy-oberlander-darkei-moshe-yeshiva-purim-song-22-single	https://mostlymusic.com/cdn/shop/files/58035.mp3?v=15679194853110623427
All Star - Shabbos Melodies 2014 FREE		shabbos-project-2014	https://mostlymusic.com/cdn/shop/files/52021.mp3?v=11267909783785312950
All Star - Shabbos Melodies 2014 FREE		shabbos-project-2014	https://mostlymusic.com/cdn/shop/files/52022.mp3?v=3276950391159863343
All Star - Shabbos Melodies 2014 FREE		shabbos-project-2014	https://mostlymusic.com/cdn/shop/files/52023.mp3?v=5186654541847883832
All Star - Shabbos Melodies 2014 FREE		shabbos-project-2014	https://mostlymusic.com/cdn/shop/files/52024.mp3?v=13882611031872845791
All Star - Shabbos Melodies 2014 FREE		shabbos-project-2014	https://mostlymusic.com/cdn/shop/files/52025.mp3?v=1696372989424426640
All Star - Shabbos Melodies 2014 FREE		shabbos-project-2014	https://mostlymusic.com/cdn/shop/files/52026.mp3?v=15871469089944966742
All Star - Shabbos Melodies 2014 FREE		shabbos-project-2014	https://mostlymusic.com/cdn/shop/files/52027.mp3?v=17799951563174444693
All Star - Shabbos Melodies 2014 FREE		shabbos-project-2014	https://mostlymusic.com/cdn/shop/files/52028.mp3?v=475777596323572497
All Star - Shabbos Melodies 2014 FREE		shabbos-project-2014	https://mostlymusic.com/cdn/shop/files/52029.mp3?v=2157217840244542184
All Star - Shabbos Melodies 2014 FREE		shabbos-project-2014	https://mostlymusic.com/cdn/shop/files/52030.mp3?v=4159810563588822220
All Star - Shabbos Melodies 2014 FREE		shabbos-project-2014	https://mostlymusic.com/cdn/shop/files/52031.mp3?v=16210775120201333915
All Star - Shabbos Melodies 2014 FREE		shabbos-project-2014	https://mostlymusic.com/cdn/shop/files/52032.mp3?v=6413752026214760031
All Star - Shabbos Melodies 2014 FREE		shabbos-project-2014	https://mostlymusic.com/cdn/shop/files/52033.mp3?v=9182147498756457743
All Star - Shabbos Melodies 2014 FREE		shabbos-project-2014	https://mostlymusic.com/cdn/shop/files/52034.mp3?v=17366580907823395803
All Star - Shabbos Melodies 2014 FREE		shabbos-project-2014	https://mostlymusic.com/cdn/shop/files/52035.mp3?v=3463379686986293089
All Star - Shabbos Melodies 2014 FREE		shabbos-project-2014	https://mostlymusic.com/cdn/shop/files/52036.mp3?v=14265567131312537123
All Star - Shabbos Melodies 2014 FREE		shabbos-project-2014	https://mostlymusic.com/cdn/shop/files/52037.mp3?v=18045434584129786568
All Star - Shabbos Melodies 2014 FREE		shabbos-project-2014	https://mostlymusic.com/cdn/shop/files/52038.mp3?v=11369391757843600075
Moshcheini (acapella single)		moshcheini-single	https://mostlymusic.com/cdn/shop/files/2323895.mp3?v=15027364542834230773
Freilach Band, Zanvil Weinberger, Motty Steinmetz, Beri Weber & Shira Choir - Apiryon [Medley] (Single)		freilach-band-zanvil-weinberger-motty-steinmetz-beri-weber-shira-choir-apiryon-medley-single	https://mostlymusic.com/cdn/shop/files/66161.mp3?v=8536085153466411483
Yanky Lemmer - Farbrengen (Single)		yanky-lemmer-farbrengen-single	https://mostlymusic.com/cdn/shop/files/65616.mp3?v=18445575259894921490
Shloime Cohen - Hameorerim 2.5: Geshem (Single)		shloime-cohen-hameorerim-2-5-geshem-single	https://mostlymusic.com/cdn/shop/files/58962.mp3?v=1620439403281479685
Bentzy Weberman & Boruch Yida Gross June 1 '23		bentzy-weberman-boruch-yida-gross-june-1-23	https://mostlymusic.com/cdn/shop/files/60831.mp3?v=7620324435187152225
Shea Berko & Avrumi Berko Production May 28 '23		shea-berko-avrumi-berko-production-may-28-23	https://mostlymusic.com/cdn/shop/files/60830.mp3?v=3882852652473166245
Shloime Bernstein - Hiten Shabbos (Single)		shloime-bernstein-hiten-shabbos-single	https://mostlymusic.com/cdn/shop/files/58961.mp3?v=2258401693778866326
David Taub & Motty Weiss - Vechol Maminim (Single)		david-taub-motty-weiss-vechol-maminim-single	https://mostlymusic.com/cdn/shop/files/63478.mp3?v=9837196128315697144
Duvid Feder - Close (Single)		duvid-feder-close-single	https://mostlymusic.com/cdn/shop/files/63477.mp3?v=7084680425763845261
Gobbie Cohn - Umi Kamcha Yisroel		gobbie-cohn-umi-kamcha-yisroel	https://mostlymusic.com/cdn/shop/files/50786.mp3?v=4039508332911806811
Yochanan Uri feat. Ahrele Samet, Mendy Weiss, Motty Vizel, Shmulik Klein, Mendy Goldberg, Dudi Kalish & Neshama Choir - Charvona Tish (Single)		yochanan-uri-feat-ahrele-samet-mendy-weiss-motty-vizel-shmulik-klein-mendy-goldberg-dudi-kalish-neshama-choir-charvona-tish-single	https://mostlymusic.com/cdn/shop/files/58034.mp3?v=16220209958218537911
Shmuel - Mizmor Letoda (Single)		mizmor-letoda-shmuel-single	https://mostlymusic.com/cdn/shop/files/65615.mp3?v=6682255391486952553
Beri Weber - Lehisvada (Single)		beri-weber-lehisvada-single	https://mostlymusic.com/cdn/shop/files/61927.mp3?v=9690444883076290337
Lipa Schmeltzer - I Am Thankful I Can Thank (single)		lipa-schmeltzer-i-am-thankful-i-can-thank-single	https://mostlymusic.com/cdn/shop/files/2323883.mp3?v=16917487537314501752
Shmulik Klein, Ahrele Samet & Yoely Davidowitz - Yaaa Di Dey [Cover] (Single)		shmulik-klein-ahrele-samet-yoely-davidowitz-yaaa-di-dey-cover-single	https://mostlymusic.com/cdn/shop/files/61925.mp3?v=5443388440804149543
Mendy Worch - Every Yid's A Big Tzadik [Remixed By DJs Farbreng & DJ Niso Slob] (Single)		mendy-worch-every-yids-a-big-tzadik-remixed-by-djs-farbreng-dj-niso-slob-single	https://mostlymusic.com/cdn/shop/files/58030.mp3?v=10453402433101838224
Yishai Revivo - Mealay (Single)		yishai-revivo-mealay-single	https://mostlymusic.com/cdn/shop/files/60818.mp3?v=3279070170987308511
Hamalach (single)		hamalach-single	https://mostlymusic.com/cdn/shop/files/2323874.mp3?v=16259183105279059679
Gad Elbaz & Eli Levin - Kol Haolam (Single)		gad-elbaz-eli-levin-kol-haolam-single	https://mostlymusic.com/cdn/shop/files/63476.mp3?v=536785247353024591
Yosef Zev Braver - Shefele (Single)		yosef-zev-braver-shefele-single	https://mostlymusic.com/cdn/shop/files/58967.mp3?v=4013097285213609965
Netanel Israel - Osher Kaze		netanel-israel-osher-kaze	https://mostlymusic.com/cdn/shop/files/50893.mp3?v=3701692021945541445
Dudi Kalish & Yaakov Bengio - Ko Echsoif [Cover] (Single)		dudi-kalish-yaakov-bengio-ko-echsoif-cover-single	https://mostlymusic.com/cdn/shop/files/61924.mp3?v=3465266274666409827
Mechy Rosenberg - The Ohire'le (Single)		mechy-rosenberg-the-ohirele-single	https://mostlymusic.com/cdn/shop/files/65614.mp3?v=15874826776068955750
Shmuel Lichtstein - Niggun M'Slavita [Instrumental] (Single)		shmuel-lichtstein-niggun-mslavita-instrumental-single	https://mostlymusic.com/cdn/shop/files/60817.mp3?v=13040931232112482198
Yehuda Green - Yaaleh Veyavoh (Single)		yehuda-green-yaaleh-veyavoh-single	https://mostlymusic.com/cdn/shop/files/58965.mp3?v=15400860271984736005
Suchi Goldstein - V'al Hakol (Single)		suchi-goldstein-val-hakol-single	https://mostlymusic.com/cdn/shop/files/58018.mp3?v=3235696635929117793
Tzvi Felder - Emunah (Single)		tzvi-felder-emunah-single	https://mostlymusic.com/cdn/shop/files/61926.mp3?v=361197010634605839
Ezri Rosen - Tzadik		ezri-rosen-tzadik	https://mostlymusic.com/cdn/shop/files/50967.mp3?v=1603206739344645293
Hillel Meyer - Rak Ta'amin (Single)		hillel-meyer-rak-taamin-single	https://mostlymusic.com/cdn/shop/files/60816.mp3?v=13434018852419712807
Shmueli Ungar - Koily (Single)		shmueli-ungar-koily-single	https://mostlymusic.com/cdn/shop/files/65636.mp3?v=9030606315814920747
8th Day ft. Nissim Black - Little Louder (Single)		8th-day-ft-nissim-black-little-louder-single	https://mostlymusic.com/cdn/shop/files/60815.mp3?v=125337690603635587
Avraham Fried - Tzamah: Hakhel - Hup Cossack (Single)		avraham-fried-tzamah-hakhel-hup-cossack-single	https://mostlymusic.com/cdn/shop/files/58969.mp3?v=3790430522405942214
Yerachmiel Begun & Baruch Levine - Listen to Your Neshama (single)		yerachmiel-begun-borach-levine-listen-to-your-neshama-single	https://mostlymusic.com/cdn/shop/files/2323872.mp3?v=17103486960789562931
Joey Newcomb & AfikoMan - I Love You Hashem (Single)		mordechai-shapiro-fire-single-copy	https://mostlymusic.com/cdn/shop/files/65613.mp3?v=4394382948769529741
Kobi Grinboim - Lev Nishbar [Live] (Single)		kobi-grinboim-lev-nishbar-live-single	https://mostlymusic.com/cdn/shop/files/63479.mp3?v=729397067897114488
Out Of My Galus (single)		out-of-my-galus-single	https://mostlymusic.com/cdn/shop/files/2323873.mp3?v=4140185835067292813
Gilad Brounstein - Tachlom Rachok (Single)		gilad-brounstein-tachlom-rachok-single	https://mostlymusic.com/cdn/shop/files/58017.mp3?v=9899469328204666195
Harav Meir Duvid Farkas - Mah Luchem		meir-duvid-farkas-mah-luchem	https://mostlymusic.com/cdn/shop/files/50968.mp3?v=17452038668920805096
Gad Elbaz - Achashverosh (Single)		gad-elbaz-achashverosh-single	https://mostlymusic.com/cdn/shop/files/58032.mp3?v=5559999942356738007
DJ Farbreng Ft. 8th Day - Songs of Soldiers 2 [Upmix] (Single)		dj-farbreng-ft-8th-day-songs-of-soldiers-2-upmix-single	https://mostlymusic.com/cdn/shop/files/61923.mp3?v=2029511629039497555
Baruch Levine - This Year Will Be Different (Single)		baruch-levine-this-year-will-be-different-single	https://mostlymusic.com/cdn/shop/files/63474.mp3?v=603227065390579430
Lazer levy - Zochreinu Lechayim		lazer-levy-zochreinu-lechayim	https://mostlymusic.com/cdn/shop/files/51005.mp3?v=5717228246962262932
Moshe Klein - Nitzotz Yehudi [Official Remix By DJE Prod.] (Single)		moshe-klein-nitzotz-yehudi-official-remix-by-dje-prod-single	https://mostlymusic.com/cdn/shop/files/60814.mp3?v=11931660892052404666
Yaakov Shwekey - Mi'Mitzrayim Gealtanu (single)		yaakov-shwekey-mimitzrayim-gealtanu-single	https://mostlymusic.com/cdn/shop/files/2323871.mp3?v=2035326464934046775
Dovy Meisels & Motty Steinmetz - Min Hameitzar (Single)		dovy-meisels-motty-steinmetz-min-hameitzar-single	https://mostlymusic.com/cdn/shop/files/63473.mp3?v=11587025137643048036
Mordechai Shapiro - Fire (Single)		mordechai-shapiro-fire	https://mostlymusic.com/cdn/shop/files/65612.mp3?v=4305150886667613068
Akiva Gelb & Chesky Schwartz - Dance-It Vol. 2 (Single)		akiva-gelb-chesky-schwartz-dance-it-vol-2-single	https://mostlymusic.com/cdn/shop/files/58016.mp3?v=13686179784769803496
Simche Friedman & Ami Cohen - Hakhel (Single)		simche-friedman-ami-cohen-hakhel-single	https://mostlymusic.com/cdn/shop/files/58964.mp3?v=6458522850999434396
MBD - Hashatu Huchu (single)		mbd-hashatu-huchu-single	https://mostlymusic.com/cdn/shop/files/2323870.mp3?v=8793092812525398058
Bini Landau - Hitnari (Single)		bini-landau-hitnari-single	https://mostlymusic.com/cdn/shop/files/61921.mp3?v=10095313344841086919
Yoel Brizel - Heiliger Shabbos (Single)		yoel-brizel-heiliger-shabbos-single	https://mostlymusic.com/cdn/shop/files/61922.mp3?v=7525620555982043637
Moshe Dovid Weissman - Yesimcha (A Cappella)		moshe-dovid-weissman-yesimcha-a-cappella	https://mostlymusic.com/cdn/shop/files/50287.mp3?v=12501360418463138256
Roi Harush & Meydad Tasa - Hashem Ata Po (Single)		roi-harush-meydad-tasa-hashem-ata-po-single	https://mostlymusic.com/cdn/shop/files/63458.mp3?v=13930411049737740519
Ahrele Samet, Akiva Groman, Motty Cohen, Yoeli Klein, Shaya Gross & Kapeleh Choir - Ein Od Milvado (Single)		ahrele-samet-akiva-groman-motty-cohen-yoeli-klein-shaya-gross-kapeleh-choir-ein-od-milvado-single	https://mostlymusic.com/cdn/shop/files/58968.mp3?v=95365718963990652
Avi Ilson & Itzik Dadya - Shvilim (Single)		avi-ilson-itzik-dadya-shvilim-single	https://mostlymusic.com/cdn/shop/files/60813.mp3?v=11488875872006310118
Dudi Kalish - Fargenigan (Single)		malchus-choir-hershy-segal-friends-latkes-nacht-medley-single-copy	https://mostlymusic.com/cdn/shop/files/65611.mp3?v=15946798690888618288
Shmulik Klein - Shuvu Elay [Cover] (Single)		shmulik-klein-shuvu-elay-cover-single	https://mostlymusic.com/cdn/shop/files/58963.mp3?v=8479840941852533000
Joey Newcomb - Der Krach fin Der Pickle (single)		joey-newcomb-der-krach-fin-der-pickle-single	https://mostlymusic.com/cdn/shop/files/2323866.mp3?v=3223733913569673715
Yedidim - Veafilu BeHastarah		store	https://mostlymusic.com/cdn/shop/files/veafilu_behustereh-01-veafilu_behustereh_2.mp3?v=18275082927691581541
Malchus Choir, Hershy Segal & Friends - Latkes Nacht [Medley] (Single)		malchus-choir-hershy-segal-friends-latkes-nacht-medley-single	https://mostlymusic.com/cdn/shop/files/65610.mp3?v=3878336224450461292
Shaya Lebron - Belz Oitzros Chanukah [Medley] (Single)		shaya-lebron-belz-oitzros-chanukah-medley-single	https://mostlymusic.com/cdn/shop/files/65542.mp3?v=61534823847425167
Doniel Bronsteyn - Esa Einai (Single)		doniel-bronsteyn-esa-einai-single	https://mostlymusic.com/cdn/shop/files/58015.mp3?v=11287194889061542710
Karov Hashem (single)		karov-hashem-single	https://mostlymusic.com/cdn/shop/files/2323865.mp3?v=2081522268818178358
Ari Hill & Moshe Dovid Weissmandl - Tattaleh [Cover] (Single)		ari-hill-moshe-dovid-weissmandl-tattaleh-cover-single	https://mostlymusic.com/cdn/shop/files/58013.mp3?v=6940116902170816073
Raphael Melloul - Tikach Itcha (Single)		raphael-melloul-tikach-itcha-single	https://mostlymusic.com/cdn/shop/files/60812.mp3?v=14983787825089060765
Yoeli Davidovich ft. Ahrele Samet & Motti Weisel - Heiliger Bashefer Rachamim [Cover] (Single)		yoeli-davidovich-ft-ahrele-samet-motti-weisel-heiliger-bashefer-rachamim-cover-single	https://mostlymusic.com/cdn/shop/files/63457.mp3?v=6555026682645988887
Pini Einhorn & Ari Hill - 7 (Single)		pini-einhorn-ari-hill-7-single	https://mostlymusic.com/cdn/shop/files/58959.mp3?v=5535464208220572796
Levi Yitzchok Cohen - Vetaher Libeinu [Cover] (Single)		levi-yitzchok-cohen-vetaher-libeinu-cover-single	https://mostlymusic.com/cdn/shop/files/63456.mp3?v=2947670311336223845
Nussi Liberman - Achim (Single)		nussi-liberman-achim-single	https://mostlymusic.com/cdn/shop/files/61915.mp3?v=7858557410409571680
Benny Friedman - Lo Lefached (Single)		benny-friedman-lo-lefached-single	https://mostlymusic.com/cdn/shop/files/61913.mp3?v=2159132752260469452
Ilay & Nitay Tzarfati - Lev Zahav (Single)		ilay-nitay-tzarfati-lev-zahav-single	https://mostlymusic.com/cdn/shop/files/60811.mp3?v=1622284179926892598
Yumi Lowy - Ata Bechartanu		yumi-lowy-ata-bechartanu	https://mostlymusic.com/cdn/shop/files/48856.mp3?v=5385933919330312669
Shimon Levi - Der Sukkah (Single)		shimon-levi-der-sukkah-single	https://mostlymusic.com/cdn/shop/files/58960.mp3?v=4782078703545888850
All Star - The Shmorg		all-star-the-shmorg	https://mostlymusic.com/cdn/shop/files/37179.mp3?v=2417124809535590493
All Star - The Shmorg		all-star-the-shmorg	https://mostlymusic.com/cdn/shop/files/37180.mp3?v=9723901753312696982
All Star - The Shmorg		all-star-the-shmorg	https://mostlymusic.com/cdn/shop/files/37181.mp3?v=2823751157812449556
All Star - The Shmorg		all-star-the-shmorg	https://mostlymusic.com/cdn/shop/files/37182.mp3?v=13679264083430208884
All Star - The Shmorg		all-star-the-shmorg	https://mostlymusic.com/cdn/shop/files/37183.mp3?v=15976389361040367499
All Star - The Shmorg		all-star-the-shmorg	https://mostlymusic.com/cdn/shop/files/37184.mp3?v=835546886481092690
All Star - The Shmorg		all-star-the-shmorg	https://mostlymusic.com/cdn/shop/files/37185.mp3?v=7444467931848777184
All Star - The Shmorg		all-star-the-shmorg	https://mostlymusic.com/cdn/shop/files/37186.mp3?v=12273962339779286084
All Star - The Shmorg		all-star-the-shmorg	https://mostlymusic.com/cdn/shop/files/37187.mp3?v=13181065409309751338
All Star - The Shmorg		all-star-the-shmorg	https://mostlymusic.com/cdn/shop/files/37188.mp3?v=8508437277700483744
All Star - The Shmorg		all-star-the-shmorg	https://mostlymusic.com/cdn/shop/files/37312.mp3?v=17986547119218398232
Miami Boys Choir 2 Nostalgia – Avrumi Berko Ft. Shira & Yingerlach (Single)		miami-boys-choir-2-nostalgia-avrumi-berko-ft-shira-yingerlach-single	https://mostlymusic.com/cdn/shop/files/65529.mp3?v=16408045678187148542
Sruly Green - Kol Hamatzil (Single)		sruly-green-kol-hamatzil-single	https://mostlymusic.com/cdn/shop/files/63455.mp3?v=2881636385515779709
Boruch Sholom - Savior Of My Story		boruch-sholom-savior-of-my-story	https://mostlymusic.com/cdn/shop/files/58012.mp3?v=15904911132626469715
Nati Levin - Ulu Ushpizin (Single)		nati-levin-ulu-ushpizin-single	https://mostlymusic.com/cdn/shop/files/58956.mp3?v=15430579998399484640
Chaim Mayer - Hatzileini		chaim-mayer-hatzileini	https://mostlymusic.com/cdn/shop/files/58010.mp3?v=17733464392191558434
Nemouel & Motti Weisel - Yom Hadin (Single)		nemouel-motti-weisel-yom-hadin-single	https://mostlymusic.com/cdn/shop/files/63454.mp3?v=8912034848427189785
Yoni Galen ft. Shlomo Waldmen - Wings of Eagles (Single)		yoni-galen-ft-shlomo-waldmen-wings-of-eagles-single	https://mostlymusic.com/cdn/shop/files/60810.mp3?v=4630015738797147507
Yoni Eliav -  Funk Medley 2014		yoni-eliav-funk-medley-2014	https://mostlymusic.com/cdn/shop/files/49827.mp3?v=4115857488681239165
Sarel Sofer - Rak Bikashti (Single)		sarel-sofer-rak-bikashti-single	https://mostlymusic.com/cdn/shop/files/61916.mp3?v=9683541867422790918
Lamdeni (single)		lamdeni-single	https://mostlymusic.com/cdn/shop/files/2323864.mp3?v=9880843940639505239
Shimmy Engel, Ahrele Samet & Meir Adler - Hamamlich Melachim (Single)		shimmy-engel-ahrele-samet-meir-adler-hamamlich-melachim-single	https://mostlymusic.com/cdn/shop/files/61917.mp3?v=8436154308704137338
8th Day - Wake Up Yidden (single)		8th-day-wake-up-yidden-single	https://mostlymusic.com/cdn/shop/files/2323863.mp3?v=14288832741176050489
Mordechai Ben David - Forever		mordechai-ben-david-forever	https://mostlymusic.com/cdn/shop/files/58009.mp3?v=4205331880588724730
Naftali Kempeh - Garesh Et Haazvut [Live] (Single)		naftali-kempeh-garesh-et-haazvut-live-single	https://mostlymusic.com/cdn/shop/files/60807.mp3?v=1055228656638729855
Melody Orchestra Ft. Yoni Shlomo - Hu Yakim (Single)		melody-orchestra-ft-yoni-shlomo-hu-yakim-single	https://mostlymusic.com/cdn/shop/files/58955.mp3?v=16644300704328176893
Benny Friedman - I'm A Lucky Ducky! (Single)		tyh-boys-i-wanna-be-like-zusha-single-copy-1	https://mostlymusic.com/cdn/shop/files/65528.mp3?v=16675422688206179245
Eliyahu & Daniel Chait - 4 Minim (Single)		eliyahu-daniel-chait-4-minim-single	https://mostlymusic.com/cdn/shop/files/58958.mp3?v=5505457095225280746
Yaakov Shwekey Feat. Shimon Levi - Ein Davar Ra (Single)		yaakov-shwekey-feat-shimon-levi-ein-davar-ra-single	https://mostlymusic.com/cdn/shop/files/58008.mp3?v=15527244682183991475
Fiddele		fiddele	https://mostlymusic.com/cdn/shop/files/65527.mp3?v=15248583925685719734
Yonatan Shlagbaum - Ki Ein		yonatan-shlagbaum-ki-ein	https://mostlymusic.com/cdn/shop/files/48274.mp3?v=17086104373905016058
Levi Brook - Chabad Dance Set (Single)		levi-brook-chabad-dance-set-single	https://mostlymusic.com/cdn/shop/files/60809.mp3?v=3096781734650272263
Daniel Elisha - Yerushalayim [Medley] (Single)		daniel-elisha-yerushalayim-medley-single	https://mostlymusic.com/cdn/shop/files/61912.mp3?v=14743619219118363126
Taane Li (single)		taani-li-single	https://mostlymusic.com/cdn/shop/files/2323861.mp3?v=4116296809621567555
Mizmor Lesodah (single)		mizmor-lesodah-single	https://mostlymusic.com/cdn/shop/files/2323862.mp3?v=8372954215855295873
Yoely Lebovitz - Ad Dloi Yoda		yoely-lebovitz-ad-dloi-yoda	https://mostlymusic.com/cdn/shop/files/50067.mp3?v=3615769963391233944
Bentzi Marcus - Ivdu (Single)		bentzi-marcus-ivdu-single	https://mostlymusic.com/cdn/shop/files/63452.mp3?v=15550323762970167198
Naftali Kempeh - Chamol (Single)		naftali-kempeh-chamol-single	https://mostlymusic.com/cdn/shop/files/63453.mp3?v=16134352752150049315
Shea Berko, Meilech Braunstein & Avrumi Berko Production May 29 '23		shea-berko-meilech-braunstein-avrumi-berko-production-may-29-23	https://mostlymusic.com/cdn/shop/files/60806.mp3?v=12733154409352199826
Yigal - Echoes of Sefarad (Single)		yigal-echoes-of-sefarad-single	https://mostlymusic.com/cdn/shop/files/61911.mp3?v=4788521036451988109
Yaniv Ben Mashiach & Moshe Klein - Esa Einai Eilecha (Single)		tyh-boys-i-wanna-be-like-zusha-single-copy	https://mostlymusic.com/cdn/shop/files/65526.mp3?v=5293735024745272892
Bentzi Kletzkin & Yedidim International Choir - Ata Bechartanu (Single)		bentzi-kletzkin-yedidim-international-choir-ata-bechartanu-single	https://mostlymusic.com/cdn/shop/files/58957.mp3?v=13095300291407281987
Gabi Aharon - Ten LaGeshem (Single)		gabi-aharon-ten-lageshem-single	https://mostlymusic.com/cdn/shop/files/61910.mp3?v=11695106280226023383
Amiran Dvir - Aseret Bney Haman (Single)		amiran-dvir-aseret-bney-haman-single	https://mostlymusic.com/cdn/shop/files/58007.mp3?v=7882811809968932560
Yisroel Werdyger - Torah		yisroel-werdyger-torah	https://mostlymusic.com/cdn/shop/files/40762.mp3?v=15545171547268312612
Beri Weber - Melech Rachaman (Single)		beri-weber-melech-rachaman-single	https://mostlymusic.com/cdn/shop/files/63450.mp3?v=8259178826570373748
Mordechai Shapiro - Vehi Sheamda (single)		vehi-sheamda-single	https://mostlymusic.com/cdn/shop/files/2323860.mp3?v=4829569998003541111
Nechemya Katz & Avrumi Berko May 24 '23		nechemya-katz-avrumi-berko-may-24-23	https://mostlymusic.com/cdn/shop/files/60805.mp3?v=9186166360455882675
Bentzi Stein - Shteigen Tantz (Single)		bentzi-stein-shteigen-tantz-single	https://mostlymusic.com/cdn/shop/files/65525.mp3?v=3460631922092470664
Yosef Giniger [2 Desperate] - I Can Make It Through (Single)		yosef-giniger-2-desperate-i-can-make-it-through-single	https://mostlymusic.com/cdn/shop/files/58954.mp3?v=17932745451679092046
Shmulik Sukkot - Hisoreri (Single)		shmulik-sukkot-hisoreri-single	https://mostlymusic.com/cdn/shop/files/61909.mp3?v=329708287063393051
Yisroel Amar - Gam Zu		yisroel-amar-gam-zu	https://mostlymusic.com/cdn/shop/files/43873.mp3?v=17314706927579699388
Achake Lo - So Long (single)		achake-lo-so-long-single	https://mostlymusic.com/cdn/shop/files/2323859.mp3?v=10784459689279801038
Mendy Worch Shir Hadlakah (Single)		mendy-worch-shir-hadlakah-single	https://mostlymusic.com/cdn/shop/files/65507.mp3?v=15361686326038276624
Yedidim - Yesh Tikvah Yiddish		yedidim-yesh-tikvah-yiddish	https://mostlymusic.com/cdn/shop/files/49042.mp3?v=13277923227973160828
Miami Chanukah Nights! (Single)		miami-chanukah-nights-single	https://mostlymusic.com/cdn/shop/files/65506.mp3?v=520505857849875939
EKEV & Mordechai Shapiro - Elul (Single)		ekev-mordechai-shapiro-elul-single	https://mostlymusic.com/cdn/shop/files/63449.mp3?v=5316765200979496991
Motty Oizer - Mordechai Yatza Medley (Single)		motty-oizer-mordechai-yatza-medley-single	https://mostlymusic.com/cdn/shop/files/58003.mp3?v=17702537074059689118
Moti Weiss - Ani Lo Yodeah (Single)		moti-weiss-ani-lo-yodeah-single	https://mostlymusic.com/cdn/shop/files/58953.mp3?v=1973504714317643174
Yonatan Razel & Yeshivat Orot Shaul - Mimkomcha [Cover] (Single)		yonatan-razel-yeshivat-orot-shaul-mimkomcha-cover-single	https://mostlymusic.com/cdn/shop/files/61908.mp3?v=7317620461230145863
Shloime Zalmen Perl & Yonasan Weinberger Production May 8 '23		shloime-zalmen-perl-yonasan-weinberger-production-may-8-23	https://mostlymusic.com/cdn/shop/files/60804.mp3?v=4856463348948147050
Cantor Yaakov Stark - Hoshana [Cover] (Single)		cantor-yaakov-stark-hoshana-cover-single	https://mostlymusic.com/cdn/shop/files/58933.mp3?v=16781540053981648682
Hashem Yishmor (single)		hashem-yishmor-single	https://mostlymusic.com/cdn/shop/files/2323857.mp3?v=4751767546049402760
Chaya Blashka - Seder Ha’Avoda [Cover] (Single)		chaya-blashka-seder-ha-avoda-cover-single	https://mostlymusic.com/cdn/shop/files/63420.mp3?v=14040435125643326169
Nishmas Kol Chai (single)		nishmas-kol-chai-single	https://mostlymusic.com/cdn/shop/files/2323858.mp3?v=15370846964275625861
Leah Avruch - Nechake Lecha [Cover] (Single)		leah-avruch-nechake-lecha-cover-single	https://mostlymusic.com/cdn/shop/files/63419.mp3?v=1657207278052593368
Yanky and Dovy Brazil - Visashpia		yanky-and-dovy-brazil-visashpia	https://mostlymusic.com/cdn/shop/files/48275.mp3?v=13521438924350337494
Motty Goldman And Shlomy Bernstin - Kol Haposhet Yad (Single)		motty-goldman-and-shlomy-bernstin-kol-haposhet-yad-single	https://mostlymusic.com/cdn/shop/files/58002.mp3?v=14470979522742511192
Moshe Dovid Weissmandl & Neshama Choir - Nigun Ger (Single)		moshe-dovid-weissmandl-neshama-choir-nigun-ger-single	https://mostlymusic.com/cdn/shop/files/58931.mp3?v=6853580123722561749
Shea Kaller Band ft. Zanvil Weinberger & The Shira Choir - Hallel Medley (Single)		shea-kaller-band-ft-zanvil-weinberger-the-shira-choir-hallel-medley-single	https://mostlymusic.com/cdn/shop/files/61906.mp3?v=5816767604241664528
Avrumi Weinberg  - Lo Meuchar (Single)		avrumi-weinberg-lo-meuchar-single	https://mostlymusic.com/cdn/shop/files/58001.mp3?v=18148737478595946228
Zalmen Schnitzler May '23 Collection		zalmen-schnitzler-may-23-collection	https://mostlymusic.com/cdn/shop/files/60803.mp3?v=6693589980027992017
Benny Friedman & Tzvi Silberstein - Poseach (single)		benny-friedman-tzvi-silberstein-poseach-single	https://mostlymusic.com/cdn/shop/files/2323852.mp3?v=4716380986105671438
Shuli Rand - Ani Maamin [Cover] (Single)		shuli-rand-ani-maamin-cover-single	https://mostlymusic.com/cdn/shop/files/61902.mp3?v=17365149667536606960
Various - Yivarech-Single		various-yivarechsingle	https://mostlymusic.com/cdn/shop/files/40522.mp3?v=17179797260900012637
Lipa Schmeltzer ft. Yossi Green & Yiddish Nachas – Lipa’s Yiddish Nachas (Single)		lipa-schmeltzer-ft-yossi-green-yiddish-nachas-lipa-s-yiddish-nachas-single	https://mostlymusic.com/cdn/shop/files/63410.mp3?v=4464751734025718694
Isaac & Rubenstein - Better With You (Single)		isaac-rubenstein-better-with-you-single	https://mostlymusic.com/cdn/shop/files/60802.mp3?v=6560778433008675468
TYH Boys - I Wanna Be Like Zusha (Single)		tyh-boys-i-wanna-be-like-zusha-single	https://mostlymusic.com/cdn/shop/files/65474.mp3?v=11609151606510543834
Simcha Jacoby - Zman Simchaseinu [Dance Track] (Single)		simcha-jacoby-zman-simchaseinu-dance-track-single	https://mostlymusic.com/cdn/shop/files/58930.mp3?v=11033826855414128322
Zanvil Weinberger - P'deim Hayom (Single)		zanvil-weinberger-pdeim-hayom-single	https://mostlymusic.com/cdn/shop/files/58929.mp3?v=11626675842797278821
Suki And Ding - Haazinu Single		suki-and-ding-haazinu-single	https://mostlymusic.com/cdn/shop/files/36679.mp3?v=5655276965347129164
Avraham Fried - Boker Tov Ribono Shel Olam (Single)		avraham-fried-boker-tov-ribono-shel-olam-single	https://mostlymusic.com/cdn/shop/files/60795.mp3?v=6288705173341040190
Chaim Ghoori - Blessed (Single)		chaim-ghoori-blessed	https://mostlymusic.com/cdn/shop/files/65473.mp3?v=5866377653832996536
Mayim Bochim (single)		mayim-bachim-single	https://mostlymusic.com/cdn/shop/files/2323851.mp3?v=5873826203390331378
Simcha Joseph - Hashiveinu (Single)		simcha-joseph-hashiveinu-single	https://mostlymusic.com/cdn/shop/files/58000.mp3?v=17630990392066757773
Dobby Baum & Moussia - Someday (single)		someday-single	https://mostlymusic.com/cdn/shop/files/2323850.mp3?v=1144711340565762464
Shauli - KaKochavim BaLayla (Single)		shauli-kakochavim-balayla-single	https://mostlymusic.com/cdn/shop/files/61907.mp3?v=3263495374511882216
Mordechai Gottlieb - Kel Adon (Single)		mordechai-gottlieb-kel-adon-single	https://mostlymusic.com/cdn/shop/files/60798.mp3?v=14209039043214394830
Benny Friedman – Nissim Geluyim (Single)		benny-friedman-nissim-geluyim-single	https://mostlymusic.com/cdn/shop/files/63408.mp3?v=16953260775570584311
Kobi Grinboim - Diber Tov (Single)		kobi-grinboim-diber-tov-single	https://mostlymusic.com/cdn/shop/files/65472.mp3?v=8041087968970966021
Uri Davidi - Echad Ani Yodea (Single)		uri-davidi-echad-ani-yodea-single	https://mostlymusic.com/cdn/shop/files/57999.mp3?v=2539570531124185439
Sruly Green - Adon Olam		sruly-green-adon-olam	https://mostlymusic.com/cdn/shop/files/46094.mp3?v=18353934991827639594
Ahavti Boys Choir - Adon Olam (Single)		ahavti-boys-choir-adon-olam-single	https://mostlymusic.com/cdn/shop/files/58928.mp3?v=1105597049807184114
Yoel Dovid Goldstein - Mizmor L'Dovid (Single)		yoel-dovid-goldstein-mizmor-ldovid-single	https://mostlymusic.com/cdn/shop/files/61901.mp3?v=15130110471877736313
Shmili Landau - Third Dance (Single)		shmili-landau-third-dance-single	https://mostlymusic.com/cdn/shop/files/60799.mp3?v=1143579013855490455
Michael Azulay & Yosef Chaim Shwekey – Ki Imanu (Single)		michael-azulay-yosef-chaim-shwekey-ki-imanu-single	https://mostlymusic.com/cdn/shop/files/63407.mp3?v=16371623195852552003
Avrum Mordche Schwartz - Kadeish [Live] (Single)		avrum-mordche-schwartz-kadeish-live-single	https://mostlymusic.com/cdn/shop/files/65471.mp3?v=14563990881236934055
Sruli Twerski - VeOhavta		sruli-twerski-veohavta	https://mostlymusic.com/cdn/shop/files/49055.mp3?v=3480447022866826847
Bentzy, Yidi Bialistozky, Chaim Broun  - Chayav Adam Lebesumei (Single)		bentzy-yidi-bialistozky-chaim-broun-chayav-adam-lebesumei-single	https://mostlymusic.com/cdn/shop/files/57998.mp3?v=3025373045527582472
Shimmy Weiss, Simcha Abramczik & Shmili Landau - Sheloi Usani Goy (Single)		shimmy-weiss-simcha-abramczik-shmili-landau-sheloi-usani-goy-single	https://mostlymusic.com/cdn/shop/files/61905.mp3?v=4418944727394038904
Menachem Moskowitz (Composed by R' Cheskie Weiss) - Kisei Rachmim (Single)		menachem-moskowitz-composed-by-r-cheskie-weiss-kisei-rachmim-single	https://mostlymusic.com/cdn/shop/files/58927.mp3?v=15951794004519565875
Sparks Production - Rainbow In the Night		sparks-production-rainbow-in-the-night	https://mostlymusic.com/cdn/shop/files/45338.mp3?v=7045915072148998185
Aaron Razel - Rak Od Nigun Echad (Single)		aaron-razel-rak-od-nigun-echad-single	https://mostlymusic.com/cdn/shop/files/57967.mp3?v=18160958939525525273
Hu Yevareich (single)		hu-yevareich-single	https://mostlymusic.com/cdn/shop/files/2323845.mp3?v=17542007947952306863
Shmuly Schneider - You’re Never Alone [Cover] (Single)		shmuly-schneider-you-re-never-alone-cover-single	https://mostlymusic.com/cdn/shop/files/61903.mp3?v=17254863097455526101
Malchus Choir & Ushi Landesman ft. All Star - A Kabolas Ponim In Bnei Brak [Medley] (Single)		malchus-choir-ushi-landesman-ft-all-star-a-kabolas-ponim-in-bnei-brak-medley-single	https://mostlymusic.com/cdn/shop/files/63405.mp3?v=1968060311602741837
Duvie Shapiro - Ima Sheli (single)		duvie-shapiro-ima-sheli-single	https://mostlymusic.com/cdn/shop/files/2323846.mp3?v=11442329863151956089
Eli Herzlich - Toiyamayhu (Single)		eli-herzlich-toiyamayhu-single	https://mostlymusic.com/cdn/shop/files/60796.mp3?v=8805419618849336153
Shloime Gertner - Mi Kamocha (Single)		shloime-gertner-mi-kamocha-single	https://mostlymusic.com/cdn/shop/files/61904.mp3?v=4621609774949008578
Yosef Kugler - Ten Lanu (Single)		yosef-kugler-ten-lanu-single	https://mostlymusic.com/cdn/shop/files/63404.mp3?v=14976479973042704998
Yonatan Shainfeld - Mechake Babayit (Single)		yonatan-shainfeld-mechake-babayit-single	https://mostlymusic.com/cdn/shop/files/60800.mp3?v=16488077227512537279
DJ Roi Harush feat. Avi Podolinski - Ma Shehaya Haya (Single)		dj-roi-harush-feat-avi-podolinski-ma-shehaya-haya-single	https://mostlymusic.com/cdn/shop/files/57966.mp3?v=13960550208398882705
Cypora Perr - Dear Future Me (Single)		cypora-perr-dear-future-me-single	https://mostlymusic.com/cdn/shop/files/2323801.mp3?v=15805465242288322694
Avrumi Rosenfeld Ft. Pini Einhorn & Sruly Green - Hype (Single)		avrumi-rosenfeld-ft-pini-einhorn-sruly-green-hype-single	https://mostlymusic.com/cdn/shop/files/65470.mp3?v=9265098542705892372
Yossi Weinberger - Hoduah Medley (Single)		yossi-weinberger-hoduah-medley-single	https://mostlymusic.com/cdn/shop/files/65469.mp3?v=8021857722564140791
Yossi Glanz - Ten Li Et Halev (Single)		yossi-glanz-ten-li-et-halev-single	https://mostlymusic.com/cdn/shop/files/60801.mp3?v=261296298034223230
Dudi Bar David & Haim Israel - Rak Ahava (Single)		dudi-bar-david-haim-israel-rak-ahava-single	https://mostlymusic.com/cdn/shop/files/58908.mp3?v=6950856732818857943
Avrumy Samet & Shir V'Shevach Boys Choir - Yom Kippur (Single)		avrumy-samet-shir-vshevach-boys-choir-yom-kippur-single	https://mostlymusic.com/cdn/shop/files/58926.mp3?v=14965588865100303717
Simcha Leiner - Mimamakim		simcha-leiner-mimamakim	https://mostlymusic.com/cdn/shop/files/47780.mp3?v=11029236253194218847
Yechiel Giniger - Nachamu Ami (Single)		yechiel-giniger-nachamu-ami-single	https://mostlymusic.com/cdn/shop/files/63403.mp3?v=2437233743606439490
Levi Yitzchok Cohen ft. Yossi Shick - L'Mikdoshech (Single)		levi-yitzchok-cohen-ft-yossi-shick-lmikdoshech-single	https://mostlymusic.com/cdn/shop/files/61900.mp3?v=2101621152641868284
Ishai Ribo - Lo Nafsik Lachlom (Single)		ishai-ribo-lo-nafsik-lachlom-single	https://mostlymusic.com/cdn/shop/files/57965.mp3?v=14597341045927094891
Avraham Fried - Niggun Simcha [Tzamah] (Single)		avraham-fried-niggun-simcha-tzamah-single	https://mostlymusic.com/cdn/shop/files/65455.mp3?v=366415526248568759
Simcha Leiner - Keracheim Acapella		simcha-leiner-keracheim-acapella	https://mostlymusic.com/cdn/shop/files/50769.mp3?v=11141473267433900483
Moshe Duvid Weissmandel - A Yiddishe Kumzitz [Medley] (Single)		moshe-duvid-weissmandel-a-yiddishe-kumzitz-medley-single	https://mostlymusic.com/cdn/shop/files/63402.mp3?v=5587312876001617405
Akiva Turgeman - Tzamah: Nigun Hishtatchut (Single)		akiva-turgeman-tzamah-nigun-hishtatchut-single	https://mostlymusic.com/cdn/shop/files/58895.mp3?v=10134175232556635710
A Kibbutz Fin Chassidim (single)		a-kibbutz-fin-chassidim-single	https://mostlymusic.com/cdn/shop/files/2323844.mp3?v=8154726063746335579
Chaim Shlomo Mayesz - Himlen (Single)		chaim-shlomo-mayesz-himlen-single	https://mostlymusic.com/cdn/shop/files/57964.mp3?v=4590931205631162978
Eli Levin - Yifei Nof (Single)		eli-levin-yifei-nof-single	https://mostlymusic.com/cdn/shop/files/60797.mp3?v=3392619632742830902
Shmuel Schwartz - The Last Time		shmuel-schwartz-the-last-time	https://mostlymusic.com/cdn/shop/files/41608.mp3?v=5574616156205306971
Joey Newcomb - Reb Shaya Ben Reb Moshe ZY”A (Single)		joey-newcomb-reb-shaya-ben-reb-moshe-zy-a-single	https://mostlymusic.com/cdn/shop/files/61899.mp3?v=9789939413876087719
Eli Levin - Kaddish (Single)		eli-levin-kaddish-single	https://mostlymusic.com/cdn/shop/files/65454.mp3?v=11314508014720273632
Ari Goldwag ft. Yaakov Rosenblum - Lev Echad (Single)		ari-goldwag-ft-yaakov-rosenblum-lev-echad-single	https://mostlymusic.com/cdn/shop/files/63401.mp3?v=1151501688288731520
8th Day - Look Up (Single)		8th-day-look-up-single	https://mostlymusic.com/cdn/shop/files/58894.mp3?v=9673286195306433514
Bentzi Stein & Yeshiva Barkai - Al Tipol (Single)		bentzi-stein-yeshiva-barkai-al-tipol-single	https://mostlymusic.com/cdn/shop/files/60794.mp3?v=2520413380051780524
Ana VIP remix (single)		ana-vip-remix-single	https://mostlymusic.com/cdn/shop/files/2323843.mp3?v=4128315948953850451
Mona Rosenblum Ft. Yanky Daskal & Neshama Choir - Keil Adon [Bobov] (Single)		mona-rosenblum-ft-yanky-daskal-neshama-choir-keil-adon-bobov-single	https://mostlymusic.com/cdn/shop/files/61897.mp3?v=169009666273860972
Shloime Taussig - Lashem Haaretz Umloah		shloime-taussig-lashem-haaretz-umloah	https://mostlymusic.com/cdn/shop/files/39582.mp3?v=15671570377555253097
Yoily Polatseck ft. Nachman Dreyer - Hareinu Hashem (Single)		yoily-polatseck-ft-nachman-dreyer-hareinu-hashem-single	https://mostlymusic.com/cdn/shop/files/65453.mp3?v=13053170910859417976
Hu Eleikeini (single)		hu-eleikoini-single	https://mostlymusic.com/cdn/shop/files/2323842.mp3?v=13987150992616792327
Chaim Waldman - Tefilas Chusen V'Kallah [Medley] (Single)		chaim-waldman-tefilas-chusen-vkallah-medley-single	https://mostlymusic.com/cdn/shop/files/63400.mp3?v=14308269178596002557
Shloime Taussig - Besoiros Toivos		shloime-taussig-besoiros-toivos	https://mostlymusic.com/cdn/shop/files/48015.mp3?v=13332030244469849360
Ahrele Samet & Shloimy Gertner - Modeh Ani (Single)		ahrele-samet-shloimy-gertner-modeh-ani-single	https://mostlymusic.com/cdn/shop/files/60793.mp3?v=5810557109026350762
Sruli Broncher Feat. David Asher - Ahavti (Single)		sruli-broncher-feat-david-asher-ahavti-single	https://mostlymusic.com/cdn/shop/files/58897.mp3?v=9966436800230259602
Eli Weiss & Ahrele Samet - Rachmastrivka Chanukah Nigun (Single)		eli-weiss-ahrele-samet-rachmastrivka-chanukah-nigun-single	https://mostlymusic.com/cdn/shop/files/61896.mp3?v=7287269033768024421
Yosef Chaim Biton  - Boreh Olam (Single)		yosef-chaim-biton-boreh-olam-single	https://mostlymusic.com/cdn/shop/files/57963.mp3?v=7030684178785418663
Oirah Zee Torah (single)		oirah-zee-torah-single	https://mostlymusic.com/cdn/shop/files/2323841.mp3?v=6811577182156315755
Shmulik Klein, Mendy Sofar & Neshama Choir - Shmulik Dance (Single)		shmulik-klein-mendy-sofar-neshama-choir-shmulik-dance-single	https://mostlymusic.com/cdn/shop/files/60792.mp3?v=2005424376067352589
Shuki Salomon Feat. Arik Dvir - AdeloYada (Single)		shuki-salomon-feat-arik-dvir-adeloyada-single	https://mostlymusic.com/cdn/shop/files/57961.mp3?v=12683086904069911571
Mordechai Shapiro - V’Tavo (Single)		mordechai-shapiro-v-tavo-single	https://mostlymusic.com/cdn/shop/files/63397.mp3?v=17851377259153300691
Shmuly Schneider - Ad Bli Dai (Single)		ad-bli-dai-shmuly-schneider-single	https://mostlymusic.com/cdn/shop/files/57960.mp3?v=6944650276978137231
Shir Soul - Im Eshkachech		shir-soul-im-eshkachech	https://mostlymusic.com/cdn/shop/files/49041.mp3?v=699056912193399332
Gad Shalom - Mechol Uslach (Single)		gad-shalom-mechol-uslach-single	https://mostlymusic.com/cdn/shop/files/58896.mp3?v=15889223727263915097
Mendy Worch - Emeseh Yid (Single)		mendy-worch-emeseh-yid-single	https://mostlymusic.com/cdn/shop/files/65452.mp3?v=12729605580311122535
Upside Down (single)		upside-down-single	https://mostlymusic.com/cdn/shop/files/2323840.mp3?v=6774085767425167358
Benny Friedman - Rebbi - Its All From You! (Single)		benny-friedman-rebbi-its-all-from-you-single	https://mostlymusic.com/cdn/shop/files/61895.mp3?v=12687633005226173860
Etty - ...So I had a talk with God (Single)		etty-so-i-had-a-talk-with-god-single	https://mostlymusic.com/cdn/shop/files/63373.mp3?v=1892354961895127563
Moussia - Sibat Hasibot (Single)		ishai-ribo-vhuseir-mimeni-single	https://mostlymusic.com/cdn/shop/files/57942.mp3?v=17138893762122024705
Tziplootchd  (single)		tziplootched-single	https://mostlymusic.com/cdn/shop/files/2323839.mp3?v=13294668276380785329
Shaya Ilowitz - Sameach		shaya-ilowitz-sameach	https://mostlymusic.com/cdn/shop/files/47892.mp3?v=3806263342582722569
HBS - Foy (Single)		hbs-foy-single	https://mostlymusic.com/cdn/shop/files/65450.mp3?v=6303315154022789190
Mendy Klein - Bo'i (Single)		mendy-klein-boi-single	https://mostlymusic.com/cdn/shop/files/60791.mp3?v=9601959280632316532
Etty Goldberger - Poseach (Single)		etty-goldberger-poseach-single	https://mostlymusic.com/cdn/shop/files/65449.mp3?v=7623285801429581830
Shloime Cohen - Hameorerim 2.5: Kavei El Hashem (Single)		shloime-cohen-hameorerim-2-5-kavei-el-hashem-single	https://mostlymusic.com/cdn/shop/files/58892.mp3?v=14223507132611685446
Yaakov Shwekey – Dance My Fears Away (Single)		yaakov-shwekey-dance-my-fears-away-single	https://mostlymusic.com/cdn/shop/files/63364.mp3?v=8026640142836581197
Shloime Cohen - Hameorerim 2.5: Chamol Al Maasecho (Single)		shloime-cohen-hameorerim-2-5-chamol-al-maasecho-single	https://mostlymusic.com/cdn/shop/files/58893.mp3?v=9714732352727888606
Nussy Fuchs - Modeh Ani (Single)		nussy-fuchs-modeh-ani-single	https://mostlymusic.com/cdn/shop/files/61894.mp3?v=4151116661261320953
Motty Vizel, Bentzi Kletzkin & Neshama Choir - V'huseir Mimeni (Single)		motty-vizel-bentzi-kletzkin-neshama-choir-vhuseir-mimeni-single	https://mostlymusic.com/cdn/shop/files/57868.mp3?v=16529762244306910965
Shauli - Ki LaHashem Hamelucha		shauli-ki-lahashem-hamelucha	https://mostlymusic.com/cdn/shop/files/48464.mp3?v=15420890215711500432
Dovy Meisels & Mordechai Kohn - Vhuseir (Single)		dovy-meisels-mordechai-kohn-vhuseir-single	https://mostlymusic.com/cdn/shop/files/63372.mp3?v=10822422413314744852
Bryna E - Hopes Up (Single)		bryna-e-hopes-up-single	https://mostlymusic.com/cdn/shop/files/61893.mp3?v=5474844035269595567
Zrilly Wertzberger, Yedidim Choir & Yeedle Kahan Production May 9 '23		zrilly-wertzberger-yedidim-choir-yeedle-kahan-production-may-9-23	https://mostlymusic.com/cdn/shop/files/60790.mp3?v=16714669526620088032
Shea Berko & Avrumi Berko Production May 10 '23		shea-berko-avrumi-berko-production-may-10-23	https://mostlymusic.com/cdn/shop/files/60789.mp3?v=13776630799027775604
Hakroivim (single)		hakroivim-single	https://mostlymusic.com/cdn/shop/files/2323837.mp3?v=1330039587968174701
Isaac Gluck - Is Vuss (Single)		isaac-gluck-is-vuss-single	https://mostlymusic.com/cdn/shop/files/65448.mp3?v=5167061234435180188
Shauli - Acheinu		shauli-acheinu	https://mostlymusic.com/cdn/shop/files/48752.mp3?v=8026717687451725375
Eli Herzlich - Mila Tova (Single)		eli-herzlich-mila-tova-single	https://mostlymusic.com/cdn/shop/files/63371.mp3?v=3477837789187026462
Moti Weiss - Shavua Tov Yoter (Single)		moti-weiss-shavua-tov-yoter-single	https://mostlymusic.com/cdn/shop/files/61892.mp3?v=18225455309233401745
Suscher Guttman & Hershy Pavel Production Sep. 14 '22		suscher-guttman-hershy-pavel-production-sep-14-22	https://mostlymusic.com/cdn/shop/files/58891.mp3?v=18427789431701810768
Michoel Schnitzler - Val Ich Dank (Single)		michoel-schnitzler-val-ich-dank-single	https://mostlymusic.com/cdn/shop/files/57867.mp3?v=10187935657065425948
Isaac Rosenblatt & Yitzy Lindner - I Will Sing (Single)		isaac-rosenblatt-yitzy-lindner-i-will-sing-single	https://mostlymusic.com/cdn/shop/files/65447.mp3?v=219960889316942725
Kalmey Schwartz, The Shira Choir & Hershy Langsam Production May 21 '23 Deutch		kalmey-schwartz-the-shira-choir-hershy-langsam-production-may-21-23-deutch	https://mostlymusic.com/cdn/shop/files/60788.mp3?v=8869437436994766267
Eli Herzlich - U'Vchol Medina [Remixed By DJ Niso Slob] (Single)		eli-herzlich-uvchol-medina-remixed-by-dj-niso-slob-single	https://mostlymusic.com/cdn/shop/files/57866.mp3?v=4572752078785553477
Hashem He HuElokim (single)		hashem-he-huelokim-single	https://mostlymusic.com/cdn/shop/files/2323836.mp3?v=6175049914430770448
Mechy Rosenberg - Zeh Keili (Single)		mechy-rosenberg-zeh-keili-single	https://mostlymusic.com/cdn/shop/files/65446.mp3?v=1720858054279737465
Waterbury Mesivta - Ata Holech Eiti [Cover] (Single)		waterbury-mesivta-ata-holech-eiti-cover-single	https://mostlymusic.com/cdn/shop/files/60787.mp3?v=17457317649689863894
Shea Berko & Yeedle Kahan Sep. 13 '22 Ferencz		shea-berko-yeedle-kahan-sep-13-22-ferencz	https://mostlymusic.com/cdn/shop/files/58890.mp3?v=8835887782401202453
Haim Israel, Shmulik Sukkot & Bentzi Stein - Elu VaElu (Single)		haim-israel-shmulik-sukkot-bentzi-stein-elu-vaelu-single	https://mostlymusic.com/cdn/shop/files/63370.mp3?v=13449803038530918920
Aaron Razel - Mivchan Ha'Ahava (Single)		aaron-razel-mivchan-haahava-single	https://mostlymusic.com/cdn/shop/files/61891.mp3?v=4572351753840725327
Medzhybizh (single)		medzhybizh-single	https://mostlymusic.com/cdn/shop/files/2323838.mp3?v=5251823896857820969
Shalsheles - Dreaming single		shalsheles-dreaming-single	https://mostlymusic.com/cdn/shop/files/22714.mp3?v=44111
Nochi Krohn - Parnassa Expo 2014		nochi-krohn-parnassa-expo-2014	https://mostlymusic.com/cdn/shop/files/50066.mp3?v=12377834580940312060
Joey Newcomb - Back To Mount Sinai (Single)		joey-newcomb-back-to-mount-sinai-single	https://mostlymusic.com/cdn/shop/files/65445.mp3?v=10169602940241623144
Shir V'Shevach Boys Choir - Umein (Single)		shir-vshevach-boys-choir-umein-single	https://mostlymusic.com/cdn/shop/files/57865.mp3?v=16796022742496422433
Mendy Weiss, Avrumy Lunger & Kappella Choir - Tefillas HaDerech (Single)		mendy-weiss-avrumy-lunger-kappella-choir-tefillas-haderech-single	https://mostlymusic.com/cdn/shop/files/61887.mp3?v=2775531525476930858
Luvoi El Hamelech  (single)		luvoi-el-hamelech-single	https://mostlymusic.com/cdn/shop/files/2323835.mp3?v=4387073367805958587
Chaim Shlomo Mayesz - Abba [Cover] (Single)		chaim-shlomo-mayesz-abba-cover-single	https://mostlymusic.com/cdn/shop/files/63369.mp3?v=5599368984590489794
Chaim Pollak Ft. Meir Adler - V'yeda Kol Puil (Single)		chaim-pollak-ft-meir-adler-vyeda-kol-puil-single	https://mostlymusic.com/cdn/shop/files/58888.mp3?v=10931689738011203480
Shulem Ft. Mendy Hershkowitz - Sessions with Shulem: Yomim Noraim Medley (Single)		shulem-ft-mendy-hershkowitz-sessions-with-shulem-yomim-noraim-medley-single	https://mostlymusic.com/cdn/shop/files/58889.mp3?v=8180242983258166314
Yoey Muchnik - Megolah Legeulah (Single)		yoey-muchnik-megolah-legeulah-single	https://mostlymusic.com/cdn/shop/files/60786.mp3?v=4225285667428862766
Nussi Liberman - Sdei Akrav (Single)		nussi-liberman-sdei-akrav-single	https://mostlymusic.com/cdn/shop/files/61888.mp3?v=3461238896370568125
Daniel Yizhaky - Let Him In (Single)		daniel-yizhaky-let-him-in-single	https://mostlymusic.com/cdn/shop/files/57864.mp3?v=13598419038473040807
Sibat Hasibot  (single)		sibat-hasibot-single	https://mostlymusic.com/cdn/shop/files/2323834.mp3?v=7291774222082977683
Nochi Krohn - Banai A Capella		nochi-krohn-banai-a-capella	https://mostlymusic.com/cdn/shop/files/46480.mp3?v=17093341999149106411
Dobby Baum & Chany Zellermaier - Elul (Single)		dobby-baum-chany-zellermaier-elul-single	https://mostlymusic.com/cdn/shop/files/58872.mp3?v=18394300302610962224
Avraham Fried & Meilech Braunstein - Borcheinu (Single)		avraham-fried-meilech-braunstein-borcheinu-single	https://mostlymusic.com/cdn/shop/files/65444.mp3?v=16769330788285882415
Cantor Yakov Yosef Stark & Lev Choir - V’hueir Eineinu (Single)		cantor-yakov-yosef-stark-lev-choir-v-hueir-eineinu-single	https://mostlymusic.com/cdn/shop/files/60785.mp3?v=12139750654239795329
DJ Farbreng ft. Izzy - Shom Shom (Single)		dj-farbreng-ft-izzy-shom-shom-single	https://mostlymusic.com/cdn/shop/files/63365.mp3?v=14868881633940189870
Mendy Goldberg & Pini Einhorn - Kulam Ahuvim (Single)		mendy-goldberg-pini-einhorn-kulam-ahuvim-single	https://mostlymusic.com/cdn/shop/files/57863.mp3?v=12800330790473381833
Nissim Roumani - Ani Maamin		nissim-roumani-ani-maamin	https://mostlymusic.com/cdn/shop/files/34036.mp3?v=4444271579707052285
Di Rebbe Is Do (single)		di-rebbe-iz-do-single	https://mostlymusic.com/cdn/shop/files/2323833.mp3?v=10559375398257829073
Malchus Choir, Zanvil Weinberger, R' Hillel Paley & Meir Adler - From Navordok to Mezhbizh [Medley] (Single)		malchus-choir-zanvil-weinberger-r-hillel-paley-meir-adler-from-navordok-to-mezhbizh-medley-single	https://mostlymusic.com/cdn/shop/files/65443.mp3?v=8071977603945585390
Feivel Greenberg - Racheim Uleini (Single)		feivel-greenberg-racheim-uleini-single	https://mostlymusic.com/cdn/shop/files/57798.mp3?v=10803045965893697470
Shuki Salomon & Pini Einhorn - Shir HaNitzachon (Single)		shuki-salomon-pini-einhorn-shir-hanitzachon-single	https://mostlymusic.com/cdn/shop/files/61889.mp3?v=3351296201740012648
Beri Weber - Give a smile (single)		beri-weber-give-a-smile-single	https://mostlymusic.com/cdn/shop/files/2323832.mp3?v=3079815847650000772
Oizer Oberlander - Hartz Shprach (Single)		oizer-oberlander-hartz-shprach-single	https://mostlymusic.com/cdn/shop/files/65441.mp3?v=17086613617608027531
Yoely Weiss - Efshar Letaken (Single)		yoely-weiss-efshar-letaken-single	https://mostlymusic.com/cdn/shop/files/63368.mp3?v=7398918772123682475
Shua Rose - Hoshieni (Single)		shua-rose-hoshieni-single	https://mostlymusic.com/cdn/shop/files/60784.mp3?v=1048572068492475675
Avishai Eshel - Abba'le (Single)		avishai-eshel-abbale-single	https://mostlymusic.com/cdn/shop/files/58871.mp3?v=8858098012178765296
Duvid Berger - Gaguim (Single)		duvid-berger-gaguim-single	https://mostlymusic.com/cdn/shop/files/63366.mp3?v=16750406767753774857
Vinkel Studio - Mishenichnas Adar (Single)		vinkel-studio-mishenichnas-adar-single	https://mostlymusic.com/cdn/shop/files/57797.mp3?v=15942917368018540057
Chaim Yaskil - Chasoif (Single)		chaim-yaskil-chasoif-single	https://mostlymusic.com/cdn/shop/files/61886.mp3?v=1219717932100549860
Yoely Klein & Shaya Gross - Keser Melucha (Single)		yoely-klein-shaya-gross-keser-melucha-single	https://mostlymusic.com/cdn/shop/files/58870.mp3?v=14915001726168250549
Moshe Klein - Mar Umatok (Single)		moshe-klein-mar-umatok-single	https://mostlymusic.com/cdn/shop/files/65440.mp3?v=16336872210812404750
Naftali Abramson - Chaim		naftali-abramson-chaim	https://mostlymusic.com/cdn/shop/files/48496.mp3?v=15371091347550597045
Dance It (single)		dance-it-single-1	https://mostlymusic.com/cdn/shop/files/2323828.mp3?v=44111
Kobi Brummer - Habechira (Single)		kobi-brummer-habechira-single	https://mostlymusic.com/cdn/shop/files/63367.mp3?v=4923338467825312724
Motty Oyzer - Hayom Hazeh (Single)		motty-oyzer-hayom-hazeh-single	https://mostlymusic.com/cdn/shop/files/60783.mp3?v=7968976551521427886
Yechiel Schron - Al Hanissim (Single)		yechiel-schron-al-hanissim-single	https://mostlymusic.com/cdn/shop/files/61885.mp3?v=6235626280469527243
Naftali Abramson - Coming Home		naftali-abramson-coming-home	https://mostlymusic.com/cdn/shop/files/48074.mp3?v=6911520875024603724
Ariel Levi - Yamim Shel Paam (Single)		ariel-levi-yamim-shel-paam-single	https://mostlymusic.com/cdn/shop/files/60781.mp3?v=10221916775722660770
Moshe Katz - Kein Kein		moshe-katz-kein-kein	https://mostlymusic.com/cdn/shop/files/49983.mp3?v=12758105834750946623
Itamar Shtayn, Shmulik Gefner & Eliyahu Leifer - Chein B'einechu (Single)		itamar-shtayn-shmulik-gefner-eliyahu-leifer-chein-beinechu-single	https://mostlymusic.com/cdn/shop/files/57796.mp3?v=4861408095284993354
Yidi Bialostozky & Yisroel Werdyger - Ki Tov Chasdecha (Single)		yidi-bialostozky-yisroel-werdyger-ki-tov-chasdecha-single	https://mostlymusic.com/cdn/shop/files/63363.mp3?v=9428923325560669752
Shmulik Sukkot - Roeh Oti (Single)		shmulik-sukkot-roeh-oti-single	https://mostlymusic.com/cdn/shop/files/65439.mp3?v=8591364611686783006
Leiby Moskowitz & Yoely Greenfeld - Goldie's Story (Single)		leiby-moskowitz-yoely-greenfeld-goldies-story-single	https://mostlymusic.com/cdn/shop/files/61882.mp3?v=12289741466766952202
Chaim Bleich - Ashreinu (Single)		chaim-bleich-ashreinu-single	https://mostlymusic.com/cdn/shop/files/58869.mp3?v=4754902339557706854
Baruch Levine & Yosef Schick - Vaani Kirvas (Single)		baruch-levine-yosef-schick-vaani-kirvas-single	https://mostlymusic.com/cdn/shop/files/58868.mp3?v=2874976701148183717
Moishy Schwartz - Shefa (Single)		moishe-schwartz-shefa-single	https://mostlymusic.com/cdn/shop/files/2323826.mp3?v=9734658396697526965
Chaim Banet - Chayav Inish [Remix] (Single)		chaim-banet-chayav-inish-remix-single	https://mostlymusic.com/cdn/shop/files/57795.mp3?v=11463609326423222383
Uri Davidi - Jump (single)		uri-davidi-jump-single	https://mostlymusic.com/cdn/shop/files/2323827.mp3?v=16029240361464793849
Motty Goldman & Malchus Choir - Achas Shoalti (Single)		motty-goldman-malchus-choir-achas-shoalti-single	https://mostlymusic.com/cdn/shop/files/60782.mp3?v=10320977306057543201
Nachmy Glauber - Fire'l (Single)		nachmy-glauber-firel-single	https://mostlymusic.com/cdn/shop/files/61883.mp3?v=14835170112402970624
Dudi Pollack & Dudi Kalish - Zocharti Loch [Medley] (Single)		dudi-pollack-dudi-kalish-zocharti-loch-medley-single	https://mostlymusic.com/cdn/shop/files/66160.mp3?v=5068680427695272386
Yitzy Waldner & Gershi Uri - Kol Berama (Single)		yitzy-waldner-gershi-uri-kol-berama-single	https://mostlymusic.com/cdn/shop/files/65438.mp3?v=11080635849783796460
Meir Nussenzweig - Ratzon (Single)		meir-nussenzweig-ratzon-single	https://mostlymusic.com/cdn/shop/files/66159.mp3?v=8264396240130538106
Barak Grossberg & Simche Friedman - Nigun 770 [Cover] (Single)		barak-grossberg-simche-friedman-nigun-770-cover-single	https://mostlymusic.com/cdn/shop/files/63361.mp3?v=5393060747204662911
Yesh Yamim (Single)		yesh-yamim-single	https://mostlymusic.com/cdn/shop/files/2323825.mp3?v=1544410374955231393
Benny Kenig - Boeis Hazos (Single)		benny-kenig-boeis-hazos-single	https://mostlymusic.com/cdn/shop/files/57794.mp3?v=3819853068972482449
Mūntii & Alex Clare - Unstoppable (Single)		muntii-alex-clare-unstoppable-single	https://mostlymusic.com/cdn/shop/files/60780.mp3?v=3455016691165101375
Ari Gold - Yamim Tovim (Single)		ari-gold-yamim-tovim-single	https://mostlymusic.com/cdn/shop/files/60779.mp3?v=16804868137065067837
Lipa Schmeltzer, The Shira Choir & Shimmy Levy Production Sep. 14 '22 Spielman		lipa-schmeltzer-the-shira-choir-shimmy-levy-production-sep-14-22-spielman	https://mostlymusic.com/cdn/shop/files/58860.mp3?v=15375121615311979368
Lev Tahor & Mordechai Shapiro - Geula (Single)		lev-tahor-mordechai-shapiro-geula-single	https://mostlymusic.com/cdn/shop/files/63360.mp3?v=13101600616803529135
Hershy Weinberger - Baleicht Aleh Velten (Single)		hershy-weinberger-baleicht-aleh-velten-single	https://mostlymusic.com/cdn/shop/files/61880.mp3?v=3394487186711751905
Yanky Daskal - Avakesh Mimcha (Single)		yanky-daskal-avakesh-mimcha-single	https://mostlymusic.com/cdn/shop/files/66158.mp3?v=16823801922021070720
Shmulik Sukkot - Hayeled Hazeh (Single)		shmulik-sukkot-hayeled-hazeh-single	https://mostlymusic.com/cdn/shop/files/65142.mp3?v=87111903399922926
Miriam Addi - A Song for Orit		miriam-addi-a-song-for-orit	https://mostlymusic.com/cdn/shop/files/43007.mp3?v=4171974345989826532
Teshuasam (Single)		teshuasam-single	https://mostlymusic.com/cdn/shop/files/2323824.mp3?v=12183756336095822399
Moshe Dovid Weissman - Avodas Hasheleimus		moshe-dovid-weissman-avodas-hasheleimus	https://mostlymusic.com/cdn/shop/files/49113.mp3?v=4370696489219010022
Zalman Stub - Teshuatam (Single)		zalman-stub-teshuatam-single	https://mostlymusic.com/cdn/shop/files/57793.mp3?v=9406933140867290928
Chaim Meir Erps - Miniyus (Single)		chaim-meir-erps-miniyus-single	https://mostlymusic.com/cdn/shop/files/58861.mp3?v=7051322626111476182
Shmulik Klein  - VaEschanan (Single)		shmulik-klein-vaeschanan-single	https://mostlymusic.com/cdn/shop/files/63359.mp3?v=13890873082052888227
HBS & Shloime Bernstein - A Maseh (Single)		hbs-shloime-bernstein-a-maseh-single	https://mostlymusic.com/cdn/shop/files/65140.mp3?v=9940756486616919956
Pinchos Deutsch - Shoshanat Yaakov (Single)		pinchos-deutsch-shoshanat-yaakov-single	https://mostlymusic.com/cdn/shop/files/57792.mp3?v=17931805069927160242
Motty Vizel, Pinchos Bichler, Bentzi Kletzkin, Malchus Choir & Chasidim'lech Choir- Aneinu Rachum V'chanun (Single)		motty-vizel-pinchos-bichler-bentzi-kletzkin-malchus-choir-chasidimlech-choir-aneinu-rachum-vchanun-single	https://mostlymusic.com/cdn/shop/files/58859.mp3?v=3659074496088876837
Shmuly Schneider - Zoche (Single)		shmuly-schneider-zoche-single	https://mostlymusic.com/cdn/shop/files/2323823.mp3?v=6958858345401220449
Afiko.man Ft. Mendy Worch - Dreidel (Single)		afiko-man-ft-mendy-worch-dreidel-single	https://mostlymusic.com/cdn/shop/files/61876.mp3?v=14195698039941307573
Izzy Ft. Afko.man - Chanukah Upmix (Single)		izzy-ft-afko-man-chanukah-upmix-single	https://mostlymusic.com/cdn/shop/files/61881.mp3?v=5887615793936249882
Michoel Pruzansky - Illuminations		michoel-pruzansky-illuminations	https://mostlymusic.com/cdn/shop/files/44038.mp3?v=8797010982672134478
Yitzy Waldner & Shulem Lemmer - Tefillas Chana (Single)		yitzy-waldner-shulem-lemmer-tefillas-chana-single	https://mostlymusic.com/cdn/shop/files/66157.mp3?v=16656002623820633314
Ruli Dikman - Livnos (Single)		ruli-dikman-livnos-single	https://mostlymusic.com/cdn/shop/files/60778.mp3?v=4139548163812982636
Ishay Ribo, Moshe Peretz, Akiva Turgeman & Pe'er Tasi - Poteach Et Yadecha (Single)		ishay-ribo-moshe-peretz-akiva-turgeman-peer-tasi-poteach-et-yadecha-single	https://mostlymusic.com/cdn/shop/files/58857.mp3?v=704796965411340489
Yishai Revivo - Yotze L'ohr (Single)		yotze-lohr-single	https://mostlymusic.com/cdn/shop/files/2323821.mp3?v=1398220563188747721
YFM Studios - Somech Hashem [Acapella] (Single)		yfm-studios-somech-hashem-acapella-single	https://mostlymusic.com/cdn/shop/files/63289.mp3?v=17699398676111799546
8th Day - Gift For You (Single)		8th-day-gift-for-you-single	https://mostlymusic.com/cdn/shop/files/57791.mp3?v=17238368123169173609
Nemouel - Shomer Yisroel (Single)		nemouel-shomer-yisroel-single	https://mostlymusic.com/cdn/shop/files/60777.mp3?v=7839275428697732860
Benny Friedman - We Are With You (Single)		benny-friedman-we-are-with-you-single	https://mostlymusic.com/cdn/shop/files/61878.mp3?v=6702972350832661394
Laizer Rosenbaum - Verastich Li		laizer-rosenbaum-verastich-li	https://mostlymusic.com/cdn/shop/files/49345.mp3?v=14285774200998928848
Moshe Dovid Weissmandl - Einei Amcha (Single)		moshe-dovid-weissmandl-einei-amcha-single	https://mostlymusic.com/cdn/shop/files/66156.mp3?v=15144176648153950704
Mishalot Boys Choir ft. Dovid Pearlman - Yesh Bi Emunah [Acapella Cover] (Single)		mishalot-boys-choir-ft-dovid-pearlman-yesh-bi-emunah-acapella-cover-single	https://mostlymusic.com/cdn/shop/files/63288.mp3?v=14452098615302874776
Leiby Moskowitz - Live In Belgium - Ani Maamin Remix (Single)		leiby-moskowitz-live-in-belgium-ani-maamin-remix-single	https://mostlymusic.com/cdn/shop/files/60776.mp3?v=11442461185947759354
Im Al Hamalech Tov (Single)		im-al-hamalech-tov-single	https://mostlymusic.com/cdn/shop/files/2323820.mp3?v=9555142787489341385
Hillel Kapnick - The Power Of Speech		hillel-kapnick-the-power-of-speech	https://mostlymusic.com/cdn/shop/files/48947.mp3?v=7114569157146559940
Eliya Vahav - Slach Li Bni (Single)		eliya-vahav-slach-li-bni-single	https://mostlymusic.com/cdn/shop/files/57789.mp3?v=5326987084677015333
Shimmy Lipshitz - Mashiach [Acapella] (Single)		shimmy-lipshitz-mashiach-acapella-single	https://mostlymusic.com/cdn/shop/files/63287.mp3?v=6344614434439705264
Hershy Rottenberg - Lo Amus [MeinLidel #5] (Single)		hershy-rottenberg-lo-amus-meinlidel-5-single	https://mostlymusic.com/cdn/shop/files/61879.mp3?v=12402585750396971094
Leah Avruch - Short Reels		leah-avruch-short-reels	https://mostlymusic.com/cdn/shop/files/65121.mp3?v=17424195463158626051
Leah Avruch - Short Reels		leah-avruch-short-reels	https://mostlymusic.com/cdn/shop/files/65122.mp3?v=14573993315789788624
Leah Avruch - Short Reels		leah-avruch-short-reels	https://mostlymusic.com/cdn/shop/files/65123.mp3?v=13386303627515272078
Leah Avruch - Short Reels		leah-avruch-short-reels	https://mostlymusic.com/cdn/shop/files/65124.mp3?v=1274192643839824805
Leah Avruch - Short Reels		leah-avruch-short-reels	https://mostlymusic.com/cdn/shop/files/65125.mp3?v=13073325658185078673
Leah Avruch - Short Reels		leah-avruch-short-reels	https://mostlymusic.com/cdn/shop/files/65126.mp3?v=13254701036192289063
Leah Avruch - Short Reels		leah-avruch-short-reels	https://mostlymusic.com/cdn/shop/files/65127.mp3?v=4417294682325118686
Leah Avruch - Short Reels		leah-avruch-short-reels	https://mostlymusic.com/cdn/shop/files/65128.mp3?v=7545579147587646157
Gershon Veroba - Up To Jerusalem		gershon-veroba-up-to-jerusalem	https://mostlymusic.com/cdn/shop/files/43008.mp3?v=7505839444189345355
Motti Feldman - Min Hameitzar (Single)		motti-feldman-min-hameitzar-single	https://mostlymusic.com/cdn/shop/files/58856.mp3?v=1324793330443887920
Hanan Ben Ari - Lo HaMeshuga HaYechidi (Single)		hanan-ben-ari-lo-hameshuga-hayechidi-single	https://mostlymusic.com/cdn/shop/files/65129.mp3?v=13039952473825645446
Simcha Jacoby ft. Mendy H Band - The Chupah (Single)		simcha-jacoby-ft-mendy-h-band-the-chupah-single	https://mostlymusic.com/cdn/shop/files/60774.mp3?v=7704381620696430672
Shea Berko, The Shira Choir & Yanky Briskman Sep. 14 '22 Gottesman		shea-berko-the-shira-choir-yanky-briskman-sep-14-22-gottesman	https://mostlymusic.com/cdn/shop/files/58855.mp3?v=18003082592329666140
Gershon Veroba & Micha Gamerman - Rabi Nachman Omer (DJ MRM Remix) (Single)		gershon-veroba-micha-gamerman-rabi-nachman-omer-dj-mrm-remix-single	https://mostlymusic.com/cdn/shop/files/66155.mp3?v=10479386271846073951
Shai Graucher, Bentzi Kletzkin & Neshama Choir - Tzor Kol Huoilamim [Acapella Cover] (Single)		shai-graucher-bentzi-kletzkin-neshama-choir-tzor-kol-huoilamim-acapella-cover-single	https://mostlymusic.com/cdn/shop/files/63286.mp3?v=15407502060573939311
Gad Elbaz - Hallelu (Single)		gad-elbaz-hallelu-single	https://mostlymusic.com/cdn/shop/files/2323819.mp3?v=17950599074965645075
Moshe Klein - Lo Lefached Klal (Single)		moshe-klein-lo-lefached-klal-single	https://mostlymusic.com/cdn/shop/files/65120.mp3?v=12077627520199093289
Moshe Dadon - Neshama Tehora (Single)		moshe-dadon-neshama-tehora-single	https://mostlymusic.com/cdn/shop/files/57788.mp3?v=8080996621398508196
Chaim Brown & Chesky Schwartz Sep. 13 '22		chaim-brown-chesky-schwartz-sep-13-22	https://mostlymusic.com/cdn/shop/files/58854.mp3?v=4711216303255430951
Shloime Hersh Eckstein - Niggun Naaneim (Single)		niggunei-satmer-ft-shloime-hersh-eckstein-niggun-naaneim-satmar-single	https://mostlymusic.com/cdn/shop/files/66154.mp3?v=8516663756940616954
Avi Music ft. Shalom Simon - Modim (Single)		avi-music-ft-shalom-simon-modim-single	https://mostlymusic.com/cdn/shop/files/65119.mp3?v=17293149443186734717
Beri Weber - Rikudig (Single)		beri-weber-rikedig-single	https://mostlymusic.com/cdn/shop/files/2323815.mp3?v=10053415769346850447
Chaim Chadad - Mul Hayam (Single)		chaim-chadad-mul-hayam-single	https://mostlymusic.com/cdn/shop/files/57787.mp3?v=9233789048880857869
Eli Levin - Atah Zocher [Acapella Cover] (Single)		eli-levin-atah-zocher-acapella-cover-single	https://mostlymusic.com/cdn/shop/files/63285.mp3?v=12725715326427898135
Shulem Lemmer & Abie Rottenberg - Butterfly (Single)		shulem-lemmer-abie-rottenberg-butterfly-single	https://mostlymusic.com/cdn/shop/files/60773.mp3?v=17430448065817819933
Zalmy Levy - Yesovivenu		zalmy-levy-yesovivenu	https://mostlymusic.com/cdn/shop/files/45284.mp3?v=213397420664976647
Abba Deutch & Zalmen Schnitzler Sep. 13 '22 Maslaton		abba-deutch-zalmen-schnitzler-sep-13-22-maslaton	https://mostlymusic.com/cdn/shop/files/58853.mp3?v=17939666461126166914
Melech Frank & Rafi The King - Avinu (Single)		melech-frank-rafi-the-king-avinu-single	https://mostlymusic.com/cdn/shop/files/60772.mp3?v=7204001129476940166
Elad Shear - Shuv (Single)		elad-shear-shuv-single	https://mostlymusic.com/cdn/shop/files/2323814.mp3?v=3316152502633118423
Yehuda Langer & Shloime Daskal - A Dance With Daskal [Medley] (Single)		yehuda-langer-shloime-daskal-a-dance-with-daskal-medley-single	https://mostlymusic.com/cdn/shop/files/65118.mp3?v=3745380934980390844
Eli Marcus - Chasoif (Single)		eli-marcus-chasoif-single	https://mostlymusic.com/cdn/shop/files/61838.mp3?v=1211164694116566390
Shalsheles Junior - Amcha Yisroel - One Heart (Single)		shalsheles-junior-amcha-yisroel-one-heart-single	https://mostlymusic.com/cdn/shop/files/61839.mp3?v=8453638081959746985
Kalmey Schwartz & Shmiel Hersh Miller Sep. 13 '22 Adler		kalmey-schwartz-shmiel-hersh-miller-sep-13-22-adler	https://mostlymusic.com/cdn/shop/files/58852.mp3?v=8235847033317649924
Elisha & Eyal Zakai - Moments (Single)		elisha-eyal-zakai-moments-single	https://mostlymusic.com/cdn/shop/files/57786.mp3?v=6856629241277549606
Moshe Klein - Kacha Yeaseh (Single)		moshe-klein-kacha-yeaseh-single	https://mostlymusic.com/cdn/shop/files/57785.mp3?v=12932310204865204689
Mendy Weiss, Shloime Meir & Malchus Choir- Kavod LaTorah (Single)		mendy-weiss-shloime-meir-malchus-choir-kavod-latorah-single	https://mostlymusic.com/cdn/shop/files/60721.mp3?v=14978841411209193658
Ari Goldwag - Live To Give (Single)		ari-goldwag-live-to-give-single	https://mostlymusic.com/cdn/shop/files/61840.mp3?v=2055907694958375147
Aaron Razel - Mivchan Ha'Ahava [Acapella] (Single)		aaron-razel-mivchan-haahava-acapella-single	https://mostlymusic.com/cdn/shop/files/63284.mp3?v=15521371801199239887
Motti Vizel, Uziel Deutch & Malchus Choir - Vehaer Eineinu [Pittsburgh] (Single)		motti-vizel-uziel-deutch-malchus-choir-vehaer-eineinu-pittsburgh-single	https://mostlymusic.com/cdn/shop/files/60720.mp3?v=12140641034823997866
Yossi and Yerachmiel - Chanukah Nights		yossi-and-yerachmiel-chanukah-nights	https://mostlymusic.com/cdn/shop/files/27076.mp3?v=6466031623971813579
Moshe Rez - Tamim (Single)		moshe-rez-tamim-single	https://mostlymusic.com/cdn/shop/files/57790.mp3?v=9851142254196841689
Hershy Segal ft. All Star - Chanukah Licht [Medley] (Single)		hershy-segal-ft-all-star-chanukah-licht-medley-single	https://mostlymusic.com/cdn/shop/files/61837.mp3?v=6375354016012930520
Meir Hajby & Meydad Tasa - Abba [Acapella Cover] (Single)		meir-hajby-meydad-tasa-abba-acapella-cover-single	https://mostlymusic.com/cdn/shop/files/63283.mp3?v=15182642275990911863
Adeloyada (Single)		adeloyada-single	https://mostlymusic.com/cdn/shop/files/2323813.mp3?v=6359600364187176613
Levy Falkowitz & Chesky Schwartz Sep. 11 '22		levy-falkowitz-chesky-schwartz-sep-11-22	https://mostlymusic.com/cdn/shop/files/58851.mp3?v=16209961033105394347
U'vechol Medinah (Single)		uvechol-medinah-single	https://mostlymusic.com/cdn/shop/files/2323812.mp3?v=14287144504050845781
Yumi & Laizer - Hadron Aloch		yumi-laizer-hadron-aloch	https://mostlymusic.com/cdn/shop/files/47219.mp3?v=8037883105799692914
Nigunei Leiby Simonowits (Free Album)		nigunei-leiby-simonowits-free-album	https://mostlymusic.com/cdn/shop/files/61836.mp3?v=1236705799224740123
Yisroel Werdyger - Zaroh		yisroel-werdyger-zaroh	https://mostlymusic.com/cdn/shop/files/48599.mp3?v=8711883746913863091
Min Hameitzar (Single)		min-hameitzar-single	https://mostlymusic.com/cdn/shop/files/2323810.mp3?v=7092113159319073448
Moishy Schwartz & Shmili Landau - Tiki (Single)		moishy-schwartz-shmili-landau-tiki-single	https://mostlymusic.com/cdn/shop/files/65117.mp3?v=5272324423416043342
Bentzi Stein & Neshama Choir - Tataleh [Live Acapella] (Single)		bentzi-stein-neshama-choir-tataleh-live-acapella-single	https://mostlymusic.com/cdn/shop/files/63282.mp3?v=8316462043407507940
Shea Berko & Motty Breier Sep. 6 '22 Brach		shea-berko-motty-breier-sep-6-22-brach	https://mostlymusic.com/cdn/shop/files/58850.mp3?v=7166230838762934832
Nehoray Arieli - Hakol Barosh (Single)		nehoray-arieli-hakol-barosh-single	https://mostlymusic.com/cdn/shop/files/65116.mp3?v=14231805539413073239
Moshe Amar - Atid Shalem (Single)		moshe-amar-atid-shalem-single	https://mostlymusic.com/cdn/shop/files/57784.mp3?v=13561397564402499810
Yeshivas Aish Kodesh - Hadur		yeshivas-aish-kodesh-hadur	https://mostlymusic.com/cdn/shop/files/46479.mp3?v=13179967470211715768
Avraham Fried, Haim Israel & Bentzi Stein - Al Tipol (Single)		avraham-fried-haim-israel-bentzi-stein-al-tipol-single	https://mostlymusic.com/cdn/shop/files/60719.mp3?v=4475178750353946039
Shmueli Ungar - Geulah (Single)		shmueli-ungar-geulah-single	https://mostlymusic.com/cdn/shop/files/65115.mp3?v=1331871156638732059
Yoeli Klein & Moshe Krishevsky - A Yerushalymer Tantz (Single)		yoeli-klein-moshe-krishevsky-a-yerushalymer-tantz-single	https://mostlymusic.com/cdn/shop/files/61834.mp3?v=10477692140106621940
Menachem Moskowitz & Lipa Brach Production Aug. 30 '22 Stark		menachem-moskowitz-lipa-brach-production-aug-30-22-stark	https://mostlymusic.com/cdn/shop/files/58849.mp3?v=11111859300534093353
Meshiga Git - Sruly Green		meshiga-git-sruly-green	https://mostlymusic.com/cdn/shop/files/2323803.mp3?v=11840773302762669210
Shalsheles Junior - Besheim Hashem [Acapella] (Single)		shalsheles-junior-besheim-hashem-acapella-single	https://mostlymusic.com/cdn/shop/files/63280.mp3?v=9195655264237960837
Ishay Lapidot, Moti Weiss, Chaim Portal & David Taub - Bayom Hahu (Single)		ishay-lapidot-moti-weiss-chaim-portal-david-taub-bayom-hahu-single	https://mostlymusic.com/cdn/shop/files/61833.mp3?v=7781143713695746856
Suscher Guttman & Avrumi Berko - Jan. 20 '22 Weinberger (Wedding)		suscher-guttman-avrumi-berko-jan-20-22-weinberger-wedding	https://mostlymusic.com/cdn/shop/files/57770.mp3?v=10436593339051396196
Yerachmiel - Vehi Sh'Amda		yerachmiel-vehi-shamda	https://mostlymusic.com/cdn/shop/files/45974.mp3?v=4209188380896774772
Ari Hill - Ika Beshika (Single)		ari-hill-ika-beshika-single	https://mostlymusic.com/cdn/shop/files/60718.mp3?v=13486649613450891196
Eitan Katz - Purim  (Single)		eitan-katz-purim-single	https://mostlymusic.com/cdn/shop/files/2323802.mp3?v=2219076754429556812
DJ Ancii ft. Yehuda Green - Havdalah [Remix] (Single)		dj-ancii-ft-yehuda-green-havdalah-remix-single	https://mostlymusic.com/cdn/shop/files/65114.mp3?v=8135900769444785541
Shloime Kaufman - Chazon [Acapella] (Single)		shloime-kaufman-chazon-acapella-single	https://mostlymusic.com/cdn/shop/files/63273.mp3?v=2909470927451871482
Yerachmiel - Im Eshkocheich		yerachmiel-im-eshkocheich	https://mostlymusic.com/cdn/shop/files/46098.mp3?v=11427114465781727651
HBS - Piano (Single)		hbs-piano-single	https://mostlymusic.com/cdn/shop/files/65113.mp3?v=16264271389080273744
Danny Palgon - Kos (Single)		danny-palgon-kos-single	https://mostlymusic.com/cdn/shop/files/58848.mp3?v=3513341248787261321
Akiva Schechter - Tzadik (Single)		akiva-schechter-tzadik-single	https://mostlymusic.com/cdn/shop/files/57783.mp3?v=2149920445640439349
Hillel Meyer - Veorvo [Acapella] (Single)		hillel-meyer-veorvo-acapella-single	https://mostlymusic.com/cdn/shop/files/63272.mp3?v=17081542695795711126
Nemouel - Comme Toi (Single)		nemouel-comme-toi-single	https://mostlymusic.com/cdn/shop/files/61832.mp3?v=12555500028733242683
Duvid Berger - Shloshes Yemei Hagbalah (Free)		duvid-berger-shloshes-yemei-hagbalah-free	https://mostlymusic.com/cdn/shop/files/60633.mp3?v=1101502604139685041
Duvid Berger - Shloshes Yemei Hagbalah (Free)		duvid-berger-shloshes-yemei-hagbalah-free	https://mostlymusic.com/cdn/shop/files/60634.mp3?v=6838743637146959077
Duvid Berger - Shloshes Yemei Hagbalah (Free)		duvid-berger-shloshes-yemei-hagbalah-free	https://mostlymusic.com/cdn/shop/files/60635.mp3?v=13922059570210584074
R' Shloime Taussig - Shteigen (Single)		r-shloime-taussig-shteigen-single	https://mostlymusic.com/cdn/shop/files/60717.mp3?v=2824120609279104248
Various - The Copyright Project		various-the-copyright-project	https://mostlymusic.com/cdn/shop/files/44373.mp3?v=16230760415385966691
The Maccabeats - We're Still Here [Am Yisrael Chai] (Single)		the-maccabeats-were-still-here-am-yisrael-chai-single	https://mostlymusic.com/cdn/shop/files/61831.mp3?v=10935834623554872557
Moshe Klein - Lihoyot Karov (Single)		moshe-klein-lihoyot-karov-single	https://mostlymusic.com/cdn/shop/files/65112.mp3?v=6212423173953493719
Shloime Bernstein - Libshaft (Single)		shloime-bernstein-libshaft-single	https://mostlymusic.com/cdn/shop/files/63271.mp3?v=1093119954238220599
Ohad Moskowitz - Lehitpalel (Single)		ohad-moskowitz-lehitpalel-single	https://mostlymusic.com/cdn/shop/files/57782.mp3?v=1474576699576102147
Yossi Perl - Shvuos Medley (Single)		yossi-perl-shvuos-medley-single	https://mostlymusic.com/cdn/shop/files/60632.mp3?v=10541607071623177152
A Yid - Benny Friedman		a-yid	https://mostlymusic.com/cdn/shop/files/2323800.mp3?v=1655645876140818943
Yosef Zidell & Mikey Mocton - Ein Od Milvado (Single)		yosef-zidell-mikey-mocton-ein-od-milvado-single	https://mostlymusic.com/cdn/shop/files/57781.mp3?v=12864205747100193108
Chadeish (Single)		musicontime-single	https://mostlymusic.com/cdn/shop/files/2323799.mp3?v=1707914735877736484
Hanan Ben Ari - Hashiveinu (Single)		hanan-ben-ari-hashiveinu-single	https://mostlymusic.com/cdn/shop/files/65111.mp3?v=3320688658625911369
Shmuly Schneider Ft. Yosef Schwed - Yomim Noraim Medley (Single)		shmuly-schneider-ft-yosef-schwed-yomim-noraim-medley-single	https://mostlymusic.com/cdn/shop/files/58847.mp3?v=5332012544998691392
Shloime Katzanelbogen - Rak MeAhava (Single)		shloime-katzanelbogen-rak-meahava-single	https://mostlymusic.com/cdn/shop/files/60601.mp3?v=12498759453670403772
Uri Davidi - The Connection Is You (Single)		uri-davidi-the-connection-is-you-single	https://mostlymusic.com/cdn/shop/files/61830.mp3?v=666462394523932171
Avremi Roth - Im Tachneh (Single)		avremi-roth-im-tachneh-single	https://mostlymusic.com/cdn/shop/files/58845.mp3?v=13599431259343001912
Shea Berko & Beri Karpen Production - Jan. 13 '22 Schnitzler (Wedding)		shea-berko-beri-karpen-production-jan-13-22-schnitzler-wedding	https://mostlymusic.com/cdn/shop/files/57769.mp3?v=18269525355390583748
Shmili Landau, Ari Samet & Chilly Wagschal  – Ich Vill (Single)		shmili-landau-ari-samet-chilly-wagschal-ich-vill-single	https://mostlymusic.com/cdn/shop/files/63259.mp3?v=9709843591034040269
Hershy Rosenbaum - Refuainu (Single)		refainu-single	https://mostlymusic.com/cdn/shop/files/2323796.mp3?v=546706436665975267
Epic Shpiel Ft. Chaim Brown & Duvid Feder - בעסערע טעג (Single)		epic-shpiel-ft-chaim-brown-duvid-feder-single	https://mostlymusic.com/cdn/shop/files/65108.mp3?v=11529492620171578862
Simcha Leiner - Meheira		simcha-leiner-meheira	https://mostlymusic.com/cdn/shop/files/44116.mp3?v=14259167261333073162
Zevi Weinstock & Ari Cukier - Yivarechicha (Single)		zevi-weinstock-ari-cukier-yivarechicha-single	https://mostlymusic.com/cdn/shop/files/60600.mp3?v=82762384395866644
Shloime Taussig - Lashem Haaretz Umloah vocal		shloime-taussig-lashem-haaretz-umloah-vocal	https://mostlymusic.com/cdn/shop/files/46386.mp3?v=17373109702883698710
Takshivu  - Come This Far (Single)		takshivu-come-this-far-single	https://mostlymusic.com/cdn/shop/files/58844.mp3?v=13188997228654340152
We May All Be Different		we-are-all-differ	https://mostlymusic.com/cdn/shop/files/2323791.mp3?v=14703814091911716660
Avi Reymi & Yair Bodner ft. Bentzi Kletzkin - Ani Shabbos [Cover] (Single)		avi-reymi-yair-bodner-ft-bentzi-kletzkin-ani-shabbos-cover-single	https://mostlymusic.com/cdn/shop/files/63258.mp3?v=14628439015558548353
Suscher Guttman, The Shira Choir & Yeedle Kahan Plus - Oct. 15 '23 Gross		suscher-guttman-the-shira-choir-yeedle-kahan-plus-oct-15-23-gross	https://mostlymusic.com/cdn/shop/files/61786.mp3?v=10100760958837292542
Motti Weisel & Avremi Lunger - B'sod Kedoshim (Single)		motti-weisel-avremi-lunger-bsod-kdoshim-single	https://mostlymusic.com/cdn/shop/files/63209.mp3?v=8488153696738776834
Shimmy Shtauber - Shtauber Medley		shimmy-shtauber-shtauber-medley	https://mostlymusic.com/cdn/shop/files/45569.mp3?v=13599672268218083477
Shloime Gertner & Naftali Kempeh - Yesimcho (Single)		shloime-gertner-naftali-kempeh-yesimcho-single	https://mostlymusic.com/cdn/shop/files/57768.mp3?v=5891504975260359320
Mendy Worch - Good Shabbos (Single)		mendy-worch-good-shabbos-single	https://mostlymusic.com/cdn/shop/files/60598.mp3?v=15376586019533174273
Dovid Pearlman - Closer [Quest Movie] (Single)		dovid-pearlman-closed-quest-movie-single	https://mostlymusic.com/cdn/shop/files/65107.mp3?v=10284434306179676891
Dovid Pearlman - Achshav (Single)		dovid-pearlman-achshav-single	https://mostlymusic.com/cdn/shop/files/58843.mp3?v=6682564758770358274
Ahrele Samet & Yidele Mendelson - Sumachti (Single)		ahrele-samet-yidele-mendelson-sumachti-single	https://mostlymusic.com/cdn/shop/files/57767.mp3?v=972726405189686555
Menachem Moskowitz & Chaim Gefner - Oct. 15 '23		menachem-moskowitz-chaim-gefner-oct-15-23	https://mostlymusic.com/cdn/shop/files/61787.mp3?v=10281139911775431759
Shalsheles - Generations		shalsheles-generations	https://mostlymusic.com/cdn/shop/files/39433.mp3?v=2747603513144561799
Yaakov Galen - Future Dance (Single)		yaakov-galen-future-dance-single	https://mostlymusic.com/cdn/shop/files/63208.mp3?v=14446985422695591405
Alex Clare & Levy Falkowitz - Kol Bayaar (Single)		alex-clare-levy-falkowitz-kol-bayaar-single	https://mostlymusic.com/cdn/shop/files/65094.mp3?v=9549830278890447359
Ari Goldwag & Avi Wisnicki - Boee (Single)		ari-goldwag-avi-wisniki-boee-single	https://mostlymusic.com/cdn/shop/files/2323790.mp3?v=2474737960699749337
Bentzy Weberman & Shimon Moskowitz Aug. 28 '22 Framowitz		bentzy-weberman-shimon-moskowitz-aug-28-22-framowitz	https://mostlymusic.com/cdn/shop/files/58831.mp3?v=10278131574059029974
Yitzy & Shauly Waldner - Fargin Ah Yid (Single)		yitzy-shauly-waldner-fargin-ah-yid-single	https://mostlymusic.com/cdn/shop/files/61784.mp3?v=16768664621818329558
Chatzi Katz - Niggun Chaim Tzvi (Single)		chatzi-katz-niggun-chaim-tzvi-single	https://mostlymusic.com/cdn/shop/files/60542.mp3?v=16793333538131959408
Menachem Kobi - Shiru Lo (Single)		menachem-kobi-shiru-lo-single	https://mostlymusic.com/cdn/shop/files/57766.mp3?v=16776783599638842597
Sarah Dukes - Dancing In The Dark		sarah-dukes-dancing-in-the-dark	https://mostlymusic.com/cdn/shop/files/45757.mp3?v=14311969236532323776
The Friends From Sha'ar Yaffo - Kol Hamachlokot Shebaolam (Single)		the-friends-from-shaar-yaffo-kol-hamachlokot-shebaolam-single	https://mostlymusic.com/cdn/shop/files/57765.mp3?v=15964734024483812777
Benny Friedman - Hee Tishalal (Single)		benny-friedman-hee-tishalal-single	https://mostlymusic.com/cdn/shop/files/65083.mp3?v=3875366663978499838
Kalmey Schwartz & Chaim Gefner Production Aug. 18 '22 Reiss		kalmey-schwartz-chaim-gefner-production-aug-18-22-reiss	https://mostlymusic.com/cdn/shop/files/58830.mp3?v=8880953919755232191
Yakov Shlomo Gross ft. Malchus Choir & Bentzy Kletzkin - Kabulas Hatorah [Vocal] (Single)		yakov-shlomo-gross-ft-malchus-choir-bentzy-kletzkin-kabulas-hatorah-vocal-single	https://mostlymusic.com/cdn/shop/files/60540.mp3?v=14493568124983328896
Binyomin Lerner - Kadsheim (Single)		binyomin-lerner-kadsheim-single	https://mostlymusic.com/cdn/shop/files/63196.mp3?v=7632505583390884593
Joey Newcomb -  Gimme Five (Single)		joey-newcomb-give-me-5-single	https://mostlymusic.com/cdn/shop/files/gimme_faav.mp3?v=8580641467503120905
Aviad - Am Yisrael Chai (Single)		aviad-am-yisrael-chai-single	https://mostlymusic.com/cdn/shop/files/61778.mp3?v=8922822320878230597
Rabbi Yosef Lowenbraun - Eishes Chayil Single		rabbi-yosef-lowenbraun-eishes-chayil-single	https://mostlymusic.com/cdn/shop/files/46166.mp3?v=10001123606824159221
Gad, Benny & Benjamin Elbaz - Sheyibaneh (Single)		gad-benny-benjamin-elbaz-sheyibaneh-single	https://mostlymusic.com/cdn/shop/files/63195.mp3?v=10637657859805209915
Srulik Cohen & Moishy Schwartz - Davenen (Single)		srulik-cohen-moishy-schwartz-davenen-single	https://mostlymusic.com/cdn/shop/files/65082.mp3?v=5292631349112027240
Ari Goldwag Ft. Yosef Kugler - Kevodo (Single)		ari-goldwag-ft-yosef-kugler-kevodo-single	https://mostlymusic.com/cdn/shop/files/60539.mp3?v=294401622236641637
Sruli Broncher Feat. Grayman & Elazar - Kofeh Mikor (Single)		sruli-broncher-feat-grayman-elazar-kofeh-mikor-single	https://mostlymusic.com/cdn/shop/files/57764.mp3?v=7377323020638443594
Shea Berko, Lev Choir & Shmiel Hersh Miller Production Aug. 17 '22 Rosenberg		shea-berko-lev-choir-shmiel-hersh-miller-production-aug-17-22-rosenberg	https://mostlymusic.com/cdn/shop/files/58829.mp3?v=3753651607029762338
Bonei Olam - 25,000 Candles - Vezakeini		bonei-olam-25-000-candels-vezakeini	https://mostlymusic.com/cdn/shop/files/2323766.mp3?v=674521836717494025
Chaim Portal - Daka Learbaim (Single)		chaim-portal-daka-learbaim-single	https://mostlymusic.com/cdn/shop/files/63194.mp3?v=16603131345972479394
Suscher Guttman & Zanvil Weinberger - Vesumid Nesapeir (Single)		suscher-guttman-zanvil-weinberger-vesumid-nesapeir-single	https://mostlymusic.com/cdn/shop/files/61782.mp3?v=15947433184106204083
Yerushalayim - Ari Bluzenstein (Single)		yerushaleiyim-ari-bluzenstein-single	https://mostlymusic.com/cdn/shop/files/2323768.mp3?v=15358800899966985730
Ezra Altschuler - Shomer Yisrael (Single)		ezra-altschuler-shomer-yisrael-single	https://mostlymusic.com/cdn/shop/files/61781.mp3?v=15255884305440028000
Yoeli Dikman & Motty Greenbaum - A Dream To Grow (Single)		yoeli-dikman-motty-greenbaum-a-dream-to-grow-single	https://mostlymusic.com/cdn/shop/files/57763.mp3?v=15073231271282372864
Gershi Uri, Negina Choir & Benny Bransdorfer Productions Feb. 2 '23		gershi-uri-negina-choir-benny-bransdorfer-productions-feb-2-23	https://mostlymusic.com/cdn/shop/files/60538.mp3?v=17509221433395870283
Nissin Friedman - Song For Yossi		nissin-friedman-song-for-yossi	https://mostlymusic.com/cdn/shop/files/40643.mp3?v=11279911103630164688
Eli Beer - Shuvu Elai (Single)		eli-beer-shuvu-elai-single	https://mostlymusic.com/cdn/shop/files/65081.mp3?v=16559562485381785919
MBD - Yachad Shivtei Yisroel		mbd-yachad-shivtei-yisroel	https://mostlymusic.com/cdn/shop/files/46621.mp3?v=662562549177452316
Yisroel Werdyger & Yoely Fischer Production Aug. 13 '22 Camp Tashbar		yisroel-werdyger-yoely-fischer-production-aug-13-22-camp-tashbar	https://mostlymusic.com/cdn/shop/files/58828.mp3?v=2140079720940301634
Yosef Daniel - El Ray (Single)		yosef-daniel-el-ray-single	https://mostlymusic.com/cdn/shop/files/2323765.mp3?v=9661078225358900655
Shalom Jacobs ft. Yisroel Zev Gifter - B'ein Meilitz Yosher [Cover] (Single)		shalom-jacobs-ft-yisroel-zev-gifter-bein-meilitz-yosher-cover-single	https://mostlymusic.com/cdn/shop/files/65064.mp3?v=5868140343049922662
Chilly Wagschal - Aleph Beis (Single)		chilly-wagschal-aleph-beis-single	https://mostlymusic.com/cdn/shop/files/65080.mp3?v=7015300775823217238
Akiva Turgeman - Yesh Becha Hakol (Single)		akiva-turgeman-yesh-becha-hakol-single	https://mostlymusic.com/cdn/shop/files/57762.mp3?v=12090380565787236236
Isaac & Rubenstein - Adon Olam (Single)		isaac-rubenstein-adon-olam-single	https://mostlymusic.com/cdn/shop/files/60522.mp3?v=2461721265800375372
Danny Palgon - Mayim Rabim (Single)		danny-palgon-mayim-rabim-single	https://mostlymusic.com/cdn/shop/files/60518.mp3?v=1917265877849423254
Tuvie Eichler - Chuppah Melody [Live] (Single)		tuvie-eichler-chuppah-melody-live-single	https://mostlymusic.com/cdn/shop/files/63192.mp3?v=8102766563033011030
Tzvi Zilberberg - Bitmimus (Single)		tzvi-zilberberg-bitmimus-single	https://mostlymusic.com/cdn/shop/files/61783.mp3?v=9809521435550229087
Adi Gabison - Titgadel Vetitkadesh (Single)		adi-gabison-titgadel-vetitkadesh-single	https://mostlymusic.com/cdn/shop/files/57761.mp3?v=5254064633587089496
Hillel Kapnick - Min Hameitzar		hillel-kapnick-min-hameitzar	https://mostlymusic.com/cdn/shop/files/46248.mp3?v=5589717562317729127
Shea Berko & Avrumi Berko Aug. 13 '22 Teumim Mesivta		shea-berko-avrumi-berko-aug-13-22-teumim-mesivta	https://mostlymusic.com/cdn/shop/files/58827.mp3?v=8622927778607591139
Eli Herzlich - Refuah Medley (Single)		eli-herzlich-refuah-medley-single	https://mostlymusic.com/cdn/shop/files/61780.mp3?v=1337411983046855707
Zanvil Weinberger, The Shira Choir & Shea Kaller Band Aug. 10 '22 Zichri Siyum		zanvil-weinberger-the-shira-choir-shea-kaller-band-aug-10-22-zichri-siyum	https://mostlymusic.com/cdn/shop/files/58826.mp3?v=7186701662850929503
Shimi Spitz - Ana Melech (Single)		shimi-spitz-ana-melech-single	https://mostlymusic.com/cdn/shop/files/2323763.mp3?v=8285076448251772880
Danny Palgon ft. Yoni Z - Ashira (Single)		danny-palgon-ft-yoni-z-ashira-single	https://mostlymusic.com/cdn/shop/files/2323762.mp3?v=14132070561126921061
Hillel Kapnick - Hadran		hillel-kapnick-hadran	https://mostlymusic.com/cdn/shop/files/46667.mp3?v=6859723938094489902
Nachman Rosenberg ft. Shimmy Lipschitz, Dudi Feldman, Duvid Feder & Meshulem Zusha - Uman Trip (Single)		nachman-rosenberg-ft-shimmy-lipschitz-dudi-feldman-duvid-feder-meshulem-zusha-uman-trip-single	https://mostlymusic.com/cdn/shop/files/65063.mp3?v=14102052784525733053
Bini Landau - Hakafa Shiviet (Single)		bini-landau-hakafa-shiviet-single	https://mostlymusic.com/cdn/shop/files/63191.mp3?v=4931763490370403075
Moshe Klein - Od Lo Meuchar (Single)		moshe-klein-od-lo-meuchar-single	https://mostlymusic.com/cdn/shop/files/60520.mp3?v=9696557420695334607
Motty Rosenfeld feat. Motty Rosenfeld - S'mir Git  (Single)		motty-rosenfeld-feat-motty-rosenfeld-smir-git-single	https://mostlymusic.com/cdn/shop/files/57760.mp3?v=15438557097514936216
Bentzi Kletzkin, Pinchos Bichler & Malchus Choir - Rachem [Kolaolam] (Single)		bentzi-kletzkin-pinchos-bichler-malchus-choir-rachem-kolaolam-single	https://mostlymusic.com/cdn/shop/files/61779.mp3?v=5032111507229700710
Avi Dror ft. Eli Herzlich - Mi Shebeirach [Medley] (Single)		avi-dror-ft-eli-herzlich-mi-shebeirach-medley-single	https://mostlymusic.com/cdn/shop/files/61777.mp3?v=2118803727814173544
Itchik Schwartz & Binyamin Talker - Eilacha (Single)		itchik-schwartz-binyamin-talker-eilacha-single	https://mostlymusic.com/cdn/shop/files/2323760.mp3?v=13353690872417025604
Gershon Veroba - Little David the Fight In The Man		gershon-veroba-little-david-the-fight-in-the-man	https://mostlymusic.com/cdn/shop/files/37291.mp3?v=8177239794412775776
Danny Palgon - Boee Bshalom [Stick Season] (Single)		danny-palgon-boee-bshalom-stick-season-single	https://mostlymusic.com/cdn/shop/files/63190.mp3?v=3930950666108514223
Amram Adar & Yossi Bayles - Ma Naase (Single)		amram-adar-yossi-bayles-ma-naase-single	https://mostlymusic.com/cdn/shop/files/58824.mp3?v=4785072282535922437
Itzik Eshel - Rak Elecha (Single)		itzik-eshel-rak-elecha-single	https://mostlymusic.com/cdn/shop/files/57759.mp3?v=6478911905756360746
Ohad Moskowitz & Eitan Katz - Keser (Single)		ohad-moskowitz-eitan-katz-keser-single	https://mostlymusic.com/cdn/shop/files/65062.mp3?v=11918133988775858724
Kobi Brummer - Faroys (Single)		kobi-brummer-faroys-single	https://mostlymusic.com/cdn/shop/files/60519.mp3?v=8783694403103856191
Lipa Schmeltzer & Hershy Langsam Production July 14 '22 Posen		lipa-schmeltzer-hershy-langsam-production-july-14-22-posen	https://mostlymusic.com/cdn/shop/files/58825.mp3?v=12596887394535589010
Nemouel - Chalom (Single)		nemouel-chalom-single	https://mostlymusic.com/cdn/shop/files/2323759.mp3?v=17973698341207919907
Alex Clare & Matisyahu - Spread Light (Single)		alex-clare-matisyahu-spread-light-single	https://mostlymusic.com/cdn/shop/files/63187.mp3?v=17170500459245957665
Mendel Roth - Veshavu Banim (Single)		mendel-roth-veshavu-banim-single	https://mostlymusic.com/cdn/shop/files/61776.mp3?v=9652183752389892408
Eli Schwebel - Shashuai single		eli-schwebel-shashuai-single	https://mostlymusic.com/cdn/shop/files/46666.mp3?v=2473012931707269024
Shloime Meisler, Menagen Choir & Meilech Halpern Production March 22 '23		shloime-meisler-menagen-choir-meilech-halpern-production-march-22-23	https://mostlymusic.com/cdn/shop/files/60517.mp3?v=5783546832607104763
Ahrele Samet ft. Chaim Pollack - הייליגע מינוטן #4 (Single)		ahrele-samet-ft-chaim-pollack-4-single	https://mostlymusic.com/cdn/shop/files/65061.mp3?v=6043351232448303504
Akiva Turgeman - Besha Achat (Single)		akiva-turgeman-besha-achat-single	https://mostlymusic.com/cdn/shop/files/58823.mp3?v=719484549280699654
Yehonatan Mizrachi - Toda Al Hakol [Cover] (Single)		yehonatan-mizrachi-toda-al-hakol-cover-single	https://mostlymusic.com/cdn/shop/files/60516.mp3?v=8106927386555446885
Avi Ilson - Hakol Yaavor (Single)		avi-ilson-hakol-yaavor-single	https://mostlymusic.com/cdn/shop/files/61766.mp3?v=17731609197529785141
Hillel Gross - Malachim Cover from Haim Yisrael (Single)		hillel-malachim-single	https://mostlymusic.com/cdn/shop/files/2323758.mp3?v=8656512711444795624
Shmulik Sukkot, Bentzi Stein & Yoeli Dikman - Avarti Bachoshech [Live] (Single)		shmulik-sukkot-bentzi-stein-yoeli-dikman-avarti-bachoshech-live-single	https://mostlymusic.com/cdn/shop/files/63186.mp3?v=5056893931755443005
Yoeli Klein, Shaya Gross, Shmili Hominer & Motti Wiesel - V'chol Maminim (Single)		yoeli-klein-shaya-gross-shmili-hominer-motti-wiesel-vchol-maminim-single	https://mostlymusic.com/cdn/shop/files/65060.mp3?v=10841482911970194437
Shulem Brenholtz - Am Segula (Single)		shulem-brenholtz-am-segula-single	https://mostlymusic.com/cdn/shop/files/2323757.mp3?v=11129679364901877047
Suscher Guttman & Shimon Moskowitz Production July 13 '22 Warfmam		suscher-guttman-shimon-moskowitz-production-july-13-22-warfmam	https://mostlymusic.com/cdn/shop/files/58822.mp3?v=14760782692945718996
Yakov Rothblatt & Yedidim International Choir - Mi Haish (Single)		yakov-rothblatt-yedidim-international-choir-mi-haish-single	https://mostlymusic.com/cdn/shop/files/57757.mp3?v=15067099613714729140
Yanky Daskal - Nafshi  (Single)		yanky-daskal-nafshi-single	https://mostlymusic.com/cdn/shop/files/57758.mp3?v=16540824674220692214
Dovid Moskovits - Adon Olam		dovid-moskovits-adon-olam	https://mostlymusic.com/cdn/shop/files/45971.mp3?v=6873157746088943822
Beri Weber & Shimmy Levy Production July 11 '22 Elenbogen		beri-weber-shimmy-levy-production-july-11-22-elenbogen	https://mostlymusic.com/cdn/shop/files/58821.mp3?v=9773973020982274326
Zeh Hazman (Single)		zeh-hazman-single	https://mostlymusic.com/cdn/shop/files/2323756.mp3?v=742614375683580491
Joey Newcomb - Pnimius Hatorah (Single)		joey-newcomb-pnimius-hatorah-single	https://mostlymusic.com/cdn/shop/files/65059.mp3?v=156487216165664748
Yanky Hill - Pashut Lichyot (Single)		yanky-hill-pashut-lichyot-single	https://mostlymusic.com/cdn/shop/files/63184.mp3?v=5380666203126114218
Yaakov Shwekey - Lo Yaavod [Cover] (Single)		yaakov-shwekey-lo-yaavod-cover-single	https://mostlymusic.com/cdn/shop/files/57756.mp3?v=14432445626076341574
David Simcha - Hen Gualti Single		david-simcha-hen-gualti-single	https://mostlymusic.com/cdn/shop/files/47782.mp3?v=4677188148248967379
Zrilly Werzberger - Melech (Single)		zrilly-werzberger-melech-single	https://mostlymusic.com/cdn/shop/files/65058.mp3?v=17680932615556344836
Yehuda Shama - Or Chadash (Single)		yehuda-shama-or-chadash-single	https://mostlymusic.com/cdn/shop/files/63185.mp3?v=13074051289816276554
Choni Grunblatt - Lecha Anu Shirah		choni-grunblatt-lecha-anu-shirah	https://mostlymusic.com/cdn/shop/files/46668.mp3?v=15206823684266679693
Yeedle Davidovich - Nekudah Tova (Single)		yeedle-davidovich-nekudah-tova-single	https://mostlymusic.com/cdn/shop/files/61773.mp3?v=6568052955051406797
Eli Seidenfeld - The Acheinu Medley (Single)		eli-seidenfeld-the-acheinu-medley-single	https://mostlymusic.com/cdn/shop/files/61767.mp3?v=8744050912448825449
Eliyahu Perets - Hakol Zeh Ata (Single)		eliyahu-perets-hakol-zeh-ata-single	https://mostlymusic.com/cdn/shop/files/60515.mp3?v=4362878924224443912
Chaim Green - Hatzoles Hadoires		chaim-green-hatzoles-hadoires	https://mostlymusic.com/cdn/shop/files/46598.mp3?v=17839832464053425927
Nerya Angel - Layehudim (Single)		nerya-angel-layehudim-single	https://mostlymusic.com/cdn/shop/files/57755.mp3?v=15653861419098899747
Yoel & Chmouel Elharar - Ale Tefilati (Single)		yoel-chmouel-elharar-ale-tefilati-single	https://mostlymusic.com/cdn/shop/files/60514.mp3?v=4747660934604308486
Yoni Shlomo - Tidbak (Single)		yoni-shlomo-tidbak-single	https://mostlymusic.com/cdn/shop/files/61774.mp3?v=5251543104823117730
Yoeli Brizel - Layehudim (Single)		yoeli-brizel-layehudim-single	https://mostlymusic.com/cdn/shop/files/57754.mp3?v=2018357979072414771
Yoel & Chmouel Elharar - Bayim Lahiloula (Single)		yoel-chmouel-elharar-bayim-lahiloula-single	https://mostlymusic.com/cdn/shop/files/60513.mp3?v=3369385172686133267
Yisburach Shimcha - Avrum Shlomo Friedman ft. Bentzy Weberman (Single)		yisburach-shimcha-avrum-shlomo-friedman-ft-bentzy-webermansingle	https://mostlymusic.com/cdn/shop/files/2323755.mp3?v=3983087899558488480
Moshe Klein - Shir Pashut (Single)		moshe-klein-shir-pashut-single	https://mostlymusic.com/cdn/shop/files/2323754.mp3?v=5133851223628139084
Shauli  - Hashiveinu (Single)		shauli-hashiveinu-single	https://mostlymusic.com/cdn/shop/files/58809.mp3?v=15986568122856941770
Nissim Black - Speed Dial (Single)		nissim-black-speed-dial-single	https://mostlymusic.com/cdn/shop/files/63183.mp3?v=11175156340706956050
Beri Weber - Aheim		beri-weber-aheim	https://mostlymusic.com/cdn/shop/files/37265.mp3?v=3479967300403823360
Chaim Avital - Yesh Chatuna Halaila [Remix] (Single)		chaim-avital-yesh-chatuna-halaila-remix-single	https://mostlymusic.com/cdn/shop/files/63180.mp3?v=8572369591126669257
Yitzy Waldner & Shloime Taussig - Tateh Shomeia (Single)		yitzy-waldner-shloime-taussig-tateh-shomeia-single	https://mostlymusic.com/cdn/shop/files/65057.mp3?v=14068573292748945701
Rafi Adler - Ani Maamin (Single)		rafi-adler-ani-maamin-single	https://mostlymusic.com/cdn/shop/files/61771.mp3?v=13897593136363375690
Benny Friedman, Yisroel Werdyger, Yitzy Spinner - Chasoif Single		benny-friedman-yisroel-werdyger-yitzy-spinner-chasoif-single	https://mostlymusic.com/cdn/shop/files/36239.mp3?v=7704160594453056422
Chaim Shlomo Mayesz - Ana Bekoach (Single)		chaim-shlomo-mayesz-ana-bekoach-single	https://mostlymusic.com/cdn/shop/files/65055.mp3?v=867099691176924363
Bentzi Stein - Toras Emes (Single)		bentzi-stein-toras-emes-single	https://mostlymusic.com/cdn/shop/files/58808.mp3?v=13786661189016746178
Avremi Roth - Leshana Tova (Single)		avremi-roth-leshana-tova-single	https://mostlymusic.com/cdn/shop/files/58807.mp3?v=13801987548550675701
Chaim Shlomo Mayesz - Ich Bin Git (Single)		chaim-shlomo-mayesz-ich-bin-git-single	https://mostlymusic.com/cdn/shop/files/57752.mp3?v=6485908181813127864
Shuli Rand & Amir Benayoun - K'sheanachnu Menagnim (Single)		shuli-rand-amir-benayoun-ksheanachnu-menagnim-single	https://mostlymusic.com/cdn/shop/files/57753.mp3?v=10729680199651682421
Ari Fraser & Yossi Bayles - Aderabe (Single)		ari-fraser-yossi-bayles-aderabe-single	https://mostlymusic.com/cdn/shop/files/60512.mp3?v=17839747930305951383
Baruch Naftel & Caudio - Emes 2.0		baruch-naftel-caudio-emes-2-0	https://mostlymusic.com/cdn/shop/files/2323751.mp3?v=13748973799372044424
Oshi Bloom, Seth Maza & Daniel Watman - Ana Hashem [Cover] (Single)		oshi-bloom-seth-maza-daniel-watman-ana-hashem-cover-single	https://mostlymusic.com/cdn/shop/files/60511.mp3?v=1186173559832022221
Aharon Abargil - Mitpallalim ‎Shetachzaru (Single)		aharon-abargil-mitpallalim-shetachzaru-single	https://mostlymusic.com/cdn/shop/files/61765.mp3?v=11369735926561193877
Duvid Berger ft. Shabse Mordechai Teichman & Shira Choir - Hayoim Haras Olam (Single)		duvid-berge-hayoim-haras-olam-single	https://mostlymusic.com/cdn/shop/files/65021.mp3?v=12169841623562011208
Yoni Shlomo & Chaim Altman - Hakol Over (Single)		yoni-shlomo-chaim-altman-hakol-over-single	https://mostlymusic.com/cdn/shop/files/63181.mp3?v=16044731511415946960
Avi Begun - Dayenu single		avi-begun-dayenu-single	https://mostlymusic.com/cdn/shop/files/45973.mp3?v=17538712080060805356
Mesivta Tiferes Yisroel - Bring Us Closer (Single)		mesivta-tiferes-yisroel-bring-us-closer-single	https://mostlymusic.com/cdn/shop/files/58779.mp3?v=4844507653900148940
Berel Honig ft. Eli Marcus - Mi Bon Siach (Single)		yitzchok-honig-mi-bon-siach-single	https://mostlymusic.com/cdn/shop/files/2323748.mp3?v=2721128225814164609
Tal Vaknin - Jewish Hits Medley (Single)		tal-vaknin-jewish-hits-medley-single	https://mostlymusic.com/cdn/shop/files/60510.mp3?v=10859508897390173869
Mendy Miller - Hamechakim (Single)		mendy-miller-hamechakim-single	https://mostlymusic.com/cdn/shop/files/57751.mp3?v=7838691391803922456
Eliya Dery - BeShir Chadash (Single)		eliya-dery-beshir-chadash-single	https://mostlymusic.com/cdn/shop/files/61768.mp3?v=9791063504798233311
Chilly Wagschal - Pure (Single)		chilly-wagschal-pure-single	https://mostlymusic.com/cdn/shop/files/63182.mp3?v=18050565261475887215
Eliezer Auerbach - Hayom Kotzer		eliezer-auerbach-hayom-kotzer	https://mostlymusic.com/cdn/shop/files/49112.mp3?v=10442368960872675702
Eliya Deri - Hakol Zeh Mishamayim (Single)		eliya-deri-hakol-zeh-mishamayim-single	https://mostlymusic.com/cdn/shop/files/63178.mp3?v=7756802097516501945
Motty Atias, Shaya Gross & Ari Samet - Chamisha Kolos (Single)		motty-atias-shaya-gross-ari-samet-chamisha-kolos-single	https://mostlymusic.com/cdn/shop/files/61770.mp3?v=15449174945272260941
Kalmey Schwartz & Motty Breier June 30 '22 Silber		kalmey-schwartz-motty-breier-june-30-22-silber	https://mostlymusic.com/cdn/shop/files/58777.mp3?v=18367667693884763951
Harmonica - Middle East Vol. 2 (EP)		harmonica-middle-east-vol-2-ep	https://mostlymusic.com/cdn/shop/files/65013.mp3?v=932075430956143542
Harmonica - Middle East Vol. 2 (EP)		harmonica-middle-east-vol-2-ep	https://mostlymusic.com/cdn/shop/files/65014.mp3?v=2635365631043922877
Harmonica - Middle East Vol. 2 (EP)		harmonica-middle-east-vol-2-ep	https://mostlymusic.com/cdn/shop/files/65015.mp3?v=17264570370445332415
Harmonica - Middle East Vol. 2 (EP)		harmonica-middle-east-vol-2-ep	https://mostlymusic.com/cdn/shop/files/65016.mp3?v=1953006675684304303
Shneor Lerer & Dor Assaraf - Ani Maamin [Instrumental Cover] (Single)		shneor-lerer-dor-assaraf-ani-maamin-instrumental-cover-single	https://mostlymusic.com/cdn/shop/files/60509.mp3?v=126844607398877881
Sandy Shmuely - Echad (Single)		sandy-shmuely-echad-single	https://mostlymusic.com/cdn/shop/files/57750.mp3?v=14796364399681875387
Levy Falkowitz & Meilech Braunstein - Veyeida (Single)		levy-falkowitz-meilech-braunstein-veyeida-single	https://mostlymusic.com/cdn/shop/files/65020.mp3?v=9552058125761125915
Eitan Katz - Shloime Balsam - Hisoreri (Single)		hisoreri-single	https://mostlymusic.com/cdn/shop/files/2323736.mp3?v=6857990693151835016
Birchas Kohanim (Single)		birchas-kohanim-single	https://mostlymusic.com/cdn/shop/files/2323746.mp3?v=5414551761608983262
Eliezer Auerbach - Ani Omel		eliezer-auerbach-ani-omel	https://mostlymusic.com/cdn/shop/files/49625.mp3?v=2026863446349703411
Chaim Blumenfeld & Yoely Fischer Production July 6 '22 Stern		chaim-blumenfeld-yoely-fischer-production-july-6-22-stern	https://mostlymusic.com/cdn/shop/files/58778.mp3?v=2130217662251584080
Moshe Klein - Tachzor Habaita (Single)		moshe-klein-tachzor-habaita-single	https://mostlymusic.com/cdn/shop/files/61769.mp3?v=14609788703892167082
Suscher Guttman, The Shira Choir & Motty Breier Production June 29 '22 Sacks		suscher-guttman-the-shira-choir-motty-breier-production-june-29-22-sacks	https://mostlymusic.com/cdn/shop/files/58776.mp3?v=12539340770594368502
Avrumi Berko - Dream One [Instrumental] (Single)		avrumi-berko-dream-one-instrumental-single	https://mostlymusic.com/cdn/shop/files/60508.mp3?v=16798468905581453854
Dovid Pearlman - Afraid Of Flying (Single)		dovid-pearlman-afraid-of-flying-single	https://mostlymusic.com/cdn/shop/files/57749.mp3?v=4961353487218323245
Shmuly Schneider - Chasoif - We need your light (Single)		shmuly-schneider-chasoif-we-need-your-light-single	https://mostlymusic.com/cdn/shop/files/2323738.mp3?v=5284843033165312376
Eli Beer - Ve'yiyu Rachamechu		eli-beer-veyiyu-rachamechu	https://mostlymusic.com/cdn/shop/files/45970.mp3?v=15138420731590509525
Aaron Razel & Aviel Sultan - Kazeh Hayita (Single)		aaron-razel-aviel-sultan-kazeh-hayita-single	https://mostlymusic.com/cdn/shop/files/63175.mp3?v=7532384039982897756
Shmulik Sukkot & Bentzi Stein - Emes (Single)		shmulik-sukkot-bentzi-stein-emes-single	https://mostlymusic.com/cdn/shop/files/65019.mp3?v=16244306421474650740
Pinchas Bichler & Malchus Choir - Shivisi (Single)		pinchas-bichler-malchus-choir-shivisi-single	https://mostlymusic.com/cdn/shop/files/63176.mp3?v=4606601748223873215
Yossi Fried - Ich Bin A Held (Single)		yossi-fried-ich-bin-a-held-single	https://mostlymusic.com/cdn/shop/files/61775.mp3?v=6813454432654753001
Bonei Olam V'zakeini - Benny Friedman and Baruch Levine - Hold on Tight (Single)		benny-friedman-and-baruch-levine-vzakeini-single	https://mostlymusic.com/cdn/shop/files/57746.mp3?v=14538552838269278762
Yonatan Razel - Hinei Yamim Baim [Cover] (Single)		yonatan-razel-hinei-yamim-baim-cover-single	https://mostlymusic.com/cdn/shop/files/58775.mp3?v=2184307442176557390
Sholom Rabin - V'Liyerushalayim (Single)		sholom-rabin-vliyerushalayim-single	https://mostlymusic.com/cdn/shop/files/2323724.mp3?v=11770537102292914805
Chaim Meir Erps - Kesher Shel Kayumeh (Single)		chaim-meir-erps-kesher-shel-kayumeh-single	https://mostlymusic.com/cdn/shop/files/61764.mp3?v=7441550536178260046
DJ Raidz - A Song for Israel		dj-raidz-a-song-for-israel	https://mostlymusic.com/cdn/shop/files/39434.mp3?v=16504078464649052934
Yossi Goldman, Shea Berko & Yedidim Choir - Gepoilt Ales Gits! [Dance Track] (Single)		yossi-goldman-shea-berko-yedidim-choir-gepoilt-ales-gits-dance-track-single	https://mostlymusic.com/cdn/shop/files/65018.mp3?v=12853232240835584096
Shmueli Ungar, Yedidim Choir & Avrumi Berko Production Apr. 20 '23		shmueli-ungar-yedidim-choir-avrumi-berko-production-apr-20-23	https://mostlymusic.com/cdn/shop/files/60496.mp3?v=14614359695877322527
Mordy Aisenstark - Layehudim (Single)		mordy-aisenstark-layehudim-single	https://mostlymusic.com/cdn/shop/files/57745.mp3?v=13536833476874535269
Shmuel Harari - Shchina Beinenu (Single)		shmuel-harari-shchina-beinenu-single	https://mostlymusic.com/cdn/shop/files/58774.mp3?v=3726866929201109692
Ari Hill & Aviel Graucher - Rak Beyachad (Single)		ari-hill-aviel-graucher-rak-beyachad-single	https://mostlymusic.com/cdn/shop/files/63170.mp3?v=5229291538577070486
Shea Berko & Avrumi Berko Production Apr. 19 '23		shea-berko-avrumi-berko-production-apr-19-23	https://mostlymusic.com/cdn/shop/files/60495.mp3?v=3767788717934252606
David Simcha - Ani Maamin		david-simcha-ani-maamin	https://mostlymusic.com/cdn/shop/files/49054.mp3?v=14966613937822171055
Shuli Rand - Gam Ki Elech (Single)		shuli-rand-gam-ki-elech-single	https://mostlymusic.com/cdn/shop/files/61763.mp3?v=14247503017511279727
Nossin Schwartzberg - Tov Li (Single)		nossin-schwartzberg-tov-li-single	https://mostlymusic.com/cdn/shop/files/2323720.mp3?v=11490632658503844519
Duvid Frank & Nasan Duvid Ettinger - Der Glater Bulgar Klezmer (Single)		duvid-frank-nasan-duvid-ettinger-der-glater-bulgar-klezmer-single	https://mostlymusic.com/cdn/shop/files/60493.mp3?v=13264455796111307889
Joey Newcomb - Thank You Hashem (Single)		joey-newcomb-thank-you-hashem-single	https://mostlymusic.com/cdn/shop/files/2323721.mp3?v=1953190593428262425
Chatzi Katz - Rachun Vechanun (Single)		chatzi-katz-rachun-vechanun-single	https://mostlymusic.com/cdn/shop/files/58773.mp3?v=13961113525426200292
AFIkoMAN - Ani Ledodi (Single)		afikoman-ani-ledodi-single	https://mostlymusic.com/cdn/shop/files/65017.mp3?v=933438098136216455
Pinny Ostreicher - Kacha Menatzchim (Single)		pinny-ostreicher-kacha-menatzchim-single	https://mostlymusic.com/cdn/shop/files/61762.mp3?v=615890546621916552
David Landesman & Shimshon Yehoshua - Eliyahu Hanavi		david-landesman-shimshon-yehoshua-eliyahu-hanavi	https://mostlymusic.com/cdn/shop/files/47012.mp3?v=15511928725667042855
Yaakov Rosenblum - Ki Tov (Single)		yaakov-rosenblum-ki-tov-single	https://mostlymusic.com/cdn/shop/files/63174.mp3?v=9850971420095418172
8th Day & Eli Marcus - The Gift Of Life (Single)		8th-day-eli-marcus-the-gift-of-life-single	https://mostlymusic.com/cdn/shop/files/2323718.mp3?v=8771450513310852428
DJ Sol - Osin Tshuva Remix		dj-sol-osin-tshuva-remix	https://mostlymusic.com/cdn/shop/files/99961.mp3?v=16561953119877208791
Uri Altboum & Friends - Rabbi Shimon (Single)		uri-altboum-friends-rabbi-shimon-single	https://mostlymusic.com/cdn/shop/files/60492.mp3?v=10347988967472823740
Yechiel Fligman - Habein Yakir Li (Single)		yechiel-fligman-habein-yakir-li-single	https://mostlymusic.com/cdn/shop/files/58772.mp3?v=3224606196553292748
Choni Grunblatt - Od Yavo Hayom - Single		choni-grunblatt-od-yavo-hayom	https://mostlymusic.com/cdn/shop/files/49100.mp3?v=8464308050390816344
Yiddy Moskowitz - Chusson [Medley] (Single)		yiddy-moskowitz-chusson-medley-single	https://mostlymusic.com/cdn/shop/files/65012.mp3?v=7391526652151005039
Shloime Katzanelbogen - Vesim Chelkeinu (Single)		shloime-katzanelbogen-vesim-chelkeinu-single	https://mostlymusic.com/cdn/shop/files/57721.mp3?v=15095110449896709540
Shmuel Honig & David Taub - Shomer Yisroel (Single)		shmuel-honig-david-taub-shomer-yisroel-single	https://mostlymusic.com/cdn/shop/files/63173.mp3?v=8905935732438427036
Motty Goldman & Shloime Bernstein  - Ein K'elokeinu [Cover] (Single)		motty-goldman-shloime-bernstein-ein-kelokeinu-cover-single	https://mostlymusic.com/cdn/shop/files/63172.mp3?v=13865508561244683934
Zalman Pollack - Am Hanetzach (Single)		zalman-pollack-am-hanetzach-single	https://mostlymusic.com/cdn/shop/files/61759.mp3?v=11592322718983099573
Motty Steinmetz  - Umiskadeish (Single)		motty-steinmetz-umiskadeish-single	https://mostlymusic.com/cdn/shop/files/57720.mp3?v=17487204485034129745
Hanan Ben Ari - Atalef Iver (Single)		hanan-ben-ari-atalef-iver-single	https://mostlymusic.com/cdn/shop/files/60490.mp3?v=12806423070072892414
Sruly Altman & MEZ Production June 27 '22 Kahan		sruly-altman-mez-production-june-27-22-kahan	https://mostlymusic.com/cdn/shop/files/58768.mp3?v=16978964362932334498
Shuki Salomon ft. Nissim Black - Shir Hachatunot [Remixed By DJ Yossi Azulay] (Single)		shuki-salomon-ft-nissim-black-shir-hachatunot-remixed-by-dj-yossi-azulay-single	https://mostlymusic.com/cdn/shop/files/60489.mp3?v=11229093641572399092
Sruly Green, Motti Weisel & Shaya Gross - Vee Bistee (Single)		sruly-green-motti-weisel-shaya-gross-vee-bistee-single	https://mostlymusic.com/cdn/shop/files/61758.mp3?v=4212932335159365576
Shmueli Ungar - Tata Mama (Single)		shmueli-ungar-tata-mama-single	https://mostlymusic.com/cdn/shop/files/57719.mp3?v=421724909554222917
Mendy J - Echad (Single)		mendy-j-echad-single	https://mostlymusic.com/cdn/shop/files/63171.mp3?v=12219841916894686817
Chaim Gold - Veohavscha		chaim-gold-veohavscha	https://mostlymusic.com/cdn/shop/files/49346.mp3?v=15456681409067778668
Yidi Bialostozky & Hershy Langsam Production June 23 '22 Orthner		yidi-bialostozky-hershy-langsam-production-june-23-22-orthner	https://mostlymusic.com/cdn/shop/files/58767.mp3?v=14481961900420088069
Alex Clare - Father (Single)		alex-clare-father-single	https://mostlymusic.com/cdn/shop/files/65011.mp3?v=843764853359986117
Shauly Waldner - Strong (Single)		shauly-waldner-strong-single	https://mostlymusic.com/cdn/shop/files/2323717.mp3?v=16097434643957992618
Avraham Fried - Chesed (Single)		avraham-fried-chessed-single	https://mostlymusic.com/cdn/shop/files/2323716.mp3?v=17063455604396586851
Aviad - Rak Od Ktzat (Single)		aviad-rak-od-ktzat-single	https://mostlymusic.com/cdn/shop/files/57718.mp3?v=18100533023172149508
Ari Hill - Shaarei D'maot (Single)		ari-hill-shaarei-dmaot-single	https://mostlymusic.com/cdn/shop/files/65010.mp3?v=9385660584829553659
Levy Falkowitz & Avrumi Berko Production June 22 '22		levy-falkowitz-avrumi-berko-production-june-22-22	https://mostlymusic.com/cdn/shop/files/58766.mp3?v=2110832882911293909
DJ Farbreng ft. Lazer & Moshe Storch + Pinchas Deutch & Nekuda Tova - Hatzileini (Single)		dj-farbreng-ft-lazer-moshe-storch-pinchas-deutch-nekuda-tova-hatzileini-single	https://mostlymusic.com/cdn/shop/files/61757.mp3?v=1324772709133433627
Brad Wallace - Be True		brad-wallace-be-true	https://mostlymusic.com/cdn/shop/files/40520.mp3?v=7668063775006768450
Shmueli Ungar & Ohad - Bar Ilui (Single)		shmueli-ungar-ohad-bar-ilui-single	https://mostlymusic.com/cdn/shop/files/2323714.mp3?v=8387686392837417800
Naftali Kempeh - Korveini [Remixed By DJE Productions] (Single)		naftali-kempeh-korveini-remixed-by-dje-productions-single	https://mostlymusic.com/cdn/shop/files/60487.mp3?v=13172197773991164758
Shia Heshel Scharf - Kedei R' Shimon (Single)		shia-heshel-scharf-kedei-r-shimon-single	https://mostlymusic.com/cdn/shop/files/60488.mp3?v=4201517443921495017
Avishay Yafe – Basof Hevanti (Single)		avishay-yafe-basof-hevanti-single	https://mostlymusic.com/cdn/shop/files/63169.mp3?v=9097151267087327577
Hanan Ben Ari - Achi (Single)		hanan-ben-ari-achi-single	https://mostlymusic.com/cdn/shop/files/65009.mp3?v=8215197195074968577
Yisroel Werdyger & Yoely Fischer June 22 '22		yisroel-werdyger-yoely-fischer-june-22-22	https://mostlymusic.com/cdn/shop/files/58765.mp3?v=6098177733684260053
Benny Laufer & Shloimy Weilman - Achas Sha'alti (Single)		benny-laufer-shloimy-weizelman-achas-shaalti-single	https://mostlymusic.com/cdn/shop/files/2323713.mp3?v=14060901467803354438
Naftali Kempeh - Ani Maamin (Single)		naftali-kempeh-ani-maamin-single	https://mostlymusic.com/cdn/shop/files/61756.mp3?v=13105594170463473206
Yehuda Shama - Matai Hu Yagia (Single)		yehuda-shama-matai-hu-yagia-single	https://mostlymusic.com/cdn/shop/files/57717.mp3?v=8347423402300377552
Camp Shalva Choir - Koili Shema		camp-shalva-choir-koili-shema	https://mostlymusic.com/cdn/shop/files/49229.mp3?v=2844150476716869714
8th Day – Invisible Diamonds (Single)		8th-day-invisible-diamonds-single	https://mostlymusic.com/cdn/shop/files/63168.mp3?v=1183735161652926017
Mendy Weiss - Hineni (Single)		mendy-weiss-hineni-single	https://mostlymusic.com/cdn/shop/files/65008.mp3?v=13237147599034322646
Binyomin Moshe - Romemu		binyomin-moshe-romemu	https://mostlymusic.com/cdn/shop/files/40521.mp3?v=8210389707504715880
Gavriel Shimonovich - Never Surrender (Single)		gavriel-shimonovich-never-surrender-single	https://mostlymusic.com/cdn/shop/files/63167.mp3?v=5563510188434966176
Shimi Yunayev & Freinds - Lag 2023 (Single)		shimi-yunayev-freinds-lag-2023-single	https://mostlymusic.com/cdn/shop/files/60486.mp3?v=10778739270364210699
Simcha Leiner - We Go On (Single)		simcha-leiner-we-go-on-single	https://mostlymusic.com/cdn/shop/files/2323712.mp3?v=14202171198205181007
Beyachad - Layehudim		beyachad-layehudim	https://mostlymusic.com/cdn/shop/files/48344.mp3?v=1311050348929885140
Moshe Dweck - Nofel VeKam (Single)		moshe-dweck-nofel-vekam-single	https://mostlymusic.com/cdn/shop/files/61755.mp3?v=9754908741291038348
Beri Weber & Lipa Brach Production June 22 '22 Rutner		beri-weber-lipa-brach-production-june-22-22-rutner	https://mostlymusic.com/cdn/shop/files/58764.mp3?v=13671179266901670783
Meir Martin Widerker feat. Tzudik Greenwald - Ma Navu (Single)		meir-martin-widerker-feat-tzudik-greenwald-ma-navu-single	https://mostlymusic.com/cdn/shop/files/57716.mp3?v=7022181005320607777
DJ Kraz & Binyamin - In Your Eyes (Single)		dj-kraz-binyamin-in-your-eyes-single	https://mostlymusic.com/cdn/shop/files/60485.mp3?v=9283661112881227074
Bar Tzabari & Shuli Rand - Hamelech Basadeh (Single)		bar-tzabari-shuli-rand-hamelech-basadeh-single	https://mostlymusic.com/cdn/shop/files/64976.mp3?v=3533056686814057950
Simcha Jacoby - Ner Dolek (Single)		simcha-jacoby-ner-dolek-single	https://mostlymusic.com/cdn/shop/files/61754.mp3?v=13848501222792960877
Duvie Shapiro - This Is My Home (Single)		duvie-shapiro-this-is-my-home-single	https://mostlymusic.com/cdn/shop/files/2323711.mp3?v=6520468438982020716
Bentzy Weberman & Yoely Fischer June 21 '22 Moskowitz		bentzy-weberman-yoely-fischer-june-21-22-moskowitz	https://mostlymusic.com/cdn/shop/files/58763.mp3?v=6095953527117744290
Bentzi Marcus and Dovid Dachs - Yedid Nefesh		bentzi-marcus-and-dovid-dachs-yedid-nefesh	https://mostlymusic.com/cdn/shop/files/44125.mp3?v=6976060807388504628
Yosef Kugler - Gomel Alai (Single)		yosef-kugler-gomel-alai-single	https://mostlymusic.com/cdn/shop/files/57715.mp3?v=17716096732751387081
Moishi Bondo, Yoeli Davidovitz & Neshama Choir - Lichvod Hechatan [Medley] (Single)		moishi-bondo-yoeli-davidovitz-neshama-choir-lichvod-hechatan-medley-single	https://mostlymusic.com/cdn/shop/files/61753.mp3?v=10802051781996259624
Yossi Glanz - A Simen (Single)		yossi-glanz-a-simen-single	https://mostlymusic.com/cdn/shop/files/57714.mp3?v=926235116493791539
Nussi Rubin - Sheal Mimeni (Single)		nussi-rubin-sheal-mimeni-single	https://mostlymusic.com/cdn/shop/files/63165.mp3?v=7066836033822170069
Avraham Fried & Yossi Fried - Der Pastech (Single)		yossi-fried-avraham-fried-der-pastech-single	https://mostlymusic.com/cdn/shop/files/64975.mp3?v=9656600518281647031
Yehuda Shama Ft. Itzik Dadya - Elul (Single)		yehuda-shama-ft-itzik-dadya-elul-single	https://mostlymusic.com/cdn/shop/files/58762.mp3?v=8258015396622235898
DJ Farbreng ft. Mendy Worch - Can't Stop Won't Stop (Single)		dj-farbreng-ft-mendy-worch-cant-stop-wont-stop-single	https://mostlymusic.com/cdn/shop/files/63166.mp3?v=3173195267991030631
Freilach Band, Avrum Chaim Green - Mama Rochel (Single)		freilach-band-avrum-chaim-green-mama-rachel-single	https://mostlymusic.com/cdn/shop/files/2323710.mp3?v=5156056050940792234
Sruly Green - Beautiful People (Single)		sruly-green-beautiful-people-single	https://mostlymusic.com/cdn/shop/files/60481.mp3?v=17085407936122682714
Shimi Yunayev & Friends - Project Emunah & Nitzachon #1 [Medley] (Single)		shimi-yunayev-friends-project-emunah-nitzachon-1-medley-single	https://mostlymusic.com/cdn/shop/files/61738.mp3?v=14402826917154322021
Benny Friedman - Berachamim (feat. Ari Goldwag & Yitzy Spinner)		benny-friedman-berachamim	https://mostlymusic.com/cdn/shop/files/40236.mp3?v=7930649715590817705
Dj Farbreng Ft. Joey Newcomb - Lag BaOmer Upmix (Single)		dj-farbreng-ft-joey-newcomb-lag-baomer-upmix-single	https://mostlymusic.com/cdn/shop/files/60478.mp3?v=14005263191085679301
Eitan Cohen - Am Ha’netzach (Single)		eitan-cohen-am-ha-netzach-single	https://mostlymusic.com/cdn/shop/files/63163.mp3?v=9960131169304563606
Avrumy Dermer - The Levunah's Din Torah (Single)		avrumy-dermer-the-levunahs-din-torah-single	https://mostlymusic.com/cdn/shop/files/58761.mp3?v=1631365060170998104
Shea Berko, The Shira Choir, Avrumi Berko Production - Jan. 17 '22 Unsdorfer (Wedding)		shea-berko-the-shira-choir-avrumi-berko-production-jan-17-22-unsdorfer-wedding	https://mostlymusic.com/cdn/shop/files/57676.mp3?v=652114882253406934
Danny Palgon - Barchu (Single)		danny-palgon-barchu-single	https://mostlymusic.com/cdn/shop/files/64974.mp3?v=2583022767397824631
Aviel Graucher - Ani Motzdia Lecha (Single)		aviel-graucher-ani-motzdia-lecha-single	https://mostlymusic.com/cdn/shop/files/61737.mp3?v=10553079986713405542
Benny Friedman - Light One Candle		benny-friedman-light-one-candle	https://mostlymusic.com/cdn/shop/files/49582.mp3?v=2116629857699147554
Nigunei Satmar - Shalom Avdo - FREE Single		nigunei-satmar-shalom-avdo-free-single	https://mostlymusic.com/cdn/shop/files/2323709.mp3?v=9936539118482164106
Gad & Binyamin Elbaz - Birkat Hamazon (Single)		gad-binyamin-elbaz-birkat-hamazon-single	https://mostlymusic.com/cdn/shop/files/64973.mp3?v=7510121391369450343
Dylan Homapour - Mazal (Single)		dylan-homapour-mazal-single	https://mostlymusic.com/cdn/shop/files/63162.mp3?v=643368988548137671
Shaya Lexier - Tzaddikim (Single)		shaya-lexier-tzaddikim-single	https://mostlymusic.com/cdn/shop/files/60484.mp3?v=17126508165617790893
Suscher Guttman, Moshe Glick - Jan. 12 '22 Kohn (Wedding)		suscher-guttman-moshe-glick-jan-12-22-kohn-wedding	https://mostlymusic.com/cdn/shop/files/57675.mp3?v=17928591200948690292
Naftali Kempeh - Kehodata (Single)		naftali-kempeh-kehodata-single	https://mostlymusic.com/cdn/shop/files/64972.mp3?v=7887101806112830281
Chaim Yisrael - Adon Haselichot [Cover] (Single)		chaim-yisrael-adon-haselichot-cover-single	https://mostlymusic.com/cdn/shop/files/64971.mp3?v=14852266846734383230
Benny Amar - Mikdash Melech		benny-amar-mikdash-melech	https://mostlymusic.com/cdn/shop/files/33613.mp3?v=11450865251556402670
Feivel Greenberg - S'Zicher Git (Single)		feivel-greenberg-szicher-git-single	https://mostlymusic.com/cdn/shop/files/2323708.mp3?v=15943906588059813735
Nachmen Filmer - Lag Baomer Set 2023 (Single)		nachmen-filmer-lag-baomer-set-2023-single	https://mostlymusic.com/cdn/shop/files/60483.mp3?v=10136662348699320491
Harel Tal & Yeshivat Torat Hachaim - Oked V'haneekad (Single)		harel-tal-yeshivat-torat-hachaim-oked-vhaneekad-single	https://mostlymusic.com/cdn/shop/files/58760.mp3?v=2065458447536892308
Shimmy Eisdorfer - Am Yisrael Chai [Cover] (Single)		shimmy-eisdorfer-am-yisrael-chai-cover-single	https://mostlymusic.com/cdn/shop/files/63161.mp3?v=16348073845279863792
Yanky Hill, Shmulik Frank & Dudi Feldman - V'amech Kulam Tzadikim (Single)		yanky-hill-shmulik-frank-dudi-feldman-vamech-kulam-tzadikim-single	https://mostlymusic.com/cdn/shop/files/57696.mp3?v=4501759961514565815
Ruli Dikman - Salachti (Single)		ruli-dikman-salachti-single	https://mostlymusic.com/cdn/shop/files/58759.mp3?v=2619004695570011902
Avi Lerner - Hasimcha Techayecha (Single)		avi-lerner-hasimcha-techayecha-single	https://mostlymusic.com/cdn/shop/files/63160.mp3?v=12026385551053673414
Avremi Roth - Tefillah L’Shalom Of The IDF (Single)		avremi-roth-tefillah-l-shalom-of-the-idf-single	https://mostlymusic.com/cdn/shop/files/61736.mp3?v=9619688012687541448
Yosef Kugler & Yaakov Rosenblum - Keil Hakavod (Single)		yosef-kugler-yaakov-rosenblum-keil-hakavod-single	https://mostlymusic.com/cdn/shop/files/61735.mp3?v=5199620981126981096
Ari Klein - L'olam (Single)		ari-klein-lolam	https://mostlymusic.com/cdn/shop/files/2323707.mp3?v=101401873251652209
Baryo - Ivdu		baryo-ivdu	https://mostlymusic.com/cdn/shop/files/50107.mp3?v=17673628730330702118
Mona Rosenblum Ft. The Shira Choir - Rachamim Rabim (Single)		mona-rosenblum-ft-the-shira-choir-rachamim-rabim-single	https://mostlymusic.com/cdn/shop/files/60479.mp3?v=4704268059213378327
Nossin Schwartzberg feat. Baruch Naftel  - Vesamachta (Single)		nossin-schwartzberg-vesamachta	https://mostlymusic.com/cdn/shop/files/2323706.mp3?v=4671464354016468142
Eitan Katz - Nigun Rikud (Single)		eitan-katz-nigun-rikud-single	https://mostlymusic.com/cdn/shop/files/58758.mp3?v=6489110713498710813
Avremi Roth - Shir Shel Beis Hamikdash (Single)		avremi-roth-shir-shel-beis-hamikdash-single	https://mostlymusic.com/cdn/shop/files/57695.mp3?v=8511778946134404343
Baryo - Ki Hamalchus		baryo-ki-hamalchus	https://mostlymusic.com/cdn/shop/files/46169.mp3?v=716991542153065802
Simcha Leiner - Ki Atah Imadi (Single)		simcha-leiner-ki-atah-imadi-single	https://mostlymusic.com/cdn/shop/files/61734.mp3?v=11619908860335190810
Aharon Deutsch - Nagen Od Shir (Single)		aharon-deutsch-nagen-od-shir-single	https://mostlymusic.com/cdn/shop/files/57694.mp3?v=8571815618504378633
Davis Music - Harashbi (Single)		davis-music-harashbi-single	https://mostlymusic.com/cdn/shop/files/60477.mp3?v=13266665225290688651
Gesher ft. Naftali Schnitzler - Mazel Tov - Karlin [Cover] (Single)		gesher-ft-naftali-schnitzler-mazel-tov-karlin-cover-single	https://mostlymusic.com/cdn/shop/files/64970.mp3?v=11793989451202436334
Yisroel Werdyger - Moshcheini (Single)		yisroel-werdyger-moshcheini-single	https://mostlymusic.com/cdn/shop/files/2323700.mp3?v=5184503317178947726
Suscher Guttman & Zalmen Schnitzler June 19 '22		suscher-guttman-zalmen-schnitzler-june-19-22	https://mostlymusic.com/cdn/shop/files/58742.mp3?v=9089522809639374262
Moshe & Shaya Ilowitz - Bamarom (Single)		moshe-shaya-ilowitz-bamarom-single	https://mostlymusic.com/cdn/shop/files/61697.mp3?v=3396679084159714163
Avraham Oyahon - Teka		avraham-oyahon-teka	https://mostlymusic.com/cdn/shop/files/49238.mp3?v=468457456345845656
Aaron Razel - K'ben Hamitgagea (Single)		aaron-razel-kben-hamitgagea-single	https://mostlymusic.com/cdn/shop/files/58741.mp3?v=17551132327735706510
Shmolik Shindler - R' Shimon Lakol (Single)		shmolik-shindler-r-shimon-lakol-single	https://mostlymusic.com/cdn/shop/files/60480.mp3?v=8564149382894432490
Ahrele Samet, Mendy Weiss, Yissocher Gutman, Shloimy Askal, Yedidim International & Yingerlich Choir - Nigun Ashlag (Single)		ahrele-samet-mendy-weiss-yissocher-gutman-shloimy-askal-yedidim-international-yingerlich-choir-nigun-ashlag-single	https://mostlymusic.com/cdn/shop/files/63158.mp3?v=1692600714110622062
Ahrele Samet - V'erastich (Single)		ahrele-samet-verastich-single	https://mostlymusic.com/cdn/shop/files/63159.mp3?v=11780199948788941745
Pini Einhorn - Victory Track (Single)		pini-einhorn-victory-track-single	https://mostlymusic.com/cdn/shop/files/61696.mp3?v=12344010680649595686
Baruch Naftel - Dagul Mervava		baruch-naftel-dagul-mervava	https://mostlymusic.com/cdn/shop/files/2323666.mp3?v=7095597029043899803
Yossi Shick Label - B'Emes B'Ahava (Single)		yossi-shick-label-bemes-bahava-single	https://mostlymusic.com/cdn/shop/files/57691.mp3?v=13290841573203539672
Moishy Weiss Ft. Avrumi Balti - Behelila D'bar Yochai [Lag Baomer Medley] (Single)		moishy-weiss-ft-avrumi-balti-behelila-dbar-yochai-lag-baomer-medley-single	https://mostlymusic.com/cdn/shop/files/60451.mp3?v=13451338149712851776
Harmonica - Middle East Vol. 1 (EP)		harmonica-middle-east-vol-1-ep	https://mostlymusic.com/cdn/shop/files/64923.mp3?v=1792342802650187656
Harmonica - Middle East Vol. 1 (EP)		harmonica-middle-east-vol-1-ep	https://mostlymusic.com/cdn/shop/files/64924.mp3?v=10921531940047021875
Harmonica - Middle East Vol. 1 (EP)		harmonica-middle-east-vol-1-ep	https://mostlymusic.com/cdn/shop/files/64925.mp3?v=1797118154098440420
Sarel Sofer - Mehera Od Yishama (Single)		sarel-sofer-mehera-od-yishama-single	https://mostlymusic.com/cdn/shop/files/57692.mp3?v=9206818795886743366
Moishy Schwartz - Shtika (Single)		moishy-schwartz-shtika-single	https://mostlymusic.com/cdn/shop/files/64922.mp3?v=13447582931186952336
Avraham Ohayon - Halleluka		avraham-ohayon-halleluka	https://mostlymusic.com/cdn/shop/files/40537.mp3?v=8808566155745760705
Chaim Shlomo Mayesz - Kabed (Single)		chaim-shlomo-mayesz-kabed-single	https://mostlymusic.com/cdn/shop/files/63157.mp3?v=15987914685904327139
HBS - Tick Tock (Single)		hbs-tick-tock-single	https://mostlymusic.com/cdn/shop/files/64916.mp3?v=1518112100165498903
Shmaya Fischer & Boruch Yida Gross June 19 '22 Rosenfeld		shmaya-fischer-boruch-yida-gross-june-19-22-rosenfeld	https://mostlymusic.com/cdn/shop/files/58740.mp3?v=16714256771607852041
Ohalei Menachem Choir - Lag Baomer Medley (Single)		ohalei-menachem-choir-lag-baomer-medley-single	https://mostlymusic.com/cdn/shop/files/60452.mp3?v=16313278291693698124
David Ben Arza  – Rachamim (Single)		david-benarza-rachamim-single	https://mostlymusic.com/cdn/shop/files/63156.mp3?v=12078516697122593400
Avraham Ohayon - Aheinu		avraham-ohayon-aheinu	https://mostlymusic.com/cdn/shop/files/46311.mp3?v=16453662252182660245
Assaf Harush - Lo Mefached (Single)		assaf-harush-lo-mefached-single	https://mostlymusic.com/cdn/shop/files/61695.mp3?v=16502507427133472028
Yaakov Shwekey - L'David (Single)		yaakov-shwekey-ldavid-single	https://mostlymusic.com/cdn/shop/files/1232361.mp3?v=2523122415786848123
Aaron Meir - Baneshama (Single)		aaron-meir-baneshama-single	https://mostlymusic.com/cdn/shop/files/57690.mp3?v=4013185706586214161
Avraham Fried - I Believe in Miracles		avraham-fried-i-believe-in-miracles	https://mostlymusic.com/cdn/shop/files/38329.mp3?v=7339543687457740301
Noam Ramati - Berega Echad (Single)		noam-ramati-berega-echad-single	https://mostlymusic.com/cdn/shop/files/60453.mp3?v=6593416384796215631
Yisroel Werdyger, The Shira Choir & Shimmy Levy Production June 14 '22 Kagan		yisroel-werdyger-the-shira-choir-shimmy-levy-production-june-14-22-kagan	https://mostlymusic.com/cdn/shop/files/58739.mp3?v=9332166350542390633
Moshe Feld - Aremot Gaaguim (Single)		moshe-feld-aremot-gaaguim-single	https://mostlymusic.com/cdn/shop/files/61694.mp3?v=10627989100346630133
Nachman Goldberg – Chuppa Time [Medley] (Single)		nachman-goldberg-chuppa-time-medley-single	https://mostlymusic.com/cdn/shop/files/63154.mp3?v=6392353102161991066
Avraham Fried - Ototo (Single)		avraham-fried-ototo-single	https://mostlymusic.com/cdn/shop/files/2323605.mp3?v=13339507887682374636
Rabbi Yosi Lowenbraun - Hakol Yoducha (Single)		rabbi-yosi-lowenbraun-hakol-yoducha	https://mostlymusic.com/cdn/shop/files/2323606.mp3?v=13410851333782797778
Yoeli Klein Ft. Shaya Gross, Hershy Weinberger, Sruly Green, Moishy Schwartz & Chaim Horowitz - V'shachanti Besocham (Single)		yoely-klein-shaya-gross-hershy-weinberger-sruly-green-moishy-schwartz-chaim-horowitz-vshachanti-besocham-single	https://mostlymusic.com/cdn/shop/files/64912.mp3?v=16788830190767311935
Shlepping Nachas - Zum Gali Gali (Single)		shlepping-nachas-zum-gali-gali-single	https://mostlymusic.com/cdn/shop/files/64914.mp3?v=6910439006435006167
Haim Israel - Hitoreri (Single)		haim-israel-hitoreri-single	https://mostlymusic.com/cdn/shop/files/61693.mp3?v=17572159041702044736
Shmaya Fischer, Chesky Schwartz - Jan. 20 '22 Klein (Wedding)		shmaya-fischer-chesky-schwartz-jan-20-22-klein-wedding	https://mostlymusic.com/cdn/shop/files/57674.mp3?v=11536146901617717970
Yoni Jakubovic - Vihareinu (Single)		yoni-jakubovic-vihareinu-single	https://mostlymusic.com/cdn/shop/files/2323604.mp3?v=14248106326110084352
Eli Dachs – Adir (Single)		eli-dachs-adir-single	https://mostlymusic.com/cdn/shop/files/63153.mp3?v=2821187267372527748
Meir Mishali & Osher Aricha - Yitgadal Veyitkadash (Single)		meir-mishali-osher-aricha-yitgadal-veyitkadash-single	https://mostlymusic.com/cdn/shop/files/60454.mp3?v=16723854377021659743
Akiva Tolchin - Miracle Night		akiva-tolchin-miracle-night	https://mostlymusic.com/cdn/shop/files/49608.mp3?v=274009140167981402
Gadi Fuchs - Menucha (Single)		gadi-fuchs-menucha-single	https://mostlymusic.com/cdn/shop/files/60455.mp3?v=16293672850719955700
Yakov Yitzchok Weingarten, Avrumi Berko - Nov. 16 '21 Hirschfeld (Wedding)		yakov-yitzchok-weingarten-avrumi-berko-nov-16-21-hirschfeld-wedding	https://mostlymusic.com/cdn/shop/files/57673.mp3?v=18397877030138031552
Schneur - Heartbeat (Single)		schneur-heartbeat-single	https://mostlymusic.com/cdn/shop/files/61691.mp3?v=2448249119605714604
Yair David - Daka Shel Tov (Single)		yair-david-daka-shel-tov-single	https://mostlymusic.com/cdn/shop/files/58719.mp3?v=18248559613214343421
Tal Vaknin & Gad Elbaz - Bat Melech (Single)		tal-vaknin-gad-elbaz-bat-melech-single	https://mostlymusic.com/cdn/shop/files/58718.mp3?v=14138151984741644020
Cypora Perr - Like An Angel (Single)		cypora-perr-like-an-angle-single	https://mostlymusic.com/cdn/shop/files/2323603.mp3?v=11441262001281647413
Yaakov Goldberg ft. Mendel Goldstein – Daddy Come Home [Remix Cover] (Single)		yaakov-goldberg-ft-mendel-goldstein-daddy-come-home-remix-cover-single	https://mostlymusic.com/cdn/shop/files/63152.mp3?v=10494849119051966988
Avishai Eshel & Gad Elbaz - Tikvot (Single)		avishai-eshel-gad-elbaz-tikvot-single	https://mostlymusic.com/cdn/shop/files/64917.mp3?v=4145448843538201986
Aaron Holder - Chanukah Lights		aaron-holder-chanukah-lights	https://mostlymusic.com/cdn/shop/files/44371.mp3?v=12068269648988054846
Lipa Schmeltzer, The Shira Choir & Yossi Shtendig Production June 14 '22 Friedman		lipa-schmeltzer-the-shira-choir-yossi-shtendig-production-june-14-22-friedman	https://mostlymusic.com/cdn/shop/files/58738.mp3?v=2305152077484442883
Shloime Gertner - Ata Echad (Single)		shloime-gertner-ata-echad-single	https://mostlymusic.com/cdn/shop/files/63151.mp3?v=7907330780593012147
Eli Levin - Nechakeh Lecha [Acapella Cover] (Single)		eli-levin-nechakeh-lecha-acapella-cover-single	https://mostlymusic.com/cdn/shop/files/60450.mp3?v=7934839177939615480
Dudu Dery & Ami Maimon - Hakol Zeh Letova (Single)		dudu-dery-ami-maimon-hakol-zeh-letova-single	https://mostlymusic.com/cdn/shop/files/61689.mp3?v=10898077861009934504
Nachman Fuchs - Elef Paamim Ribono Shel Olam (Single)		nachman-fuchs-elef-paamim-ribono-shel-olam-single	https://mostlymusic.com/cdn/shop/files/58716.mp3?v=15653102580158429213
Eitan Katz & Baruch Levine - Achoseinu (Single)		eitan-katz-boruch-levine-achoseinu-single	https://mostlymusic.com/cdn/shop/files/2323598.mp3?v=1551314890749693625
Yanky Hill - Shabbat Sheli (Single)		yanky-hill-shabbat-sheli-single	https://mostlymusic.com/cdn/shop/files/64913.mp3?v=12443942560400029299
8th day - Ya'alili The Remix		8th-day-yaalili-the-remix	https://mostlymusic.com/cdn/shop/files/45722.mp3?v=12422866633598785658
Ahrele Samet, Shaya Lebron, The Shira Choir, Yeedle Kahan Plus - Dec. 21 '21 Rumpler  (Wedding)		ahrele-samet-shaya-lebron-the-shira-choir-yeedle-kahan-plus-dec-21-21-rumpler-wedding	https://mostlymusic.com/cdn/shop/files/57672.mp3?v=9972732377413860958
Levy Falkowitz - Mitzvah [Live] (Single)		levy-falkowitz-mitzvah-live-single	https://mostlymusic.com/cdn/shop/files/64915.mp3?v=9687277448476322593
Avraham Fried - Hu Yivneh Bayis Lishmi		avraham-fried-hu-yivneh-bayis-lishmi	https://mostlymusic.com/cdn/shop/files/40049.mp3?v=3632756137871917841
Nemouel - Nitzotz Shel Emunah (Single)		nemouel-nitzotz-shel-emunah-single	https://mostlymusic.com/cdn/shop/files/61688.mp3?v=12055895539099985447
Chaim Waldman - Chaim Shel Shabbos [Medley] (Single)		chaim-waldman-chaim-shel-shabbos-medley-single	https://mostlymusic.com/cdn/shop/files/63150.mp3?v=9070987202999954326
Mendy Werdyger - Karev Yom (Acapella Single)		mendy-werdyger-kareiv-yom-acapella-single	https://mostlymusic.com/cdn/shop/files/2323596.mp3?v=11822144656371834606
Bentzion Weberman, The Shira Choir Lipa Brach Production  - Jan. 12 '22 Kaufman  (Wedding)		bentzion-weberman-the-shira-choir-lipa-brach-production-jan-12-22-kaufman-wedding	https://mostlymusic.com/cdn/shop/files/57671.mp3?v=10206015810954644465
Eli Salomon - Levad Aval Itcha (Single)		eli-salomon-levad-aval-itcha-single	https://mostlymusic.com/cdn/shop/files/58715.mp3?v=11634627992009385256
Yonatan Stern - Techef Yipatach [Acapella Cover] (Single)		yonatan-stern-techef-yipatach-acapella-cover-single	https://mostlymusic.com/cdn/shop/files/60449.mp3?v=8384860712634866135
Yair Elaytzur - Tamid Ohev Oti (Single)		yair-elitzur-tamid-ohev-otee-single	https://mostlymusic.com/cdn/shop/files/63149.mp3?v=17462951552230388353
Menashe Lichtenstein - Im Eshkacheich Yerushalayim (Single)		menashe-lichtenstein-im-eshkacheich-yerushalayim-single	https://mostlymusic.com/cdn/shop/files/61687.mp3?v=15075826875603116775
Eitan Katz - Truma (Single)		eitan-katz-truma-single	https://mostlymusic.com/cdn/shop/files/57670.mp3?v=16612489602693707005
Hanan Ben Ari - Gal Einei (Single)		hanan-ben-ari-gal-einei-single	https://mostlymusic.com/cdn/shop/files/64911.mp3?v=3716794969344116086
Shauly & Yitzy Waldner - Mi Sheberach (Single)		shauly-yitzy-waldner-mi-sheberach-single	https://mostlymusic.com/cdn/shop/files/58714.mp3?v=1210455714349038026
Dovid Rotberg & Ari Goldwag - Ana Melech [Acapella Cover] (Single)		dovid-rotberg-ari-goldwag-ana-melech-acapella-cover-single	https://mostlymusic.com/cdn/shop/files/60448.mp3?v=7165749281809384621
Shmulik Sukkot - Matanot (Single)		shmulik-sukkot-matanot-single	https://mostlymusic.com/cdn/shop/files/64910.mp3?v=10377061938958307690
Aharon Berk - Tefillas Ha'Emuna (Single)		tefillas-haemuna-single	https://mostlymusic.com/cdn/shop/files/2323591.mp3?v=4882948785767775553
Yonatan Stern & Sahar Haluzy - Yama [Acapella Cover] (Single)		yonatan-stern-sahar-haluzy-yama-acapella-cover-single	https://mostlymusic.com/cdn/shop/files/60447.mp3?v=14090418600840738086
Yanky Hill - Mila Shel Nechama (Single)		yanky-hill-mila-shel-nechama-single	https://mostlymusic.com/cdn/shop/files/61686.mp3?v=4257226454396560924
Simcha Leiner - Kol Berama		simcha-leiner-kol-berama	https://mostlymusic.com/cdn/shop/files/43563.mp3?v=2270524671431859486
Shneor Orel - Shir HaGeula (Single)		shneor-orel-shir-hageula-single	https://mostlymusic.com/cdn/shop/files/58717.mp3?v=16133946809598041228
Lev Tahor - Avdecha (Olturix Remix)		lev-tahor-avdecha-olturix-remix	https://mostlymusic.com/cdn/shop/files/23232415.mp3?v=12357209723829960370
Oshri Peer - Retsonot Tovim (Single)		oshri-peer-retsonot-tovim-single	https://mostlymusic.com/cdn/shop/files/63148.mp3?v=11103300718589536545
Yisroel Adler - Chuppa Lid (Single)		yisroel-adler-chuppa-lid-single	https://mostlymusic.com/cdn/shop/files/63147.mp3?v=6149268649477505422
shmuel broner and choir yedidim - shabes kodesh (Single)		shmuel-broner-and-choir-yedidim-shabes-kodesh-single	https://mostlymusic.com/cdn/shop/files/57669.mp3?v=608529366718286706
Ishay Ribo - Od Yishama [Chuppa Version] (Single)		ishay-ribo-od-yishama-chuppa-version-single	https://mostlymusic.com/cdn/shop/files/64909.mp3?v=2930700458515136405
Eitan Freilich - Wedding Classics From Home		eitan-freilich-wedding-classics-from-home	https://mostlymusic.com/cdn/shop/files/2323593.mp3?v=6744375075371635522
Hershy Weinberger Ft. Naftali Kempeh - Kol Haolam Bishvili (Single)		hershy-weinberger-ft-naftali-kempeh-kol-haolam-bishvili-single	https://mostlymusic.com/cdn/shop/files/61685.mp3?v=1916901991789515030
Uri Davidi - Ani Chai [Acapella] (Single)		uri-davidi-ani-chai-acapella-single	https://mostlymusic.com/cdn/shop/files/60446.mp3?v=13915465822423365288
Gad Elbaz & Itay Amran - Tachzik Oti (Single)		gad-elbaz-itay-amran-tachzik-oti-single	https://mostlymusic.com/cdn/shop/files/57668.mp3?v=10316265235598440108
Avraham Fried, Chaim Yisrael & Bentzi Stein - Nishmas (Single)		avraham-fried-chaim-yisrael-bentzi-stein-nishmas-single	https://mostlymusic.com/cdn/shop/files/64908.mp3?v=2735179821881792548
Yisroel Tzvi - Koily		yisroel-tzvi-koily	https://mostlymusic.com/cdn/shop/files/50106.mp3?v=1333854161906706328
Beri Weber & Shmiel Hersh Miller Production June 14 '22 Tropp		beri-weber-shmiel-hersh-miller-production-june-14-22-tropp	https://mostlymusic.com/cdn/shop/files/58713.mp3?v=12080759284363335959
Benny Friedman - Uveoso Hazman [Acapella] (Single)		benny-friedman-uveoso-hazman-acapella-single	https://mostlymusic.com/cdn/shop/files/60425.mp3?v=2412067014313362341
Shilo Eliya - Hakol Letova (Single)		shilo-eliya-hakol-letova-single	https://mostlymusic.com/cdn/shop/files/63137.mp3?v=3200720400489563102
Joey Newcomb - Just Love Them (Single)		joey-newcomb-just-love-them-single	https://mostlymusic.com/cdn/shop/files/2323590.mp3?v=11767343812651082088
Simcha Jacoby - Melech (Single)		simcha-jacoby-melech-single	https://mostlymusic.com/cdn/shop/files/58712.mp3?v=14805885591229888449
Shea Berko & Gershi Uri - Hoidee Lashem (Single)		shea-berko-gershi-uri-hoidee-lashem-single	https://mostlymusic.com/cdn/shop/files/61684.mp3?v=2553514750757941471
Moshe Dovid Weissman - Yevarechecha		moshe-dovid-weissman-yevarechecha	https://mostlymusic.com/cdn/shop/files/50266.mp3?v=44111
Meir Klainer & Noam Banai - Kochvei Boker (Single)		meir-klainer-noam-banai-kochvei-boker-single	https://mostlymusic.com/cdn/shop/files/63136.mp3?v=1074661073835808849
Avi Podolinski - Neshamot Avudot (Single)		avi-podolinski-neshamot-avudot-single	https://mostlymusic.com/cdn/shop/files/57667.mp3?v=6048068804348497079
Uri Davidi - Lehodos [Acapella] (Single)		uri-davidi-lehodos-acapella-single	https://mostlymusic.com/cdn/shop/files/60424.mp3?v=12868941014634547472
Yoeli Davidovich Ft. Ahrele Samet - Bunim Atem (Single)		yoeli-davidovich-ft-ahrele-samet-bunim-atem-single	https://mostlymusic.com/cdn/shop/files/64907.mp3?v=7785257228508633855
Avraham Fried - B'karov Mamesh (Single)		avraham-fried-bkarov-mamesh-single	https://mostlymusic.com/cdn/shop/files/61683.mp3?v=17728795019311987096
Hanoch Ben Moshe - Shemesh (Single)		hanoch-ben-moshe-shemesh-single	https://mostlymusic.com/cdn/shop/files/58710.mp3?v=8559562698456203291
Mendy Werdyger - Ani Hoilech (Single)		mendy-werdyger-ani-hoilech-single	https://mostlymusic.com/cdn/shop/files/12227.mp3?v=10731833750280332704
Aryeh Hurwitz - Mi Shebeirach IDF (Vocal)		mi-shebeirach-tzahal	https://mostlymusic.com/cdn/shop/files/2323582.mp3?v=4906739782305038419
Rabbi Yaakov Singer - Ki Vo Yismach Libeinu (Single)		rabbi-yaakov-singer-ki-vo-yismach-libeinu-single	https://mostlymusic.com/cdn/shop/files/57666.mp3?v=13441451759321387306
Eli Schwebel - Yagga		eli-schwebel-yagga	https://mostlymusic.com/cdn/shop/files/50109.mp3?v=4025212615257338805
Joey Newcomb Ft. Yosh Friedman - Mi Sheomar [Acapella] (Single)		joey-newcomb-ft-yosh-friedman-mi-sheomar-acapella-single	https://mostlymusic.com/cdn/shop/files/60423.mp3?v=5287505805522611572
Daniel Baruch - Hamalach (Single)		daniel-baruch-hamalach-single	https://mostlymusic.com/cdn/shop/files/63135.mp3?v=9769771173673994190
Chilly Wagschal - Mein Zeide's Eishes Chayil (Single)		chilly-wagschal-mein-zeides-eishes-chayil-single	https://mostlymusic.com/cdn/shop/files/64906.mp3?v=14853084812371345114
Yosef Lowenbraun - Min Hameitzar		yosef-lowenbraun-min-hameitzar	https://mostlymusic.com/cdn/shop/files/50306.mp3?v=6760446110252975490
Eitan Katz - Shavaseinu		eitan-katz-shavaseinu	https://mostlymusic.com/cdn/shop/files/2323581.mp3?v=9309655260062896375
Elad Cohen & Shmuel Harari - Chaverut Barzel (Single)		elad-cohen-shmuel-harari-chaverut-barzel-single	https://mostlymusic.com/cdn/shop/files/61682.mp3?v=16799331386280460196
Eli Dachs - Mi Sheberach [Cover] (Single)		eli-dachs-mi-sheberach-cover-single	https://mostlymusic.com/cdn/shop/files/61681.mp3?v=12065517774936751039
Kobi Grinboim - Ki Taavor Bamayim (Single)		kobi-grinboim-ki-taavor-bamayim-single	https://mostlymusic.com/cdn/shop/files/57665.mp3?v=9470396703117648809
Yonatan Shainfeld - Regaim (Single)		yonatan-shainfeld-regaim-single	https://mostlymusic.com/cdn/shop/files/58708.mp3?v=17848203259561517104
Yaakov Shwekey - Shema Yisroel [Hebrew - 2023] (Single)		yaakov-shwekey-shema-yisroel-hebrew-2023-single	https://mostlymusic.com/cdn/shop/files/60422.mp3?v=2679895304230212066
Hershy Bleich - Oigelech (Single)		hershy-bleich-oigelech-single	https://mostlymusic.com/cdn/shop/files/64905.mp3?v=1270149869556442544
Shmily Rothschild - Zeh Hayom (Single)		shmily-rothschild-zeh-hayom-single	https://mostlymusic.com/cdn/shop/files/63134.mp3?v=3368793967854604119
MBD (Mordechai Ben David) - Daaga Minayin [Remix] (Single)		mbd-mordechai-ben-david-daaga-minayin-remix-single	https://mostlymusic.com/cdn/shop/files/57664.mp3?v=4247664050003040788
Shmuly Schneider - Tefila Leani [Cover] (Single)		shmuly-schneider-tefila-leani-cover-single	https://mostlymusic.com/cdn/shop/files/61680.mp3?v=9425560362357384533
Lazer Siegelman - Stars Will Shine		lazer-siegelman-stars-will-shine	https://mostlymusic.com/cdn/shop/files/49886.mp3?v=6822808599106500894
Yonatan Stern & Simche Friedman - Bo Lepo [Acapella] (Single)		yonatan-stern-simche-friedman-bo-lepo-acapella-single	https://mostlymusic.com/cdn/shop/files/60421.mp3?v=4389156217333450226
TABC Studio 1600 ft. Danny Palgon - Hallelu (Single)		tabc-studio-1600-ft-danny-palgon-hallelu-single	https://mostlymusic.com/cdn/shop/files/63133.mp3?v=6640109059340514505
Kobi Brummer - Ba Li (Single)		kobi-brummer-ba-li-single	https://mostlymusic.com/cdn/shop/files/63132.mp3?v=6130831993911068646
Yossel Leifer Ft. Meir Adler & Malchus Choir - Avinu Malkeinu (Single)		yossel-leifer-ft-meir-adler-malchus-choir-avinu-malkeinu-single	https://mostlymusic.com/cdn/shop/files/58707.mp3?v=11035118128738160291
Moishe Eisenberg and Ahrele Samet - In Meron/אין מירון		moishe-eisenberg-and-ahrele-samet-in-meron	https://mostlymusic.com/cdn/shop/files/2323575.mp3?v=12102746558967256115
Chaim Bar - Mul Haolam (Single)		chaim-bar-mul-haolam-single	https://mostlymusic.com/cdn/shop/files/57637.mp3?v=1415005839897926802
Iyar Ani Hashem Rofecha (Single)		iyar-ani-hashem-rofecha-single	https://mostlymusic.com/cdn/shop/files/2323574.mp3?v=4068117378020426534
Michoel Schnitzler, Yehuda Mendelson & Yossi Fried - Tov Lehodos (Single)		michoel-schnitzler-yehuda-mendelson-yossi-fried-tov-lehodos-single	https://mostlymusic.com/cdn/shop/files/58709.mp3?v=2376095679946205573
Haim Israel - Tfilot (Single)		haim-israel-tfilot-single	https://mostlymusic.com/cdn/shop/files/58681.mp3?v=6887225605508275077
Yoily Polatseck & Zemiros Choir Ft. Chaim Blumenfeld - Reb Shayaleh [Acapella] (Single)		yoily-polatseck-zemiros-choir-ft-chaim-blumenfeld-reb-shayaleh-acapella-single	https://mostlymusic.com/cdn/shop/files/60420.mp3?v=15748679690301821983
Schneur Spira - Ashira		schneur-spira-ashira	https://mostlymusic.com/cdn/shop/files/50105.mp3?v=44111
Ohad Moskowitz - Lenatzeach (Single)		ohad-moskowitz-lenatzeach-single	https://mostlymusic.com/cdn/shop/files/64889.mp3?v=4574185370298232511
Yechiel Schron - Mi K'Amcha Yisroel (Single)		yechiel-schron-mi-kamcha-yisroel-single	https://mostlymusic.com/cdn/shop/files/61679.mp3?v=4382446382032929023
Shalom Weg - Gaam Zi Letovah [Cover] (Single)		shalom-weg-gaam-zi-letovah-cover-single	https://mostlymusic.com/cdn/shop/files/63131.mp3?v=6696032466800648366
David Benarza - Lechu Lamayim (Single)		david-benarza-lechu-lamayim-single	https://mostlymusic.com/cdn/shop/files/57636.mp3?v=12356149912114412882
Meydad Tasa - Aba Tireh (Single)		meydad-tasa-aba-tireh-single	https://mostlymusic.com/cdn/shop/files/61668.mp3?v=6482432256121593150
Moshe Klein - L'habit Kadima (Single)		moshe-klein-lhabit-kadima-single	https://mostlymusic.com/cdn/shop/files/64888.mp3?v=6075926362488759878
Benny Friedman & Baruch Levine - Hold On Tight [Acapella Edition] (Single)		benny-friedman-baruch-levine-hold-on-tight-acapella-edition-single	https://mostlymusic.com/cdn/shop/files/60418.mp3?v=17181919823459725559
Yossele Rosenblatt - Ribono Shel Olam (Sefiras Ha'omer)		yossele-rosenblatt-ribono-shel-olam-sefiras-haomer	https://mostlymusic.com/cdn/shop/files/2323573.mp3?v=4401015709017055622
Haim Israel  - Lecha Keili [Remixed By The Kfitzat Haderech Project] (SIngle)		haim-israel-lecha-keili-remixed-by-the-kfitzat-haderech-project-single	https://mostlymusic.com/cdn/shop/files/58680.mp3?v=13797847189095158571
Meir Ben Dror - Kol Dmei (Single)		meir-ben-dror-kol-dmei-single	https://mostlymusic.com/cdn/shop/files/57635.mp3?v=15718137814542896800
Shira Choir - El Hanaar Hazeh		shira-choir-el-hanaar-hazeh	https://mostlymusic.com/cdn/shop/files/50286.mp3?v=5124806620418536960
Nemouel - Geulatenu (Single)		nemouel-geulatenu-single	https://mostlymusic.com/cdn/shop/files/63130.mp3?v=1383807572635196610
Yisroel Werdyger - Du Voint A Yid (Vocal Version)		yisroel-werdyger-du-voint-a-yid-vocal-version	https://mostlymusic.com/cdn/shop/files/2323572.mp3?v=15785962540595798271
Baruch Levine - Yehiyu Leratzon [Acapella Edition] (Single)		baruch-levine-yehiyu-leratzon-acapella-edition-single	https://mostlymusic.com/cdn/shop/files/60419.mp3?v=16524598378034895413
Bonei Olam Ft. Mendy Weber - Yeled Hapeleh (Single)		bonei-olam-ft-mendy-weber-yeled-hapeleh-single	https://mostlymusic.com/cdn/shop/files/64887.mp3?v=16233875004901926822
Dovid Pearlman - Build The World [Bridges] (Single)		dovid-pearlman-build-the-world-bridges-single	https://mostlymusic.com/cdn/shop/files/61667.mp3?v=3108385206488614605
Meilech Singer - Eilecha		meilech-singer-eilecha	https://mostlymusic.com/cdn/shop/files/50610.mp3?v=44111
Joey Newcomb - Build The World (Acapella Single)		joey-newcomb-build-the-world-acapella-single	https://mostlymusic.com/cdn/shop/files/2323569.mp3?v=10081751240108374652
Ishay Ribo - Techef Yipatach (SIngle)		ishay-ribo-techef-yipatach-single	https://mostlymusic.com/cdn/shop/files/58678.mp3?v=13891897860494137033
Shea Berko & Avrumi Berko Production Mar. 29 '23		shea-berko-avrumi-berko-production-mar-29-23	https://mostlymusic.com/cdn/shop/files/60417.mp3?v=12878352340754986904
Kobi Grinboim - Yizkou Lerov Simcha (Single)		kobi-grinboim-yizkou-lerov-simcha-single	https://mostlymusic.com/cdn/shop/files/63129.mp3?v=10407113744614232893
Avraham fried & Tzvi Silberstein - Aneinu (Acapella Single)		avraham-fried-tzvi-silberstein-aneinu-acapella-single	https://mostlymusic.com/cdn/shop/files/2323570.mp3?v=2173617352062412629
HBS - Shabbos Goy [Acapella] (Single)		hbs-shabbos-goy-acapella-single	https://mostlymusic.com/cdn/shop/files/64886.mp3?v=650863980669878161
Levi Cohen - Koirim (Single)		levi-cohen-koirim-single	https://mostlymusic.com/cdn/shop/files/57634.mp3?v=13126764505474589360
Chaim Shaye Weil & Shloimy Brecher - Shtarkeit (Single)		chaim-shaye-weil-shloimy-brecher-shtarkeit-single	https://mostlymusic.com/cdn/shop/files/61666.mp3?v=10092206794962361027
Eliyahu Beer - Tzama Lecha Nafshi [Acapella] (Single)		eliyahu-beer-tzama-lecha-nafshi-acapella-single	https://mostlymusic.com/cdn/shop/files/64840.mp3?v=8519315959778192963
Ari Gold - Simchat Kallah (Single)		ari-gold-simchat-kallah-single	https://mostlymusic.com/cdn/shop/files/63128.mp3?v=16178219696762026019
Elazar Chen & Yechiel Lichtiger - B'Chol Makom (Single)		elazar-chen-yechiel-lichtiger-bchol-makom-single	https://mostlymusic.com/cdn/shop/files/61662.mp3?v=9738615380662998905
Kalmey Schwartz & Motty Breier Production March 28 '23 Leser		kalmey-schwartz-motty-breier-production-march-28-23-leser	https://mostlymusic.com/cdn/shop/files/60416.mp3?v=15930209297981452251
Raphael Benizri - Sussoin		raphael-benizri-sussoin	https://mostlymusic.com/cdn/shop/files/50367.mp3?v=9882559056856881602
R' Yoel Roth - In Breslev (SIngle)		r-yoel-roth-in-breslev-single	https://mostlymusic.com/cdn/shop/files/58679.mp3?v=8253389543425196075
Beri Weber - Aheim [Remixed By DJ Ancii] (Single)		beri-weber-aheim-remixed-by-dj-ancii-single	https://mostlymusic.com/cdn/shop/files/57633.mp3?v=11833144979716981570
Dobby Baum & The Brooklyn Girls Choir - Dance Acapella  (Single)		dobby-baum-the-brooklyn-girls-choir-dance-acapella-single	https://mostlymusic.com/cdn/shop/files/2323567.mp3?v=13101460716512364568
Meilech Braunstein - Avodas Yisroel (SIngle)		meilech-braunstein-avodas-yisroel-single	https://mostlymusic.com/cdn/shop/files/58677.mp3?v=62792491234669183
Cantor Yaakov Stark - Z'miros Shabbos (Single)		cantor-yaakov-stark-zmiros-shabbos-single	https://mostlymusic.com/cdn/shop/files/57632.mp3?v=9241737445275801378
Menachem Levy - Veyatzmach		menachem-levy-veyatzmach	https://mostlymusic.com/cdn/shop/files/50768.mp3?v=44111
Shmulik Sukkot - Ba Hasimcha (Single)		shmulik-sukkot-ba-hasimcha-single	https://mostlymusic.com/cdn/shop/files/63127.mp3?v=9679071580901701972
Daniel Yativ - Ata Po Iti [Acapella] (Single)		daniel-yativ-ata-po-iti-acapella-single	https://mostlymusic.com/cdn/shop/files/64839.mp3?v=16427796254692971483
Yaniv Madar - HaDerech Bechayai (Single)		yaniv-madar-haderech-bechayai-single	https://mostlymusic.com/cdn/shop/files/61665.mp3?v=13418259185185908015
Aaron Razel - Moed Katan (Single)		aaron-razel-moed-katan-single	https://mostlymusic.com/cdn/shop/files/57631.mp3?v=14932801641194785703
Shloime Zalmen Perl & Motty Breier Production March 2 '23		shloime-zalmen-perl-motty-breier-production-march-2-23	https://mostlymusic.com/cdn/shop/files/60415.mp3?v=14614375544438181971
Shmulik Sukkot - Pnei Shabbat (SIngle)		shmulik-sukkot-pnei-shabbat-single	https://mostlymusic.com/cdn/shop/files/58676.mp3?v=2543328847493752763
Mendel Roth  - A Yiddish Festival (SIngle)		mendel-roth-a-yiddish-festival-single	https://mostlymusic.com/cdn/shop/files/58675.mp3?v=15293583189768860497
Motti Weisel, Moshe Duvid Weissmandel & Hershi Segal - A Yiddishe Chuppa [Medley] (Single)		motti-weisel-moshe-duvid-weissmandel-hershi-segal-a-yiddishe-chuppa-medley-single	https://mostlymusic.com/cdn/shop/files/61664.mp3?v=5024882524499536919
Harmonics Band - Shir Lamaalot ft. Shua Kessin		harmonics-band-shir-lamaalot-ft-shua-kessin	https://mostlymusic.com/cdn/shop/files/50543.mp3?v=248568335287146349
Avrumy Straus & Friends - Carlebach Kabalas Shabbos [Medley] (Single)		avrumy-straus-friends-carlebach-kabalas-shabbos-medley-single	https://mostlymusic.com/cdn/shop/files/63126.mp3?v=11327841908957290764
Eli Levin - Kel Mistater [Acapella Cover] (Single)		eli-levin-kel-mistater-acapella-cover-single	https://mostlymusic.com/cdn/shop/files/64822.mp3?v=6984498435373871292
Moti Weiss - Lichvod Shabbat Kodesh (Single)		moti-weiss-lichvod-shabbat-kodesh-single	https://mostlymusic.com/cdn/shop/files/57630.mp3?v=8009540662915854839
Yidi Bialostozky & Avrumi Berko Production Mar. 28 '23		yidi-bialostozky-avrumi-berko-production-mar-28-23	https://mostlymusic.com/cdn/shop/files/60414.mp3?v=13860981314737000450
Ruvi New - The Gift (Single)		ruvi-new-the-gift-single	https://mostlymusic.com/cdn/shop/files/2323559.mp3?v=11468998465234188169
Mordechai Shapiro & Lev Tahor - Geula [Acapella] (Single)		mordechai-shapiro-lev-tahor-geula-acapella-single	https://mostlymusic.com/cdn/shop/files/64821.mp3?v=13889636056066652008
DJ Farbreng Ft. Moshe Storch - Ma Shehaya Haya (Single)		dj-farbreng-ft-moshe-storch-ma-shehaya-haya-single	https://mostlymusic.com/cdn/shop/files/61661.mp3?v=1297762573706442611
Ari Goldwag - Bitchu (Single)		ari-goldwag-bitchu-single	https://mostlymusic.com/cdn/shop/files/2323557.mp3?v=3306179247281639544
Duvid Kaufman ft. Isaac Honig - Ve'Harev Nu (Single)		duvid-kaufman-ft-isaac-honig-veharev-nu-single	https://mostlymusic.com/cdn/shop/files/63125.mp3?v=17966719548533508683
Shea Berko, The Shira Choir & Avrumi Berko Production Mar. 20 '23		shea-berko-the-shira-choir-avrumi-berko-production-mar-20-23	https://mostlymusic.com/cdn/shop/files/60413.mp3?v=5440203933325846741
Shay Viner - Child Of God (Single)		shay-viner-child-of-god-single	https://mostlymusic.com/cdn/shop/files/64809.mp3?v=15037192007662914797
Raphael Melloul - Daaga Minayin (Single)		raphael-melloul-daaga-minayin-single	https://mostlymusic.com/cdn/shop/files/57629.mp3?v=12081656666382955192
Bentzi Kletzkin & Malchus Choir - Nichsefa (SIngle)		bentzi-kletzkin-malchus-choir-nichsefa-single	https://mostlymusic.com/cdn/shop/files/58673.mp3?v=5266108337254295104
DJ Kraz & Mendel - Not Alone (Single)		dj-kraz-mendel-not-alone-single	https://mostlymusic.com/cdn/shop/files/63124.mp3?v=3610223708018919666
Yossi Berger - Purim Tantz		yossi-berger-purim-tantz	https://mostlymusic.com/cdn/shop/files/50052.mp3?v=6953887277284587848
Listig Band Ft.  Shloime Gertner & Buchy Gluck - Mi Adir (Single)		listig-band-ft-shloime-gertner-buchy-gluck-mi-adir-single	https://mostlymusic.com/cdn/shop/files/58672.mp3?v=18024680058078914625
Levy Falkowitz & Sruly Singer Production March 21 '23 Meisels		levy-falkowitz-sruly-singer-production-march-21-23-meisels	https://mostlymusic.com/cdn/shop/files/60412.mp3?v=3974733083093986157
Shea Berko, The Shira Choir, Shmiel Hersh Miller Production - Nov. 18 '21 Berger (Wedding)		shea-berko-the-shira-choir-shmiel-hersh-miller-production-nov-18-21-berger-wedding	https://mostlymusic.com/cdn/shop/files/57628.mp3?v=11071435864906523329
Avishai Eshel - Noten Li Et HaKoach (Single)		avishai-eshel-noten-li-et-hakoach-single	https://mostlymusic.com/cdn/shop/files/61660.mp3?v=1464683799774142998
Tzvi Silberstein - Aneinu (Single)		tzvi-silberstein-aneinu-single	https://mostlymusic.com/cdn/shop/files/2323555.mp3?v=3221218215654852284
Dobby Baum - It Is Meant To Be (Single)		dobby-baum-it-is-meant-to-be-single	https://mostlymusic.com/cdn/shop/files/2323556.mp3?v=18383612439380152549
Chaim Meir Erps - Dus Lechtele		chaim-meir-erps-dus-lechtele	https://mostlymusic.com/cdn/shop/files/50611.mp3?v=44111
Eli Levin - Shema Yisrael (Single)		eli-levin-shema-yisrael-single	https://mostlymusic.com/cdn/shop/files/61663.mp3?v=12950295992793035137
Kalmey Schwartz & Yoiny Fischer Production March 16 '23 Fischman		kalmey-schwartz-yoiny-fischer-production-march-16-23-fischman	https://mostlymusic.com/cdn/shop/files/60411.mp3?v=17191934691204396918
Shloime Gertner - Are We There Yet? (Single)		shloime-gertner-are-we-there-yet-single	https://mostlymusic.com/cdn/shop/files/63122.mp3?v=17502055772000788730
Sruly Green ft. Motti Weisel, Yoeli Klein & Shaya Gross - Balaylos (Single)		sruly-green-ft-motti-weisel-yoeli-klein-shaya-gross-balaylos-single	https://mostlymusic.com/cdn/shop/files/63123.mp3?v=15654365601276317590
Yakov Yitzchok Weingarten Avrumi Berko Production - Nov. 16 '21 Wedding (Wedding)		yakov-yitzchok-weingarten-avrumi-berko-production-nov-16-21-wedding-wedding	https://mostlymusic.com/cdn/shop/files/57627.mp3?v=8795489471715686548
Shmulik Klein - Yaamoid (Single)		shmulik-klein-yaamoid-single	https://mostlymusic.com/cdn/shop/files/58662.mp3?v=10380733058009386142
Simcha Leiner - Shik Mir Pekelach (Single)		simcha-leiner-shik-mir-pekelach-single	https://mostlymusic.com/cdn/shop/files/2323550.mp3?v=7191428949364059140
HBS - Gurnisht (Single)		hbs-gurnisht-single	https://mostlymusic.com/cdn/shop/files/64784.mp3?v=446806550134812085
R' Yoel Roth - A Gutte Eitzeh (Single)		r-yoel-roth-a-gutte-eitzeh-single	https://mostlymusic.com/cdn/shop/files/58661.mp3?v=11501839123880370681
Motty Atias - Likras Shabbos (Single)		motty-atias-likras-shabbos-single	https://mostlymusic.com/cdn/shop/files/61659.mp3?v=3774380775142743427
Yakov Shlome Gross, Ephraim Berkowitz - Nov. 15 '21 (Wedding)		yakov-shlome-gross-ephraim-berkowitz-nov-15-21-wedding	https://mostlymusic.com/cdn/shop/files/57626.mp3?v=8698884630119376331
Avremi Roth - Mizmor LeDovid		avremi-roth-mizmor-ledovid	https://mostlymusic.com/cdn/shop/files/50401.mp3?v=7901578508769777275
Benny Friedman & Baruch Levine - V'shavu Banim (Single)		benny-friedman-baruch-levine-vshavu-banim-single	https://mostlymusic.com/cdn/shop/files/61658.mp3?v=11280332991638520549
Chesky Schwartz Production - March '23 Wedding Collection		chesky-schwartz-production-march-23-wedding-collection	https://mostlymusic.com/cdn/shop/files/60409.mp3?v=16830948511690294559
HBS - Mame Lushen (Single)		hbs-mame-lushen-single	https://mostlymusic.com/cdn/shop/files/64783.mp3?v=7533918689585279199
Chaim Horowitz - Ribono Shel Olam [Cover] (Single)		chaim-horowitz-ribono-shel-olam-cover-single	https://mostlymusic.com/cdn/shop/files/63119.mp3?v=4668370622752804619
Zrilly Wertzberger & Shimmy Levy Production March 13 '23		zrilly-wertzberger-shimmy-levy-production-march-13-23	https://mostlymusic.com/cdn/shop/files/60410.mp3?v=16423882162498841060
Achim Freund - V'Yeidu (Single)		achim-freint-vyeidu-single	https://mostlymusic.com/cdn/shop/files/2323549.mp3?v=4885462609086745054
Lipa Schmeltzer & Chesky Schwartz Production June 20 '22		lipa-schmeltzer-chesky-schwartz-production-june-20-22	https://mostlymusic.com/cdn/shop/files/58660.mp3?v=1246781848583571263
Mendy Hershkowitz Band - Jan. '22 Live Collection (Wedding)		mendy-hershkowitz-band-jan-22-live-collection-wedding	https://mostlymusic.com/cdn/shop/files/57625.mp3?v=1411438456385877594
Shmuel & Ishay Ribo - Kol Paam Mechadash (Single)		shmuel-ishay-ribo-kol-paam-mechadash-single	https://mostlymusic.com/cdn/shop/files/64773.mp3?v=677850226556141236
Dovid Gabay - Borei Olam		dovid-gabay-borei-olam	https://mostlymusic.com/cdn/shop/files/50108.mp3?v=17331641661353465610
Shmuly Schneider- Hisyatzivu (Single)		shmuly-shneider-hisyatzivu-single	https://mostlymusic.com/cdn/shop/files/56920.mp3?v=2027149194041365100
Zusha - The World to Come [Living Room Mix] (Single)		zusha-the-world-to-come-living-room-mix-single	https://mostlymusic.com/cdn/shop/files/61657.mp3?v=4098415331763239891
Joey Newcomb - Bonim Lamakom (Single)		joey-newcomb-bonim-lamakom-single	https://mostlymusic.com/cdn/shop/files/63121.mp3?v=10847595733634046602
AKA Pella - What Does Haman Say		aka-pella-what-does-haman-say	https://mostlymusic.com/cdn/shop/files/49826.mp3?v=2353124132442190944
Shea Berko Yedidim Choir & Avrumi Berko Production June 19 '22		shea-berko-yedidim-choir-avrumi-berko-production-june-19-22	https://mostlymusic.com/cdn/shop/files/58659.mp3?v=326726109503147426
Avrumy Straus & Bentzy Weberman - Oid Yishoma [Cover] (Single)		avrumy-straus-bentzy-weberman-oid-yishoma-cover-single	https://mostlymusic.com/cdn/shop/files/64772.mp3?v=7976817496723247852
Shea Berko & Yanky Levy Production March 9 '23 Rabinowitz		shea-berko-yanky-levy-production-march-9-23-rabinowitz	https://mostlymusic.com/cdn/shop/files/60408.mp3?v=6637829176775604858
Bonei Olam - Vezakeini		bonei-olam-vezakeini	https://mostlymusic.com/cdn/shop/files/56919.mp3?v=3141320970450436389
Yochanan Uri, Hershy Weinberger, Shaye Gross & Yoeli Klein - Sheinkeit (Single)		yochanan-uri-hershy-weinberger-shaye-gross-yoeli-klein-sheinkeit-single	https://mostlymusic.com/cdn/shop/files/64771.mp3?v=17273642190745886517
Yidi Bialostozky, The Shira Choir, Yossi Shtendig Production - Jan. 16 '22 Brach (Wedding)		yidi-bialostozky-the-shira-choir-yossi-shtendig-production-jan-16-22-brach-wedding	https://mostlymusic.com/cdn/shop/files/57624.mp3?v=13466370124061990197
Amiran Dvir - Lezamer Nigun		amiran-dvir-lezamer-nigun	https://mostlymusic.com/cdn/shop/files/50402.mp3?v=4565683083428624543
Shmuel - Harninu [Tzamah] (Single)		shmuel-harninu-tzamah-single	https://mostlymusic.com/cdn/shop/files/61656.mp3?v=146483647169598816
Dovid Pearlman - Ki Lecha (Single)		dovid-pearlman-ki-lecha-single	https://mostlymusic.com/cdn/shop/files/63120.mp3?v=3939979136142750220
Shea Kaller Band Live Collection		shea-kaller-band-live-collection	https://mostlymusic.com/cdn/shop/files/58658.mp3?v=16963845099878372312
Avrumy Straus - Ayeka [Cover] (Single)		avrumy-straus-ayeka-cover-single	https://mostlymusic.com/cdn/shop/files/64764.mp3?v=5792894685882123913
Meilech Braunstein & Yanky Levy March 7 '23 [Purim]		meilech-braunstein-yanky-levy-march-7-23-purim	https://mostlymusic.com/cdn/shop/files/60407.mp3?v=17848555803834208061
Levy Falkowitz, The Shira Choir & Avrumi Berko Productions - Oct. 18 '23		levy-falkowitz-the-shira-choir-avrumi-berko-productions-oct-18-23	https://mostlymusic.com/cdn/shop/files/61655.mp3?v=9207277632462408664
Sruly Altman, Shmiel Hersh Miller Production - Jan. 13 '22 Goldberger  (Wedding)		sruly-altman-shmiel-hersh-miller-production-jan-13-22-goldberger-wedding	https://mostlymusic.com/cdn/shop/files/57623.mp3?v=3008770960737240250
Sruly Altman & Motty Breier March 23 '23 Davidowitz		sruly-altman-motty-breier-march-23-23-davidowitz	https://mostlymusic.com/cdn/shop/files/60406.mp3?v=15090762135852399404
Shmueli Ungar - The Dreidel Song (Single)		shmueli-ungar-the-dreidel-song-single	https://mostlymusic.com/cdn/shop/files/2323539.mp3?v=10646069288270256079
Eli Herzlich - Gemara Medley [Live] (Single)		eli-herzlich-gemara-medley-live-single	https://mostlymusic.com/cdn/shop/files/63118.mp3?v=8494867247954050096
Zecharia Greenfield - Steer Me (Single)		zecharia-greenfield-steer-me-single	https://mostlymusic.com/cdn/shop/files/56875.mp3?v=328787392986401219
Yona Rivka Kimelman - Gazing (Single)		yona-rivka-kimelman-gazing-single	https://mostlymusic.com/cdn/shop/files/64755.mp3?v=13550719664031411998
Kalmy Schwartz, Shmiel Hersh Miller  - Jan. 9 '22 Kraus (Wedding)		kalmy-schwartz-shmiel-hersh-miller-jan-9-22-kraus-wedding	https://mostlymusic.com/cdn/shop/files/57620.mp3?v=1595136542449249916
Moshe Tischler & MEZ Production June 16 '22 Braunstein		moshe-tischler-mez-production-june-16-22-braunstein	https://mostlymusic.com/cdn/shop/files/58657.mp3?v=9451767740019196539
Mordechai Salzer - Kad Yasvun (Single)		mordechai-salzer-kad-yasvun	https://mostlymusic.com/cdn/shop/files/56851.mp3?v=11680161526842618409
Suscher Guttman Shmuel Hersh Miller - Jan. 10 '22 (Wedding)		suscher-guttman-shmuel-hersh-miller-jan-10-22-wedding	https://mostlymusic.com/cdn/shop/files/57622.mp3?v=11999445098623649404
Hillel Meyer - Mishley HaTorah (Single)		hillel-meyer-mishley-hatorah-single	https://mostlymusic.com/cdn/shop/files/63117.mp3?v=40685469736484382
Bentzy Weberman & Shmiel Hersh Miller Production March 20 '23 Brody		bentzy-weberman-shmiel-hersh-miller-production-march-20-23-brody	https://mostlymusic.com/cdn/shop/files/60405.mp3?v=6722426965105456341
Gershy Israeli - Torah (Single)		gershy-israeli-torah-single	https://mostlymusic.com/cdn/shop/files/63116.mp3?v=13737060281187444685
Eli Begun - Mipi Kel (Single)		eli-begun-mipi-kel-single	https://mostlymusic.com/cdn/shop/files/64754.mp3?v=18094704661056412459
Yaakov Shwekey - Baruch Hashem It’s Shabbos (Single)		yaakov-shwekey-baruch-hashem-it-s-shabbos-single	https://mostlymusic.com/cdn/shop/files/58651.mp3?v=6980877792081831998
Amram Adar - Yerushalayim Habenuya (Single)		amram-adar-yerushalayim-habenuya-single	https://mostlymusic.com/cdn/shop/files/61654.mp3?v=2003005762762700967
Itzik Eshel & Chaim Avital - Shirei Emunah Shel Nitzachon Medley (Single)		itzik-eshel-chaim-avital-shirei-emunah-shel-nitzachon-medley-single	https://mostlymusic.com/cdn/shop/files/61653.mp3?v=1804897000023841956
Motty Steinmetz - Bizchus Hatorah (Single)		motty-shteinmetz-single	https://mostlymusic.com/cdn/shop/files/2323535.mp3?v=10339084065852187914
Shea Berko, The Shira Choir & Yanky Briskman Production March 16 '23 Feinstein		shea-berko-the-shira-choir-yanky-briskman-production-march-16-23-feinstein	https://mostlymusic.com/cdn/shop/files/60404.mp3?v=10009818400688910162
Shea Berko Yaakov Shwekey Shira Choir Avrumi Berko Production - Jan. 3 '22 Wedding (Wedding)		shea-berko-yaakov-shwekey-shira-choir-avrumi-berko-production-jan-3-22-wedding-wedding-1	https://mostlymusic.com/cdn/shop/files/57618.mp3?v=11119049946860273182
Yisroel Vigder Ft. MK Boys Choir - Mah Eseh (Single)		yisroel-vigder-ft-mk-kids-choir-mah-eseh-single	https://mostlymusic.com/cdn/shop/files/58656.mp3?v=8658039848050419723
Yanky Briskman Ft. Menachem Moskowitz & Yedidim Choir - A Tribute to DEDI (Single)		yanky-briskman-ft-menachem-moskowitz-yedidim-choir-a-tribute-to-dedi-single	https://mostlymusic.com/cdn/shop/files/61649.mp3?v=5222711859820920482
Joshua Markovitz - Shomer Yisrael (Single)		joshua-markovitz-shomer-yisrael-single	https://mostlymusic.com/cdn/shop/files/64753.mp3?v=1785360799130296615
Shaya Lebron & Shmiel Hersh Miller Production March 14 '23 Rosenthal		shaya-lebron-shmiel-hersh-miller-production-march-14-23-rosenthal	https://mostlymusic.com/cdn/shop/files/60403.mp3?v=16046694570304140139
Mendy Weiss & Chaim Pollack - U'leoreir Libi [Cover] (Single)		mendy-weiss-chaim-pollack-uleoreir-libi-cover-single	https://mostlymusic.com/cdn/shop/files/64751.mp3?v=11036087576302738463
Shmaya Fischer The Shira Choir & Shimmy Levy Production June 15 '22 Ganzfried		shmaya-fischer-the-shira-choir-shimmy-levy-production-june-15-22-ganzfried	https://mostlymusic.com/cdn/shop/files/58655.mp3?v=5020216642707500997
Yoely Lebovits - Uvini (Single)		yoely-lebovits-uvini-single	https://mostlymusic.com/cdn/shop/files/63115.mp3?v=10060116644018373795
Nechamia Katz, Shmiel Hersh Miller - Jan. 2 '22 (Wedding)		nechamia-katz-shmiel-hersh-miller-jan-2-22-wedding	https://mostlymusic.com/cdn/shop/files/57617.mp3?v=6436051436170606226
Nechemia Katz & Yeedle Kahan June 14 '22 Salem		nechemia-katz-yeedle-kahan-june-14-22-salem	https://mostlymusic.com/cdn/shop/files/58654.mp3?v=15444998480172055327
Yisroel Werdyger - Chap A Tentzel (Single)		yisroel-werdyger-chap-a-tentzel-single	https://mostlymusic.com/cdn/shop/files/56743.mp3?v=18189223947666131842
Mendy Weiss & Yidi Bialostozky - Yivneh Beisoi (Single)		mendy-weiss-yidi-bialostozky-yivneh-beisoi-single	https://mostlymusic.com/cdn/shop/files/60402.mp3?v=17866819687002405762
Yaakov Israel – Sham iti (Single)		yaakov-israel-sham-iti-single	https://mostlymusic.com/cdn/shop/files/61652.mp3?v=11522354876077408547
Kalmy Schwartz Chaim Gefner Production - Dec. 28 '21 Green (Wedding)		kalmy-schwartz-chaim-gefner-production-dec-28-21-green-wedding	https://mostlymusic.com/cdn/shop/files/57615.mp3?v=3633117447356790671
Simcha Leiner - New Day Will Rise [Cover] (Single)		simcha-leiner-new-day-will-rise-cover-single	https://mostlymusic.com/cdn/shop/files/64750.mp3?v=12200264476355162951
Avraham Fried & Hershy Weinberger - Tuni Rabunun (Single)		avraham-fried-hershy-weinberger-tuni-rabunun-single	https://mostlymusic.com/cdn/shop/files/63113.mp3?v=14141836659855495335
Shulem Zev Worch - Besoros Tovos (Single)		shulem-zev-worch-besoros-tovos-single	https://mostlymusic.com/cdn/shop/files/61651.mp3?v=7195328620324903368
Moshe and Yumi Rosenbaum - Yiddishe Doiros (Single)		moshe-and-yumi-rosenbaum-yiddishe-doiros-single	https://mostlymusic.com/cdn/shop/files/moshe-and-yumi-rosenbaum---yiddishe-doiros-(single)---yiddishe-doiros-/-download-single-track.mp3?v=44111
Beri Weber - Eifo Kulam [Acapella] (Single)		beri-weber-eifo-kulam-acapella-single	https://mostlymusic.com/cdn/shop/files/60401.mp3?v=8214671610189167019
Ashira Records - Emunah (Single)		ashira-records-emunah-single	https://mostlymusic.com/cdn/shop/files/63114.mp3?v=9859384882497293972
Shir Vshevach Boys Choir - Blimele [Cover] (Single)		shir-vshevach-boys-choir-blimele-cover-single	https://mostlymusic.com/cdn/shop/files/63112.mp3?v=9491358734614318607
Shea Berko, Moshe Glick - Dec. 26 '21 Levinger (Wedding)		shea-berko-moshe-glick-dec-26-21-levinger-wedding	https://mostlymusic.com/cdn/shop/files/57613.mp3?v=1170176590037066799
Yakov Yitzchok Weingarten Moshy Lebowitz Production - Dec. 26 '21 (Wedding)		yakov-yitzchok-weingarten-moshy-lebowitz-production-dec-26-21-wedding	https://mostlymusic.com/cdn/shop/files/57614.mp3?v=9816624310640778043
Chaim Horowitz - Ikvesa D'Meshicha (Single)		chaim-horowitz-ikvesa-dmeshicha-single	https://mostlymusic.com/cdn/shop/files/64749.mp3?v=10433830183047910041
Shea Berko Yedidim Choir & Hershy Langsam Production June 14 '22 Perlstein		shea-berko-yedidim-choir-hershy-langsam-production-june-14-22-perlstein	https://mostlymusic.com/cdn/shop/files/58653.mp3?v=7086023368234989879
Shmueli Ungar, Yedidim Choir & Yanky Briskman Production June 14 '22 Friedman		shmueli-ungar-yedidim-choir-yanky-briskman-production-june-14-22-friedman	https://mostlymusic.com/cdn/shop/files/58652.mp3?v=10817270477714956933
Teardrop Revisited (Single)		teardrop-revisited-single	https://mostlymusic.com/cdn/shop/files/56723.mp3?v=16190788910788670630
Chaim Blumenfeld & Zalmen Schnitzler - Oct. 16 '23 Kaufman		chaim-blumenfeld-zalmen-schnitzler-oct-16-23-kaufman	https://mostlymusic.com/cdn/shop/files/61648.mp3?v=16587678860341829400
Chaim Blumenfeld & Hershy Pavel Productions - Oct. 17 '23 Lipshitz		chaim-blumenfeld-hershy-pavel-productions-oct-17-23-lipshitz	https://mostlymusic.com/cdn/shop/files/61650.mp3?v=3398608988001166611
Chilly Wagschal & Mendy Twerski - Rising Lion (Single)		chilly-wagschal-mendy-twerski-rising-lion-single	https://mostlymusic.com/cdn/shop/files/64748.mp3?v=12731687950695660220
Chaim Meir Fligman - One Voice [Acapella] (Single)		chaim-meir-fligman-one-voice-acapella-single	https://mostlymusic.com/cdn/shop/files/60400.mp3?v=13611413767520776575
Sruli Kletzkin & Moishe Kahana - Torah Medley (Single)		sruli-kletzkin-moishe-kahana-torah-medley-single	https://mostlymusic.com/cdn/shop/files/63097.mp3?v=15955550064714426903
Ahuva Aaron - Queen of my Heart		ahuva-aaron-queen-of-my-heart	https://mostlymusic.com/cdn/shop/files/ahuva-aaron---queen-of-my-heart---queen-of-my-heart-/-download-single-track.mp3?v=44111
Hershy Rottenberg - Nirtzu [MeinLidel Melody #3] (Single)		hershy-rottenberg-nirtzu-meinlidel-melody-3-single	https://mostlymusic.com/cdn/shop/files/60370.mp3?v=10234669122069451035
Avraham Fried & Yossi Hecht - Three little words (Single)		avraham-fried-yossi-hecht-three-little-words-single	https://mostlymusic.com/cdn/shop/files/58650.mp3?v=8111219465923906784
Dobby Baum (feat. Brooklyn Girls Choir) - Imperfect (Single)		brooklyn-girls-choir-imperfect-single	https://mostlymusic.com/cdn/shop/files/brooklyn-girls-choir---imperfect-(single)---imperfect-/-download-single-track.mp3?v=44111
Moshe Auslander Ft. Mendy Worch - Melech Haolam (Single)		moshe-auslander-ft-mendy-worch-melech-haolam-single	https://mostlymusic.com/cdn/shop/files/64727.mp3?v=13243284721660868022
Chaim Shlomo Mayesz & MENi - Utzu Eitza [Cover] (Single)		chaim-shlomo-mayesz-meni-utzu-eitza-cover-single	https://mostlymusic.com/cdn/shop/files/61646.mp3?v=172202510513767614
Shmaya Fischer Levi Lesin Production - Dec. 22 '21 Kleinberger (Wedding)		shmaya-fischer-levi-lesin-production-dec-22-21-kleinberger-wedding	https://mostlymusic.com/cdn/shop/files/57612.mp3?v=3848696014914390046
Yaakov Gifter & Sons - Ma Ahavti [Acapella] (Single)		yaakov-gifter-sons-ma-ahavti-acapella-single	https://mostlymusic.com/cdn/shop/files/60369.mp3?v=16361771091788543941
Yehuda Manheim, Yoeli Klein & Motty Goldman - Veyuchon Osunee (Single)		yehuda-manheim-yoeli-klein-motty-goldman-veyuchon-osunee-single	https://mostlymusic.com/cdn/shop/files/64726.mp3?v=18118595966071917084
Levy Falkowitz & Yeedle Kahan Production June 13 '22 Gordon		levy-falkowitz-yeedle-kahan-production-june-13-22-gordon	https://mostlymusic.com/cdn/shop/files/58639.mp3?v=10427641551011728411
Chaim Portal & David Taub - Torati (Single)		chaim-portal-david-taub-torati-single	https://mostlymusic.com/cdn/shop/files/63096.mp3?v=657967759887258647
Rabbi Shmuel Brazil - Beshofar Godol (Single)		rabbi-shmuel-brazil-beshofar-godol-single	https://mostlymusic.com/cdn/shop/files/56705.mp3?v=6682909398714602977
Sruly Lipschitz - This Too Shall Pass (Single)		sruly-lipschitz-this-too-shall-pass-single	https://mostlymusic.com/cdn/shop/files/61641.mp3?v=1609482058175446054
Motty Steinmetz - Atu Bechartuni [Cover] (Single)		motty-steinmetz-atu-bechartuni-cover-single	https://mostlymusic.com/cdn/shop/files/63095.mp3?v=2545265457235974902
Levy Falkowitz, The Shira Choir, Yossi Shtendig Production - Dec. 21 '21 Braun (Wedding)		levy-falkowitz-the-shira-choir-yossi-shtendig-production-dec-21-21-braun	https://mostlymusic.com/cdn/shop/files/57611.mp3?v=17198816263770172385
Zusha - Tzamah: March Simcha (Single)		zusha-tzamah-march-simcha-single	https://mostlymusic.com/cdn/shop/files/60345.mp3?v=2582551155013503271
Avi Kraus - Ani Yodea (Single)		avi-kraus-ani-yodea-single	https://mostlymusic.com/cdn/shop/files/60346.mp3?v=3281110753609116725
DJ Farbreng Ft. Meir Green - Songs Of Soldiers [Upmix] (Single)		dj-farbreng-ft-meir-green-songs-of-soldiers-upmix-single	https://mostlymusic.com/cdn/shop/files/61643.mp3?v=4353232605713285028
Moshe Tishler, Chesky Schwartz Production - Jan. 2 '21 Adelson (Wedding)		moshe-tishler-chesky-schwartz-production-jan-2-21-adelson	https://mostlymusic.com/cdn/shop/files/57616.mp3?v=6183365147922184134
Benny Friedman - Hareini (Single)		benny-friedman-hareini-single	https://mostlymusic.com/cdn/shop/files/56704.mp3?v=17232054035333108799
Ari Goldwag Ft. Refael Klein - Shlach Ahavatcha (Single)		ari-goldwag-ft-refael-klein-shlach-ahavatcha-single	https://mostlymusic.com/cdn/shop/files/64725.mp3?v=15024280755257092412
Yoeli Dikman - Nofel Ve’kam (Single)		yoeli-dikman-nofel-ve-kam-single	https://mostlymusic.com/cdn/shop/files/58637.mp3?v=4440761093807917297
Mikey Mocton -Mitzva Gedola (Single)		mikey-mocton-mitzva-gedola-single	https://mostlymusic.com/cdn/shop/files/mikey-mocton--mitzva-gedola-(single)---mitzva-gedola-/-download-single-track.mp3?v=44111
Zanvil Weinberger - Kad Yasvin (Single)		zanvil-weinberger-kad-yasvin-single	https://mostlymusic.com/cdn/shop/files/63094.mp3?v=9381290316195670023
Zrilly Werzberger - One (Single)		zrilly-werzberger-one-single	https://mostlymusic.com/cdn/shop/files/63090.mp3?v=6187352799137278207
Zrilly Werzberger & Avrumi Berko Production June 12 '22 Weiss		zrilly-werzberger-avrumi-berko-production-june-12-22-weiss	https://mostlymusic.com/cdn/shop/files/58638.mp3?v=7792016340081319965
Menachem Moskowitz, Moshe Glick - Dec. 20 '21 Einhorn (Wedding)		menachem-moskowitz-moshe-glick-dec-20-21-einhorn	https://mostlymusic.com/cdn/shop/files/57610.mp3?v=7658687106017374373
Yerichem Weiss, Yanky Briskman & Yedidim Choir - Night Of Energy [Medley] (Single)		yerichem-weiss-yanky-briskman-yedidim-choir-night-of-energy-medley-single	https://mostlymusic.com/cdn/shop/files/64724.mp3?v=7498893895181818301
Lior Narkis - Acheinu Kol Beit Yisrael (Single)		lior-narkis-acheinu-kol-beit-yisrael-single	https://mostlymusic.com/cdn/shop/files/61642.mp3?v=6258987364467798884
Moishy Weiss - Pesach Medley (Single)		moishy-weiss-pesach-medley-single	https://mostlymusic.com/cdn/shop/files/60347.mp3?v=11783927155785530098
Levy Falkowitz, The Shira Choir, Shimmy Levy Production - Dec. 15 '21 Goddinger (Wedding)		levy-falkowitz-the-shira-choir-shimmy-levy-production-dec-15-21-goddinger-wedding	https://mostlymusic.com/cdn/shop/files/57609.mp3?v=9443163742343057436
Moshe Feld - Besora Tova (Single)		moshe-feld-besora-tova-single	https://mostlymusic.com/cdn/shop/files/58629.mp3?v=5568079526899148806
Shmili Landau - The Schmeltzer Wedding [DJ Mix] (Single)		shmili-landau-the-schmeltzer-wedding-dj-mix-single	https://mostlymusic.com/cdn/shop/files/63089.mp3?v=6711601728970055458
Barak Grossberg - Hakol Ata (Single)		barak-grossberg-hakol-ata-single	https://mostlymusic.com/cdn/shop/files/58631.mp3?v=4763541269612253784
Nesanel Cohen ft. Chesky Schwartz & Yedidim Choir - Nesanel's Nusach [Medley] (Single)		nesanel-cohen-ft-chesky-schwartz-yedidim-choir-nesanels-nusach-medley-single	https://mostlymusic.com/cdn/shop/files/64708.mp3?v=15962539025227077978
Shmuly Schneider - Vehi Sheamda [Cover] (Single)		shmuly-schneider-vehi-sheamda-cover-single	https://mostlymusic.com/cdn/shop/files/60343.mp3?v=14114956686778133424
8th Day - 4:59 (Single)		8th-day-4-59-single	https://mostlymusic.com/cdn/shop/files/61645.mp3?v=16610285917022336329
Kalmey Schwartz, Ari Samet & Shimmy Levy - Vestel Tantz [Medley] (Single)		kalmey-schwartz-ari-samet-shimmy-levy-vestel-tantz-medley-single	https://mostlymusic.com/cdn/shop/files/64707.mp3?v=3241605620350963795
Shea Berko Shira Choir Yossi Shtendig Production - Dec. 12 '21 (Wedding)		shea-berko-shira-choir-yossi-shtendig-production-dec-12-21-wedding	https://mostlymusic.com/cdn/shop/files/57608.mp3?v=17307947462063783779
Afiko.man - Shabbat Shalom (Single)		afiko-man-shabbat-shalom-single	https://mostlymusic.com/cdn/shop/files/61644.mp3?v=10010281530481406512
Yitzy Waldner & Yechiel Schron - Mizmor Lesoidah (Single)		yitzy-waldner-yechiel-schron-mizmor-lesoidah-single	https://mostlymusic.com/cdn/shop/files/60344.mp3?v=2532031965505378293
Avremi Roth - Lehisvada (Single)		avremi-roth-lehisvada-single	https://mostlymusic.com/cdn/shop/files/63034.mp3?v=9690606538397649799
Motti Feldman - Ima (Single)		motti-feldman-ima-single	https://mostlymusic.com/cdn/shop/files/2323524.mp3?v=11942838112048475436
Chaim Davis - Desire to go Higher (Single)		chaim-davis-desire-to-go-higher-single	https://mostlymusic.com/cdn/shop/files/2323530.mp3?v=15130217890435004429
Ari Hill - Olam Shalem (Single)		ari-hill-olam-shalem-single	https://mostlymusic.com/cdn/shop/files/64706.mp3?v=14016955405251153195
Nachman Dreyer - Bishvili Nivrah Haolam (Single)		nachman-dreyer-bishvili-nivrah-haolam-single	https://mostlymusic.com/cdn/shop/files/58630.mp3?v=9886396894761919567
Levy Folkowitz, Chesky Schwartz Production - Dec. 7 '21 Wiesenfeld (Wedding)		levy-folkowitz-chesky-schwartz-production-dec-7-21-wiesenfeld-wedding	https://mostlymusic.com/cdn/shop/files/57607.mp3?v=2315946921008111745
Nechemia Katz & Shmiel Hersh Miller - Oct. 11 '23 Mizrachi		nechemia-katz-shmiel-hersh-miller-oct-11-23-mizrachi	https://mostlymusic.com/cdn/shop/files/61639.mp3?v=7405641015640927963
Nemouel & Shmueli Ungar - Ki Leolam Chasdo (Single)		nemouel-shmueli-ungar-ki-leolam-chasdo-single	https://mostlymusic.com/cdn/shop/files/64705.mp3?v=13086323669060194296
Ishay Ribo - Ani Shayach Leam (SIngle)		ishay-ribo-ani-shayach-leam-single	https://mostlymusic.com/cdn/shop/files/60275.mp3?v=11492552316548296756
Gil Israelov - Yeled (Single)		gil-israelov-yeled-single	https://mostlymusic.com/cdn/shop/files/57605.mp3?v=12338146039336148924
Victor Azrak - Ani Maamin (Single)		victor-azrak-ani-maamin-single	https://mostlymusic.com/cdn/shop/files/63021.mp3?v=1254276117833765653
Rabbi Shmuel Morgenbesser - Keep Building [Story] (Single)		rabbi-shmuel-morgenbesser-keep-building-story-single	https://mostlymusic.com/cdn/shop/files/63019.mp3?v=7813080530008885756
Gad Feureisen - Ki Nicham (Single)		gad-feureisen-ki-nicham-single	https://mostlymusic.com/cdn/shop/files/2323525.mp3?v=8847042554047134094
Avi Ilson - Yesh Li Hakol (Single)		avi-ilson-yesh-li-hakol-single	https://mostlymusic.com/cdn/shop/files/58635.mp3?v=15218667206527099532
Kalmey Schwartz, Avrum Mordche Schwartz, The Shira Choir & Hershy Langsam Productions - Oct 11 '23 Jacobs		kalmey-schwartz-avrum-mordche-schwartz-the-shira-choir-hershy-langsam-productions-oct-11-23-jacobs	https://mostlymusic.com/cdn/shop/files/61638.mp3?v=544926884792422478
Yaakov Markowitz - Those Times (Single)		yaakov-markowitz-those-times-single	https://mostlymusic.com/cdn/shop/files/2323531.mp3?v=17568678826028103808
Leiby Wieder, Yoely Brown, Motty Biller & Yitzchok Fligman - Interen Kreeg Theme Song (Single)		leiby-wieder-yoely-brown-motty-biller-yitzchok-fligman-interen-kreeg-theme-song-single	https://mostlymusic.com/cdn/shop/files/60245.mp3?v=2978066372462207586
Itzik Orlev - Ze Hazman (Single)		itzik-orlev-ze-hazman-single	https://mostlymusic.com/cdn/shop/files/58636.mp3?v=4227316255103055525
Shalom Brenholtz - Tfilat Chuppah (Single)		shalom-brenholtz-tfilat-chuppah-single	https://mostlymusic.com/cdn/shop/files/57604.mp3?v=6492799137989934199
Aharon Wyne - I'll Try		aharon-wyne-ill-try	https://mostlymusic.com/cdn/shop/files/56703.mp3?v=7249775530541781649
Menachem Manevich ft. Simcha Jacoby - The Chuppah Experience (Single)		menachem-manevich-ft-simcha-jacoby-the-chuppah-experience-single	https://mostlymusic.com/cdn/shop/files/64703.mp3?v=10512036594590532405
Menachem Manevich ft. Simcha Jacoby - The Chuppah Experience (Single)		menachem-manevich-ft-simcha-jacoby-the-chuppah-experience-single	https://mostlymusic.com/cdn/shop/files/64704.mp3?v=5174322721442860574
Eli Barzel - Shomer Aleinu [Remix] (Single)		eli-barzel-shomer-aleinu-remix-single	https://mostlymusic.com/cdn/shop/files/63018.mp3?v=7301541411094781541
Menachem Moskowitz & Yoely Fischer Creation - Sep. 3 '23 Schwartz		menachem-moskowitz-yoely-fischer-creation-sep-3-23-schwartz	https://mostlymusic.com/cdn/shop/files/61637.mp3?v=15972819794207862754
Avrumi - Eifo Ata [Cover] (Single)		avrumi-eifo-ata-cover-single	https://mostlymusic.com/cdn/shop/files/63017.mp3?v=11211811156992581928
MBD - Rabbi Shimon (Single)		mbd-rabbi-shimon-single	https://mostlymusic.com/cdn/shop/files/2323517.mp3?v=2952940399062980028
The Ayeka Project ft. Yossi Zucker - The Beinoni		the-ayeka-project-ft-yossi-zucker-the-beinoni	https://mostlymusic.com/cdn/shop/files/60243.mp3?v=10760125033479356454
Chaim Portal & Moshe Dwek - Toda Sheani Kan (Single)		chaim-portal-moshe-dwek-toda-sheani-kan-single	https://mostlymusic.com/cdn/shop/files/58633.mp3?v=17906941330076567206
Shaya Lebron, Motti Wiesel & Yedidim Choir - Kad Yasvin (Single)		shaya-lebron-motti-wiesel-yedidim-choir-kad-yasvin-single	https://mostlymusic.com/cdn/shop/files/64645.mp3?v=13108618466217016799
Akiva Groman - Lo Shochochnu (Single)		akiva-groman-lo-shochochnu-single	https://mostlymusic.com/cdn/shop/files/61636.mp3?v=760151534507640991
Moshe Zaftig - Lost in L'vov [Story] (Single)		moshe-zaftig-lost-in-lvov-story-single	https://mostlymusic.com/cdn/shop/files/60244.mp3?v=5124769745480174766
Shuki Salomon & Benny Friedman - Shir Hatzdaka (Single)		shuki-salomon-benny-friedman-shir-hatzdaka-single	https://mostlymusic.com/cdn/shop/files/57603.mp3?v=2759697126684496751
Moishey Ney - Chaneinu (Single)		moishey-ney-chaneinu-single	https://mostlymusic.com/cdn/shop/files/2323515.mp3?v=3891895019901105083
Yoeli Davidovich, Suchi Goldstein, Hershy Segal & Dudi Eisenstein - Di Heilige Torah [Medley] (Single)		yoeli-davidovich-suchi-goldstein-hershy-segal-dudi-eisenstein-di-heilige-torah-single	https://mostlymusic.com/cdn/shop/files/64644.mp3?v=8814005285630198591
Dudi Kalisch Feat. Child Soloist Ishai Gross - Kesher Tfilin (Single)		dudi-kalisch-feat-child-soloist-ishai-gross-kesher-tfilin-single	https://mostlymusic.com/cdn/shop/files/57602.mp3?v=15415466016778774284
Benny Friedman - Yama [Remix by DJ Yossi Maimon] (Single)		benny-friedman-yama-remix-by-dj-yossi-maimon-single	https://mostlymusic.com/cdn/shop/files/58634.mp3?v=13466520526157003882
Yisrael Dagan & Harel Tal - Torah Utfila [Cover] (Single)		yisrael-dagan-harel-tal-torah-utfila-cover-single	https://mostlymusic.com/cdn/shop/files/63016.mp3?v=15018290080456010611
Yoel Shia Weiss - Im Eshkachech [Acoustic Cover] (Single)		yoel-shia-weiss-im-eshkachech-acoustic-cover-single	https://mostlymusic.com/cdn/shop/files/58632.mp3?v=10793115147001998110
Shaya Lebron & Lipa Brach Production - Aug. 30 '23 Jacobs		shaya-lebron-lipa-brach-production-aug-30-23-jacobs	https://mostlymusic.com/cdn/shop/files/61599.mp3?v=11391000662602045205
Ari Gold - I Have Faith (Single)		ari-gold-i-have-faith-single	https://mostlymusic.com/cdn/shop/files/57601.mp3?v=9921668075890720093
Yoeli Dikman, Chaim Meir Fligman & Shir V'Shevach Boys Choir - Kadeish Irchatz (Single)		yoeli-dikman-chaim-meir-fligman-shir-vshevach-boys-choir-kadeish-irchatz-single	https://mostlymusic.com/cdn/shop/files/60242.mp3?v=12294668999836118475
8th Day - We All Belong (Single)		8th-day-we-all-belong-single	https://mostlymusic.com/cdn/shop/files/2323514.mp3?v=16846082830799722721
Gabi Aharon - Sulam (Single)		gabi-aharon-sulam-single	https://mostlymusic.com/cdn/shop/files/63015.mp3?v=6077498419051571455
Eli Levin - Hatikvah [Cover] (Single)		eli-levin-hatikvah-cover-single	https://mostlymusic.com/cdn/shop/files/61601.mp3?v=15557845251781229304
Leiby Moskowitz, Motty Vizel, Malchus Choir & Itzik Eisenstat Production - Emotional Chuppa! (Single)		leiby-moskowitz-motty-vizel-malchus-choir-itzik-eisenstat-production-emotional-chuppa-single	https://mostlymusic.com/cdn/shop/files/60241.mp3?v=4274969896605151491
Leiby Moskowitz - Reb Levi (Single)		leiby-moskowitz-reb-levi-single	https://mostlymusic.com/cdn/shop/files/58610.mp3?v=2804594157623041814
Yitzy Waldner & Yaakov Shwekey - Veseioreiv (Single)		yitzy-waldner-yaakov-shwekey-veseioreiv-single	https://mostlymusic.com/cdn/shop/files/64642.mp3?v=7115769452022108485
Shmulik Sukkot - Hakadosh Baruch Hu Iti (Single)		shmulik-sukkot-hakadosh-baruch-hu-iti-single	https://mostlymusic.com/cdn/shop/files/64643.mp3?v=4185788256056449557
Ovadia Chamama - HaChafetz Chaim (Single)		ovadia-chamama-hachafetz-chaim-single	https://mostlymusic.com/cdn/shop/files/57600.mp3?v=14267220154777981569
Alex Clare - Run (Single)		alex-clare-run-single	https://mostlymusic.com/cdn/shop/files/63013.mp3?v=16701280046523888354
Reb Shaya Vocal (Single)		reb-shaya-vocal-single	https://mostlymusic.com/cdn/shop/files/56677.mp3?v=15831127828678837383
Shea Berko, The Shira Choir & Avrumi Berko Productions - Sep. 6 '23		shea-berko-the-shira-choir-avrumi-berko-productions-sep-6-23	https://mostlymusic.com/cdn/shop/files/61583.mp3?v=17971159828932514555
DJ Farbreng ft. Mendy Worch & Sruly Green - Pesach Upmix		dj-farbreng-ft-mendy-worch-sruly-green-pesach-upmix	https://mostlymusic.com/cdn/shop/files/60236.mp3?v=16128517090899889326
Chaim Mordche Feuerwerker - VeSezakeinee (Single)		chaim-mordche-feuerwerker-vesezakeinee-single	https://mostlymusic.com/cdn/shop/files/58598.mp3?v=8980963661092503806
Yossi Lauber - Dein Tate Halt Dir (Single)		yossi-lauber-dein-tate-halt-dir-single	https://mostlymusic.com/cdn/shop/files/57599.mp3?v=7475021933514153619
Kalmey Schwartz, The Shira Choir & Yanky Briskman Productions - Sep. 4 '23		kalmey-schwartz-the-shira-choir-yanky-briskman-productions-sep-4-23	https://mostlymusic.com/cdn/shop/files/61582.mp3?v=12074681662828328185
Hershy Bleich - Naaseh V'nishma (Single)		hershy-bleich-naaseh-vnishma-single	https://mostlymusic.com/cdn/shop/files/64641.mp3?v=809195282408869737
Lipa Schmeltzer - Hold On Tight (Single)		lipa-schmeltzer-hold-on-tight-single	https://mostlymusic.com/cdn/shop/files/63012.mp3?v=647439257623581130
Donny Schiff - Shetrachem (Single)		donny-schiff-shetrachem-single	https://mostlymusic.com/cdn/shop/files/60230.mp3?v=5301261863627564624
Avraham Azan - Ma Sheyihye		avraham-azan-ma-sheyihye	https://mostlymusic.com/cdn/shop/files/58597.mp3?v=6635525525765930091
Levi Yitzchok Cohen - The Soul Song (Single)		levi-yitzchok-cohen-the-soul-song-single	https://mostlymusic.com/cdn/shop/files/64640.mp3?v=14495347805974938663
Moshe Klein - Boee Beshalom (Single)		moshe-klein-boee-beshalom-single	https://mostlymusic.com/cdn/shop/files/57597.mp3?v=13190973919362507954
Avrumy Dermer & Rafi The King - Achdus Song (Single)		avrumy-dermer-rafi-the-king-achdus-song-single	https://mostlymusic.com/cdn/shop/files/57596.mp3?v=3398379155588543282
Naftali Blumenthal - All In (Single)		naftali-blumenthal-all-in-single	https://mostlymusic.com/cdn/shop/files/2323512.mp3?v=4087250315245368289
Ahron Pomerantz - Shalom Rav (Single)		ahron-pomerantz-shalom-rav-single	https://mostlymusic.com/cdn/shop/files/56662.mp3?v=18337594773988800812
Bentzi Stein ft. Neshama Choir - Ashrecha (Single)		bentzi-stein-ft-neshama-choir-ashrecha-single	https://mostlymusic.com/cdn/shop/files/60229.mp3?v=11585026126304378804
Shloime Yosef - Aheim (Single)		shloime-yosef-aheim-single	https://mostlymusic.com/cdn/shop/files/64639.mp3?v=10357390648311196658
Mendi Jerufi - Mi Bon Siach (Single)		mendi-jerufi-mi-bon-siach-single	https://mostlymusic.com/cdn/shop/files/58596.mp3?v=5962810805822582131
Shea Berko, Meilech Braunstein, Yedidim Choir & Hershy Langsam Productions - Aug 30 '23 Lax		shea-berko-meilech-braunstein-yedidim-choir-hershy-langsam-productions-aug-30-23-lax	https://mostlymusic.com/cdn/shop/files/61581.mp3?v=17905808218923549413
Duvie Shapiro - Lech Al Zeh (Single)		duvie-shapiro-lech-al-zeh-single	https://mostlymusic.com/cdn/shop/files/2323509.mp3?v=5133901673780071905
Akiva - Lilmod Lauf (Single)		akiva-lilmod-lauf-single	https://mostlymusic.com/cdn/shop/files/63011.mp3?v=13006950604287820954
Yossi Zucker & 8th Day - Im Ani Kan (Single)		yossi-zucker-8th-day-im-ani-kan-single	https://mostlymusic.com/cdn/shop/files/63010.mp3?v=14312405257112034958
Kalmey Schwartz, Leiby Wieder & Yoely Fischer Creation - Aug 30 '23 Berkowitz		kalmey-schwartz-leiby-wieder-yoely-fischer-creation-aug-30-23-berkowitz	https://mostlymusic.com/cdn/shop/files/61580.mp3?v=15002361261898524606
Hershy Rottenberg - Varemkeit [MeinLidel Melody #2] (Single)		hershy-rottenberg-varemkeit-meinlidel-melody-2-single	https://mostlymusic.com/cdn/shop/files/60231.mp3?v=8654155171547675020
Kalmey Schwartz, Meir Adler & Motty Breier Productions - Aug. 29 '23 Wolner		kalmey-schwartz-meir-adler-motty-breier-productions-aug-29-23-wolner	https://mostlymusic.com/cdn/shop/files/61579.mp3?v=3266773841075350954
Chords Music - Vanachnu (Single)		chords-music-vanachnu-single	https://mostlymusic.com/cdn/shop/files/2323504.mp3?v=6300440405765279095
Yossi Lauber - Niea Terren (Single)		yossi-lauber-niea-terren-single	https://mostlymusic.com/cdn/shop/files/60234.mp3?v=6109023815249588151
Levy Falkowitz & Shimmy Levy Production June 9 '22 Stern		levy-falkowitz-shimmy-levy-production-june-9-22-stern	https://mostlymusic.com/cdn/shop/files/58595.mp3?v=988722343000679844
Gad Feureisen - Anim (Single)		gad-feureisen-anim-single	https://mostlymusic.com/cdn/shop/files/2323500.mp3?v=13393223398922718879
Yonatan Shachar - Zocher (Single)		yonatan-shachar-zocher-single	https://mostlymusic.com/cdn/shop/files/57590.mp3?v=11993723253795729888
Yossi Fried - Kumzits [Medley] (Single)		yossi-fried-kumzits-medley-single	https://mostlymusic.com/cdn/shop/files/64638.mp3?v=5931977080501660405
Nehoray Arieli - Meroz Hazman (Single)		nehoray-arieli-meroz-hazman-single	https://mostlymusic.com/cdn/shop/files/57589.mp3?v=18225403612728550580
Yakov Shlomo Gross - Shabbos Bereishis [Cover] (Single)		yakov-shlomo-gross-shabbos-bereishis-cover-single	https://mostlymusic.com/cdn/shop/files/61578.mp3?v=4321226157797917990
Sruly Altman & Lipa Brach June 8 '22 Braun		sruly-altman-lipa-brach-june-8-22-braun	https://mostlymusic.com/cdn/shop/files/58594.mp3?v=8331751573625186151
Moshe Klein - Ya'gia Tov Hayom (Single)		moshe-klein-yagia-tov-hayom-single	https://mostlymusic.com/cdn/shop/files/63008.mp3?v=7003755661991322212
Chaim Avital - Yesh Chatuna Halaila (Single)		chaim-avital-yesh-chatuna-halaila-single	https://mostlymusic.com/cdn/shop/files/62997.mp3?v=7098004530906139832
Avraham Fried - R' Chaim Issac's Nigun (Single)		avraham-fried-r-chaim-issacs-nigun-single	https://mostlymusic.com/cdn/shop/files/64637.mp3?v=18215413817749783856
Yitzy Waldner & Itzik Dadya - Yabasha Sheli (Single)		yitzy-waldner-itzik-dadya-yabasha-sheli-single	https://mostlymusic.com/cdn/shop/files/60233.mp3?v=10266364204692671545
Yaakov Shwekey - It Could Be You (Single)		yaakov-shwekey-it-could-be-you-single	https://mostlymusic.com/cdn/shop/files/58593.mp3?v=10481047213816455314
Zusha - Lecha Dodi (Single)		zusha-lecha-dodi-single	https://mostlymusic.com/cdn/shop/files/57587.mp3?v=5145318764645322840
Mordechai Shapiro - Ani Yehudi (Single)		mordechai-shapiro-ani-yehudi-single	https://mostlymusic.com/cdn/shop/files/60232.mp3?v=3862406984842709188
Binyamin Moshe  - Leratzot (Single)		binyamin-moshe-leratzot-single	https://mostlymusic.com/cdn/shop/files/57588.mp3?v=12123829411230689958
Israel Portnoy - New Day Will Rise [Cover] (Single)		israel-portnoy-new-day-will-rise-cover-single	https://mostlymusic.com/cdn/shop/files/64636.mp3?v=5681704322301970705
Shaya Hecht - Habeit [Cover] (Single)		shaya-hecht-habeit-cover-single	https://mostlymusic.com/cdn/shop/files/62996.mp3?v=12905681600039361148
Ari Goldwag & Yitzy Kaplowitz - Ana Hashem Anenu (Single)		ari-goldwag-yitzy-kaplowitz-ana-hashem-anenu-single	https://mostlymusic.com/cdn/shop/files/61577.mp3?v=7572133828499305043
Eli Weiss - Hameir Laaretz (Single)		eli-weiss-hameir-laaretz-single	https://mostlymusic.com/cdn/shop/files/58591.mp3?v=6316816976812726865
Shalom Goldstein - Aleh Katan (Single)		shalom-goldstein-aleh-katan-single	https://mostlymusic.com/cdn/shop/files/2323501.mp3?v=9406583296414260090
Gad Elbaz - Mishearaich (Single)		gad-elbaz-mishearaich-single	https://mostlymusic.com/cdn/shop/files/64635.mp3?v=14765180912677232718
Hillel Zaltsman - Boi Beshalom (Single)		hillel-zaltsman-boi-beshalom-single	https://mostlymusic.com/cdn/shop/files/58592.mp3?v=17141876348773268800
Sruly Altman & Mez Productions - Aug. 29 '23		sruly-altman-mez-productions-aug-29-23	https://mostlymusic.com/cdn/shop/files/61563.mp3?v=5998585781952879611
Mikey Mocton - Haben Shelcha (Single)		mikey-mocton-haben-shelcha-single	https://mostlymusic.com/cdn/shop/files/mikey-mocton---haben-shelcha-(single)---haben-shelcha-/-download-single-track.mp3?v=44111
Ariel Borzutzky - Shoshana Bein Hachochim (Single)		ariel-borzutzky-shoshana-bein-hachochim-single	https://mostlymusic.com/cdn/shop/files/62994.mp3?v=18417923936163305291
Avi Man - Hakol Mimcha (Single)		avi-man-hakol-mimcha-single	https://mostlymusic.com/cdn/shop/files/62995.mp3?v=5851759551900781616
Yidi Bialostozky, Isaac Honig, The Shira Choir & Hershy Langsam Productions - Aug 27 '23 Teller		yidi-bialostozky-isaac-honig-the-shira-choir-hershy-langsam-productions-aug-27-23-teller	https://mostlymusic.com/cdn/shop/files/61562.mp3?v=10609304681358353284
Bentzi Marcus - Ma Tovu [Cover] (Single)		bentzi-marcus-ma-tovu-cover-single	https://mostlymusic.com/cdn/shop/files/58590.mp3?v=10807929553266088669
Lipa Schmeltzer & Motty Breier Productions - Aug. 22 '23 Czin		lipa-schmeltzer-motty-breier-productions-aug-22-23-czin	https://mostlymusic.com/cdn/shop/files/61561.mp3?v=2048630327495912674
Mikey Mocton - Ata Echad (Single)		mikey-mocton-ata-echad-single	https://mostlymusic.com/cdn/shop/files/mikey-mocton---ata-echad-(single)---ata-echad-/-download-single-track.mp3?v=44111
Aryeh Rubin - Panim Yafot (Single)		aryeh-rubin-panim-yafot-single	https://mostlymusic.com/cdn/shop/files/64634.mp3?v=14262050572087226483
Shloime Kaufman - Acheinu		shloime-kaufman-acheinu	https://mostlymusic.com/cdn/shop/files/2323496.mp3?v=11193495702912307268
Eitan Katz - Ki Keil Melech (Single)		eitan-katz-ki-keil-melech-single	https://mostlymusic.com/cdn/shop/files/57585.mp3?v=761357132893386472
Elyashiv Cohen - Mikol Ha'anashim Shebaolam (Single)		elyashiv-cohen-mikol-haanashim-shebaolam-single	https://mostlymusic.com/cdn/shop/files/62993.mp3?v=8524742867142545866
Shlepping Nachas - Kudsha Brichu [Cover] (Single)		shlepping-nachas-kudshabrichu-cover-single	https://mostlymusic.com/cdn/shop/files/57586.mp3?v=14633710386517623895
Aron Shloimy Katz & Moishe Katz Mar 15 '23 Oberlander		aron-shloimy-katz-moishe-katz-mar-15-23-oberlander	https://mostlymusic.com/cdn/shop/files/60205.mp3?v=14777764159074111974
Aron Shloimy Katz & Moishe Katz Mar 15 '23 Oberlander		aron-shloimy-katz-moishe-katz-mar-15-23-oberlander	https://mostlymusic.com/cdn/shop/files/60206.mp3?v=11799725726879716948
Aron Shloimy Katz & Moishe Katz Mar 15 '23 Oberlander		aron-shloimy-katz-moishe-katz-mar-15-23-oberlander	https://mostlymusic.com/cdn/shop/files/60207.mp3?v=6241978477332767616
Aron Shloimy Katz & Moishe Katz Mar 15 '23 Oberlander		aron-shloimy-katz-moishe-katz-mar-15-23-oberlander	https://mostlymusic.com/cdn/shop/files/60208.mp3?v=5533968767399361975
Aron Shloimy Katz & Moishe Katz Mar 15 '23 Oberlander		aron-shloimy-katz-moishe-katz-mar-15-23-oberlander	https://mostlymusic.com/cdn/shop/files/60209.mp3?v=12582328114472856013
Aron Shloimy Katz & Moishe Katz Mar 15 '23 Oberlander		aron-shloimy-katz-moishe-katz-mar-15-23-oberlander	https://mostlymusic.com/cdn/shop/files/60210.mp3?v=14450026829527053857
Aron Shloimy Katz & Moishe Katz Mar 15 '23 Oberlander		aron-shloimy-katz-moishe-katz-mar-15-23-oberlander	https://mostlymusic.com/cdn/shop/files/60211.mp3?v=1327697541689901769
Aron Shloimy Katz & Moishe Katz Mar 15 '23 Oberlander		aron-shloimy-katz-moishe-katz-mar-15-23-oberlander	https://mostlymusic.com/cdn/shop/files/60212.mp3?v=9358521663648550618
Aron Shloimy Katz & Moishe Katz Mar 15 '23 Oberlander		aron-shloimy-katz-moishe-katz-mar-15-23-oberlander	https://mostlymusic.com/cdn/shop/files/60213.mp3?v=2661328936861453437
Aron Shloimy Katz & Moishe Katz Mar 15 '23 Oberlander		aron-shloimy-katz-moishe-katz-mar-15-23-oberlander	https://mostlymusic.com/cdn/shop/files/60214.mp3?v=11829306458525670059
Aron Shloimy Katz & Moishe Katz Mar 15 '23 Oberlander		aron-shloimy-katz-moishe-katz-mar-15-23-oberlander	https://mostlymusic.com/cdn/shop/files/60215.mp3?v=15639339822655764683
Aron Shloimy Katz & Moishe Katz Mar 15 '23 Oberlander		aron-shloimy-katz-moishe-katz-mar-15-23-oberlander	https://mostlymusic.com/cdn/shop/files/60216.mp3?v=18323689540332232227
Aron Shloimy Katz & Moishe Katz Mar 15 '23 Oberlander		aron-shloimy-katz-moishe-katz-mar-15-23-oberlander	https://mostlymusic.com/cdn/shop/files/60217.mp3?v=4010599719624361288
Aron Shloimy Katz & Moishe Katz Mar 15 '23 Oberlander		aron-shloimy-katz-moishe-katz-mar-15-23-oberlander	https://mostlymusic.com/cdn/shop/files/60218.mp3?v=18065259191166622760
Aron Shloimy Katz & Moishe Katz Mar 15 '23 Oberlander		aron-shloimy-katz-moishe-katz-mar-15-23-oberlander	https://mostlymusic.com/cdn/shop/files/60219.mp3?v=15174112607570503027
Aron Shloimy Katz & Moishe Katz Mar 15 '23 Oberlander		aron-shloimy-katz-moishe-katz-mar-15-23-oberlander	https://mostlymusic.com/cdn/shop/files/60220.mp3?v=15113977339976954526
Aron Shloimy Katz & Moishe Katz Mar 15 '23 Oberlander		aron-shloimy-katz-moishe-katz-mar-15-23-oberlander	https://mostlymusic.com/cdn/shop/files/60221.mp3?v=5015714532069165243
Aron Shloimy Katz & Moishe Katz Mar 15 '23 Oberlander		aron-shloimy-katz-moishe-katz-mar-15-23-oberlander	https://mostlymusic.com/cdn/shop/files/60222.mp3?v=6296620430739605844
Aron Shloimy Katz & Moishe Katz Mar 15 '23 Oberlander		aron-shloimy-katz-moishe-katz-mar-15-23-oberlander	https://mostlymusic.com/cdn/shop/files/60223.mp3?v=8620074958940481908
Aron Shloimy Katz & Moishe Katz Mar 15 '23 Oberlander		aron-shloimy-katz-moishe-katz-mar-15-23-oberlander	https://mostlymusic.com/cdn/shop/files/60224.mp3?v=6138188309552258634
Aron Shloimy Katz & Moishe Katz Mar 15 '23 Oberlander		aron-shloimy-katz-moishe-katz-mar-15-23-oberlander	https://mostlymusic.com/cdn/shop/files/60225.mp3?v=13665956393028484997
Aron Shloimy Katz & Moishe Katz Mar 15 '23 Oberlander		aron-shloimy-katz-moishe-katz-mar-15-23-oberlander	https://mostlymusic.com/cdn/shop/files/60226.mp3?v=3246028490145008032
Aron Shloimy Katz & Moishe Katz Mar 15 '23 Oberlander		aron-shloimy-katz-moishe-katz-mar-15-23-oberlander	https://mostlymusic.com/cdn/shop/files/60227.mp3?v=12908876783186055866
Aron Shloimy Katz & Moishe Katz Mar 15 '23 Oberlander		aron-shloimy-katz-moishe-katz-mar-15-23-oberlander	https://mostlymusic.com/cdn/shop/files/60228.mp3?v=310287954948476662
Eli Marcus - Malachei Elyon (Single)		eli-marcus-malachei-elyon-single	https://mostlymusic.com/cdn/shop/files/60190.mp3?v=1415902265968198716
Efraim Markowitz - V'hu Yosheienu [Cover] (Single)		efraim-markowitz-vhu-yosheienu-cover-single	https://mostlymusic.com/cdn/shop/files/58589.mp3?v=2702202427864300117
Shea Berko & Avrumi Berko Production - Aug. 17 '23		shea-berko-avrumi-berko-production-aug-17-23	https://mostlymusic.com/cdn/shop/files/61560.mp3?v=6483023640709996502
Mordechai Roth feat. Dovid Kliger - Hashem Ohev Otcha (Single)		mordechai-roth-feat-dovid-kliger-hashem-ohev-otcha-single	https://mostlymusic.com/cdn/shop/files/57584.mp3?v=17674920445492895188
Tzvi Silberstein - Sashlem (Single)		tzvi-silberstein-sashlem-single	https://mostlymusic.com/cdn/shop/files/2323480.mp3?v=9042586570505569929
Chaim Shaya Weil - B'Ahavasa Tishgeh Tomid (Single)		chaim-shaya-weil-bahavasa-tishgeh-tomid-single	https://mostlymusic.com/cdn/shop/files/58588.mp3?v=17632743118724700408
Uzi Bodner - Find My Way (Single)		uzi-bodner-find-my-way-single	https://mostlymusic.com/cdn/shop/files/60188.mp3?v=14881644020919040128
Mordechai Gottlieb - V'heishiv Leiv Avos (Single)		mordechai-gottlieb-vheishiv-leiv-avos-single	https://mostlymusic.com/cdn/shop/files/62992.mp3?v=10352986470133230773
Meydad Tasa - Ani Im Abbale (Single)		meydad-tasa-ani-im-abbale-single	https://mostlymusic.com/cdn/shop/files/64632.mp3?v=11353870030036377761
Yidi Bialostozky & Mez Productions - Aug. 15 '23 Leiser		yidi-bialostozky-mez-productions-aug-15-23-leiser	https://mostlymusic.com/cdn/shop/files/61559.mp3?v=4653392720688405757
Kesher - Yiru (Single)		kesher-yiru-single	https://mostlymusic.com/cdn/shop/files/56530.mp3?v=7664546292865169432
Avrumi & Shea Berko - Nor Der Eibishter Ken Helfen [Cover] (Single)		avrumi-shea-berko-nor-der-eibishter-ken-helfen-cover-single	https://mostlymusic.com/cdn/shop/files/64630.mp3?v=12211059755691953665
Meir Gafni - Hashir Vehashevach (Single)		meir-gafni-hashir-vehashevach-single	https://mostlymusic.com/cdn/shop/files/58587.mp3?v=1040585847934349980
Daniel Yativ - Rotzeh Rak Lavo (Single)		daniel-yativ-rotzeh-rak-lavo-single	https://mostlymusic.com/cdn/shop/files/62991.mp3?v=17717898850597121106
Shea Berko, The Shira Choir & Avrumi Berko Production Feb. 26 '23		shea-berko-the-shira-choir-avrumi-berko-production-feb-26-23	https://mostlymusic.com/cdn/shop/files/60187.mp3?v=7163540336564604289
Mendy Weiss - Gibor Kari (Single)		mendy-weiss-gibor-kari-single	https://mostlymusic.com/cdn/shop/files/57583.mp3?v=17187774610313514727
Chaim Brown & Avrumi Berko - Aug. 6 '23 Camp Maaminim		chaim-brown-avrumi-berko-aug-6-23-camp-maaminim	https://mostlymusic.com/cdn/shop/files/61558.mp3?v=11316721012767806702
Tzali Gold & Avrumi Berko Production Feb. 21 '23		tzali-gold-avrumi-berko-production-feb-21-23	https://mostlymusic.com/cdn/shop/files/60144.mp3?v=2328321405870429719
Dani Mintz - Ahavas Oilam (Single)		dani-mintz-ahavas-oilam-single	https://mostlymusic.com/cdn/shop/files/62990.mp3?v=11588882395893266339
Elnatan Malul - Yachid Baolam (Single)		elnatan-malul-yachid-baolam-single	https://mostlymusic.com/cdn/shop/files/57580.mp3?v=3531025323440276650
Moshav Band - Adam (Single)		moshav-band-adam-single	https://mostlymusic.com/cdn/shop/files/57582.mp3?v=1185880641658108329
Alex Clare & Afiko.man - The Cave (Single)		alex-clare-afiko-man-the-cave-single	https://mostlymusic.com/cdn/shop/files/64629.mp3?v=14312810699079350944
Takshivu - Brand New Start (Single)		takshivu-brand-new-start-single	https://mostlymusic.com/cdn/shop/files/58586.mp3?v=12728747789346511343
Shea Berko - Yaamod (Single)		shea-berko-yaamod	https://mostlymusic.com/cdn/shop/files/2323495.mp3?v=10413827860391729986
Benny Friedman - Vesechezena (Single)		benny-friedman-vesechezena-single	https://mostlymusic.com/cdn/shop/files/2323468.mp3?v=15271626656646776466
Shea Berko, Yedidim Choir & Avrumi Berko Production Feb 1 '23		shea-berko-yedidim-choir-avrumi-berko-production-feb-1-23	https://mostlymusic.com/cdn/shop/files/60143.mp3?v=1028465701774726170
Mordechai Shapiro - Tamid Yesh Siba (Single)		mordechai-shapiro-tamid-yesh-siba-single	https://mostlymusic.com/cdn/shop/files/57579.mp3?v=10062289456377662424
Lipa Schmeltzer, The Shira Choir, Hershy Langsam Production - Aug. 6 '23 Liberman		lipa-schmeltzer-the-shira-choir-hershy-langsam-production-aug-6-23-liberman	https://mostlymusic.com/cdn/shop/files/61557.mp3?v=5028261310698450156
Assaf Harush - Kamocha Mamash (Single)		assaf-harush-kamocha-mamash-single	https://mostlymusic.com/cdn/shop/files/64628.mp3?v=11568057447138122138
Yitz Henkin - Shema Yisrael (Single)		yitz-henkin-shema-yisrael-single	https://mostlymusic.com/cdn/shop/files/2323465.mp3?v=13976211218747012845
Shlomo - Kmo Yeladim (Single)		shlomo-kmo-yeladim-single	https://mostlymusic.com/cdn/shop/files/62966.mp3?v=7773583166642026404
DJ Kraz & Mendel - Get To You (Single)		dj-kraz-mendel-get-to-you-single	https://mostlymusic.com/cdn/shop/files/64624.mp3?v=12086919158886998903
Eli Vogel - Tzadik [Cover] (Single)		eli-vogel-tzadik-cover-single	https://mostlymusic.com/cdn/shop/files/62964.mp3?v=5947454201180294501
Rafi The King Collection (EP)		rafi-the-king-collection-ep	https://mostlymusic.com/cdn/shop/files/58583.mp3?v=4062098253687556152
Rafi The King Collection (EP)		rafi-the-king-collection-ep	https://mostlymusic.com/cdn/shop/files/58584.mp3?v=16839118730806313167
Rafi The King Collection (EP)		rafi-the-king-collection-ep	https://mostlymusic.com/cdn/shop/files/58585.mp3?v=5714432206042257617
Meilech Braunstein, The Shira Choir & Avrumi Berko Production - Aug. 3 '23 Bar Mitzvah		meilech-braunstein-the-shira-choir-avrumi-berko-production-aug-3-23-bar-mitzvah	https://mostlymusic.com/cdn/shop/files/61556.mp3?v=17132482219946251940
Yaniv Ben Mashiach - Siman Katan (Single)		yaniv-ben-mashiach-siman-katan-single	https://mostlymusic.com/cdn/shop/files/57578.mp3?v=6586246648960619021
Eli Marcus - Ahavti (Single)		eli-marcus-ahavti-single	https://mostlymusic.com/cdn/shop/files/58582.mp3?v=18242019249441885955
Moshe Kraus - Simcha And Nachas		moshe-kraus-simcha-and-nachas	https://mostlymusic.com/cdn/shop/files/2323459.mp3?v=5403958373543659215
Moshe Klein - Titbonen Baolam (Single)		moshe-klein-titbonen-baolam-single	https://mostlymusic.com/cdn/shop/files/64623.mp3?v=3797240621159415952
Lipa Schmeltzer & Yossi Shtendig Production Feb. 14 '23		lipa-schmeltzer-yossi-shtendig-production-feb-14-23	https://mostlymusic.com/cdn/shop/files/60118.mp3?v=11897115123663759998
Micha Gamerman - Bead Hanitzchi (Single)		micha-gamerman-bead-hanitzchi-single	https://mostlymusic.com/cdn/shop/files/58581.mp3?v=5730362048124425094
Shea Berko & Avrumi Berko Production - Aug. 1 '23		shea-berko-avrumi-berko-production-aug-1-23	https://mostlymusic.com/cdn/shop/files/61555.mp3?v=12567454984967751808
Yonatan Razel & Talmidei Shirat HaLeviyim - Shir Hamalot [Cover] (Single)		yonatan-razel-talmidei-shirat-haleviyim-shir-hamalot-cover-single	https://mostlymusic.com/cdn/shop/files/62962.mp3?v=2247885458316514660
Isaac Gluck - Zain Git (Single)		isaac-gluck-zain-git-single	https://mostlymusic.com/cdn/shop/files/64622.mp3?v=9729105759878043270
David Zeitoun - Shir U'Shvacha (Single)		david-zeitoun-shir-ushvacha-single	https://mostlymusic.com/cdn/shop/files/57577.mp3?v=12706057617504334304
Levy Falkowitz, Yedidim Choir, & Shea Kaller Band Mar. 12 '23		levy-falkowitz-yedidim-choir-shea-kaller-band-mar-12-23	https://mostlymusic.com/cdn/shop/files/60119.mp3?v=12016703012104256691
Levy Falkowitz, Yedidim Choir, & Shea Kaller Band Mar. 12 '23		levy-falkowitz-yedidim-choir-shea-kaller-band-mar-12-23	https://mostlymusic.com/cdn/shop/files/60120.mp3?v=1545306622255188999
Levy Falkowitz, Yedidim Choir, & Shea Kaller Band Mar. 12 '23		levy-falkowitz-yedidim-choir-shea-kaller-band-mar-12-23	https://mostlymusic.com/cdn/shop/files/60121.mp3?v=11732503206067082679
Levy Falkowitz, Yedidim Choir, & Shea Kaller Band Mar. 12 '23		levy-falkowitz-yedidim-choir-shea-kaller-band-mar-12-23	https://mostlymusic.com/cdn/shop/files/60122.mp3?v=1775563866932799877
Levy Falkowitz, Yedidim Choir, & Shea Kaller Band Mar. 12 '23		levy-falkowitz-yedidim-choir-shea-kaller-band-mar-12-23	https://mostlymusic.com/cdn/shop/files/60123.mp3?v=6138782289990321134
Levy Falkowitz, Yedidim Choir, & Shea Kaller Band Mar. 12 '23		levy-falkowitz-yedidim-choir-shea-kaller-band-mar-12-23	https://mostlymusic.com/cdn/shop/files/60124.mp3?v=7752023866349745280
Levy Falkowitz, Yedidim Choir, & Shea Kaller Band Mar. 12 '23		levy-falkowitz-yedidim-choir-shea-kaller-band-mar-12-23	https://mostlymusic.com/cdn/shop/files/60125.mp3?v=12020001854752620544
Levy Falkowitz, Yedidim Choir, & Shea Kaller Band Mar. 12 '23		levy-falkowitz-yedidim-choir-shea-kaller-band-mar-12-23	https://mostlymusic.com/cdn/shop/files/60126.mp3?v=16356194082960263422
Levy Falkowitz, Yedidim Choir, & Shea Kaller Band Mar. 12 '23		levy-falkowitz-yedidim-choir-shea-kaller-band-mar-12-23	https://mostlymusic.com/cdn/shop/files/60127.mp3?v=1633121644998128061
Levy Falkowitz, Yedidim Choir, & Shea Kaller Band Mar. 12 '23		levy-falkowitz-yedidim-choir-shea-kaller-band-mar-12-23	https://mostlymusic.com/cdn/shop/files/60128.mp3?v=11873107938065868393
Levy Falkowitz, Yedidim Choir, & Shea Kaller Band Mar. 12 '23		levy-falkowitz-yedidim-choir-shea-kaller-band-mar-12-23	https://mostlymusic.com/cdn/shop/files/60129.mp3?v=446998780770128602
Levy Falkowitz, Yedidim Choir, & Shea Kaller Band Mar. 12 '23		levy-falkowitz-yedidim-choir-shea-kaller-band-mar-12-23	https://mostlymusic.com/cdn/shop/files/60130.mp3?v=10786685946135824236
Levy Falkowitz, Yedidim Choir, & Shea Kaller Band Mar. 12 '23		levy-falkowitz-yedidim-choir-shea-kaller-band-mar-12-23	https://mostlymusic.com/cdn/shop/files/60131.mp3?v=9134271615909876651
Levy Falkowitz, Yedidim Choir, & Shea Kaller Band Mar. 12 '23		levy-falkowitz-yedidim-choir-shea-kaller-band-mar-12-23	https://mostlymusic.com/cdn/shop/files/60132.mp3?v=13432014939286189051
Levy Falkowitz, Yedidim Choir, & Shea Kaller Band Mar. 12 '23		levy-falkowitz-yedidim-choir-shea-kaller-band-mar-12-23	https://mostlymusic.com/cdn/shop/files/60133.mp3?v=18117526035665914684
Levy Falkowitz, Yedidim Choir, & Shea Kaller Band Mar. 12 '23		levy-falkowitz-yedidim-choir-shea-kaller-band-mar-12-23	https://mostlymusic.com/cdn/shop/files/60134.mp3?v=237653237108765780
Levy Falkowitz, Yedidim Choir, & Shea Kaller Band Mar. 12 '23		levy-falkowitz-yedidim-choir-shea-kaller-band-mar-12-23	https://mostlymusic.com/cdn/shop/files/60135.mp3?v=13705194966566880806
Levy Falkowitz, Yedidim Choir, & Shea Kaller Band Mar. 12 '23		levy-falkowitz-yedidim-choir-shea-kaller-band-mar-12-23	https://mostlymusic.com/cdn/shop/files/60136.mp3?v=2730086552320337755
Levy Falkowitz, Yedidim Choir, & Shea Kaller Band Mar. 12 '23		levy-falkowitz-yedidim-choir-shea-kaller-band-mar-12-23	https://mostlymusic.com/cdn/shop/files/60137.mp3?v=3663294760543095833
Levy Falkowitz, Yedidim Choir, & Shea Kaller Band Mar. 12 '23		levy-falkowitz-yedidim-choir-shea-kaller-band-mar-12-23	https://mostlymusic.com/cdn/shop/files/60138.mp3?v=599019183973989095
Levy Falkowitz, Yedidim Choir, & Shea Kaller Band Mar. 12 '23		levy-falkowitz-yedidim-choir-shea-kaller-band-mar-12-23	https://mostlymusic.com/cdn/shop/files/60139.mp3?v=12422462023927312249
Levy Falkowitz, Yedidim Choir, & Shea Kaller Band Mar. 12 '23		levy-falkowitz-yedidim-choir-shea-kaller-band-mar-12-23	https://mostlymusic.com/cdn/shop/files/60140.mp3?v=11633906613223419366
Levy Falkowitz, Yedidim Choir, & Shea Kaller Band Mar. 12 '23		levy-falkowitz-yedidim-choir-shea-kaller-band-mar-12-23	https://mostlymusic.com/cdn/shop/files/60141.mp3?v=1005815959986781632
Levy Falkowitz, Yedidim Choir, & Shea Kaller Band Mar. 12 '23		levy-falkowitz-yedidim-choir-shea-kaller-band-mar-12-23	https://mostlymusic.com/cdn/shop/files/60142.mp3?v=9847336793408813653
Shmuly Hurwitz - "Mi Adir"		shmuly-hurwitz-mi-adir	https://mostlymusic.com/cdn/shop/files/56471.mp3?v=3820120957446887802
Yisroel Werdyger, Yedidim Choir & Yoely Fischer Creation - Aug. 8 '23 Stein		yisroel-werdyger-yedidim-choir-yoely-fischer-creation-aug-8-23-stein	https://mostlymusic.com/cdn/shop/files/61554.mp3?v=1674220635660775112
Shlomo Reich - Shaar L’Hashem (Single)		shlomo-reich-shaar-l-hashem-single	https://mostlymusic.com/cdn/shop/files/57576.mp3?v=11881422495098585767
Yisroel Macmull - Veuhavtu [Medley] (Single)		yisroel-macmull-veuhavtu-medley-single	https://mostlymusic.com/cdn/shop/files/62961.mp3?v=12505638723452854015
Menachem Kobi - Geula's Time (Single)		menachem-kobi-geulas-time-single	https://mostlymusic.com/cdn/shop/files/58580.mp3?v=16408148268646473563
R' Hershel Rosenberg - Vayikru (Single)		r-hershel-rosenberg-vayikru-single	https://mostlymusic.com/cdn/shop/files/60113.mp3?v=1212813281004358125
Mendy Worch - Rosh Hashana Uman		mendy-worch-rosh-hashana-uman	https://mostlymusic.com/cdn/shop/files/2323456.mp3?v=10710732602969111469
Shmaya Fischer & Shmiel Hersh Miller Production Feb. 28 '23		shmaya-fischer-shmiel-hersh-miller-production-feb-28-23	https://mostlymusic.com/cdn/shop/files/60116.mp3?v=2015683723229179962
Hershy Bleich - Tishin Oif Benk (Single)		hershy-bleich-tishin-oif-benk-single	https://mostlymusic.com/cdn/shop/files/64621.mp3?v=17731213050698703670
Moishy Weiss & Shimon Moskowitz - Aug. 1 '23		moishy-weiss-shimon-moskowitz-aug-1-23	https://mostlymusic.com/cdn/shop/files/61553.mp3?v=3483805185247662925
Shmuly Hurwitz - Sulam Sheli (Single)		shmuly-hurwitz-sulam-sheli-single	https://mostlymusic.com/cdn/shop/files/58579.mp3?v=384837717695341505
Shmully Blesofsky - Ki B'simcha [Cover] (Single)		shmully-blesofsky-ki-bsimcha-cover-single	https://mostlymusic.com/cdn/shop/files/60114.mp3?v=6998595546264210287
Simcha Jacoby -  Yiten Lecha Acapella		simcha-jacoby-yiten-lecha-acapella	https://mostlymusic.com/cdn/shop/files/2323442.mp3?v=9542960492146514409
Yehuda Heimann - Nu Nu Nu - (Single)		yehuda-heimann-nu-nu-nu-single	https://mostlymusic.com/cdn/shop/files/58566.mp3?v=4868902423428971952
Elad Amedi - Mivtsar Adir (Single)		elad-amedi-mivtsar-adir-single	https://mostlymusic.com/cdn/shop/files/57575.mp3?v=10378374101344826636
Srulik Kletzkin - Yeirueh [Cover] (Single)		srulik-kletzkin-yeirueh-cover-single	https://mostlymusic.com/cdn/shop/files/64620.mp3?v=12429200334141405737
Mordy Aisenstark - ''Keili Keili Lamah Azavtani.”		mordy-aisenstark-keili-keili-lamah-azavtani	https://mostlymusic.com/cdn/shop/files/2323989.mp3?v=5231895662510067783
Beri Weber & En3rgy Band - Teumim Mesivta Aug 9 '23		beri-weber-en3rgy-band-teumim-mesivta-aug-9-23	https://mostlymusic.com/cdn/shop/files/61552.mp3?v=5473884848321597280
Shmili Goldberger - R' Shimon (Single)		shmili-goldberger-r-shimon-single	https://mostlymusic.com/cdn/shop/files/64618.mp3?v=11866840216889991102
Bentzi Kletzkin - Le'hazmin Li (Single)		bentzi-kletzkin-lehazmin-li-single	https://mostlymusic.com/cdn/shop/files/58565.mp3?v=3200847557559025731
Menachem Halevi - Lekavod Hatana (Single)		menachem-halevi-lekavod-hatana-single	https://mostlymusic.com/cdn/shop/files/62959.mp3?v=4508497769242278150
Chanoch Ben Moshe - Lo Levad (Single)		chanoch-ben-moshe-lo-levad-single	https://mostlymusic.com/cdn/shop/files/57574.mp3?v=13079438797504069256
Yosef Nativ - Ani HaYahalom (Single)		yosef-nativ-ani-hayahalom-single	https://mostlymusic.com/cdn/shop/files/60115.mp3?v=15219211669479387547
Shloime Balsam - Lo Lefached (Single)		shloime-balsam-lo-lefached-single	https://mostlymusic.com/cdn/shop/files/61551.mp3?v=16997450623353241324
Hershey Rottenberg - Ben Torah / בן תורה		hershey-rottenberg-ben-torah	https://mostlymusic.com/cdn/shop/files/2323988.mp3?v=295095874383685345
Shmulik Lunger, Mendy Weiss & Yoeli Davidovich - Yevatel (Single)		shmulik-lunger-mendy-weiss-yoeli-davidovich-yevatel-single	https://mostlymusic.com/cdn/shop/files/64617.mp3?v=12870875139518790031
Assaf Harush - Gibor (Single)		assaf-harush-gibor-single	https://mostlymusic.com/cdn/shop/files/57573.mp3?v=4042803167707211231
Avishai Eshel - Shabechi (Single)		avishai-eshel-shabechi-single	https://mostlymusic.com/cdn/shop/files/61550.mp3?v=269521972652069238
Tuvie Eichler - Open Up (Single)		tuvie-eichler-open-up-single	https://mostlymusic.com/cdn/shop/files/62956.mp3?v=5956161098293240320
Eitan Cohen - Mangina (Single)		eitan-cohen-mangina-single	https://mostlymusic.com/cdn/shop/files/60112.mp3?v=2995919372664845106
Naftali Kempeh - Sheyafutzu (Single)		naftali-kempeh-sheyafutzu-single	https://mostlymusic.com/cdn/shop/files/58564.mp3?v=4072750798515546619
All Star - Always With You/תמיד אתך (Single)		all-star-tamid-itcha-single	https://mostlymusic.com/cdn/shop/files/2323439.mp3?v=6664444970831702504
Yisroel Werdyger, Yoely Fischer Production - Nov. 9 '21 Krausz (Wedding)		yisroel-werdyger-yoely-fischer-production-nov-9-21-krausz-wedding	https://mostlymusic.com/cdn/shop/files/57554.mp3?v=9541280247750602052
Shmueli Ungar - Vekarev Pezurainu (Single)		shmueli-ungar-vekarev-pezurainu-single	https://mostlymusic.com/cdn/shop/files/61548.mp3?v=7073067615457479861
Lipa Schmeltzer & Hershy Langsam Production Mar. 1 '23 Posen		lipa-schmeltzer-hershy-langsam-production-mar-1-23-posen	https://mostlymusic.com/cdn/shop/files/60111.mp3?v=56747756979608942
Ari Heiman - Mevatel Kol Hagzeiros (Single)		ari-heiman-mevatel-kol-hagzeiros-single	https://mostlymusic.com/cdn/shop/files/64616.mp3?v=5933585468019644067
Simcha Abramczik - Ufrois Olainu (Single)		simcha-abramczik-ufrois-olainu-single	https://mostlymusic.com/cdn/shop/files/61547.mp3?v=17461271262241780769
Nehoray Arieli - Man D'avid L'tav (Single)		nehoray-arieli-man-david-ltav-single	https://mostlymusic.com/cdn/shop/files/58563.mp3?v=17343871623139073119
Akiva Hammond feat. Tžvi - Y'hey [Remix] (Single)		akiva-hammond-feat-tzvi-yhey-remix-single	https://mostlymusic.com/cdn/shop/files/62954.mp3?v=3501064415573421396
Gabe Bauman feat. Ilan Bauman - How iShine (Single)		gabe-bauman-feat-ilan-bauman-how-ishine-single	https://mostlymusic.com/cdn/shop/files/62955.mp3?v=16363004804886144400
Yonatan Vinnik - Shivisi (Single)		yonatan-vinnik-shivisi-single	https://mostlymusic.com/cdn/shop/files/yonatan-vinnik---shivisi-(single)---shivisi-/-download-single-track.mp3?v=44111
Suscher Guttman, The Shira Choir, Yanky Briskman Production (Wedding)		suscher-guttman-the-shira-choir-yanky-briskman-production-wedding	https://mostlymusic.com/cdn/shop/files/57553.mp3?v=556493311975736412
Sruly Green & Shmili Landau - Efen Di Tir (Single)		sruly-green-shmili-landau-efen-di-tir-single	https://mostlymusic.com/cdn/shop/files/64615.mp3?v=16798216794224214742
Yossi Rotner - Lo efchad (Single)		yossi-rotner-lo-efchad-single	https://mostlymusic.com/cdn/shop/files/58562.mp3?v=17500016291726663254
Yosef Karduner - Tov Lehodot (Single)		yosef-karduner-tov-lehodot-single	https://mostlymusic.com/cdn/shop/files/62957.mp3?v=13250766432833861228
Nissim Black - Keep Going (Single)		nissim-black-keep-going-single	https://mostlymusic.com/cdn/shop/files/62952.mp3?v=10077789456168583512
Ari Samet & Shaya Gross - Hakufah B (Single)		ari-samet-shaya-gross-hakufah-b-single	https://mostlymusic.com/cdn/shop/files/61546.mp3?v=14162354143502376461
Motty Ilowitz & Tnuah Choir - Rabbi Akiva [Acapella] (Single)		motty-ilowitz-tnuah-choir-rabbi-akiva-acapella-single	https://mostlymusic.com/cdn/shop/files/64614.mp3?v=11428087932024588435
Bentzy Weberman, The Shira Choir & Motty Breier Feb. 28 '23 Weissmandel		bentzy-weberman-the-shira-choir-motty-breier-feb-28-23-weissmandel	https://mostlymusic.com/cdn/shop/files/60110.mp3?v=6868323246697315854
Pini Einhorn - Taamin (Single)		pini-einhorn-taamin-single	https://mostlymusic.com/cdn/shop/files/58561.mp3?v=10682472556621592031
Sruly Werdyger Yoely Fischer Production - Nov. 9 '21 Blumenfeld Wedding (Wedding)		sruly-werdyger-yoely-fischer-production-nov-9-21-blumenfeld-wedding-wedding	https://mostlymusic.com/cdn/shop/files/57551.mp3?v=7263483452655150019
Moshe Tischler - Bishvili (Single)		moshe-tischler-bishvili-single	https://mostlymusic.com/cdn/shop/files/56443.mp3?v=5447179852687562494
Amram Adar feat Itzik Shamli & The Maccabeats - Despacito A Cappella		amram-adar-despacito-acapella	https://mostlymusic.com/cdn/shop/files/2323424.mp3?v=6572063966966435152
Kalmey Schwartz & Motty Breier Production Feb. 1 '23 Rubinstein		kalmey-schwartz-motty-breier-production-feb-1-23-rubinstein	https://mostlymusic.com/cdn/shop/files/60109.mp3?v=13220926694346094562
Suscher Guttman, Avrumi Berko Production - Nov. 23 '21 (Wedding)		suscher-guttman-avrumi-berko-production-nov-23-21-wedding	https://mostlymusic.com/cdn/shop/files/57552.mp3?v=8393342225835345931
Shmaya Fischer & Nachmen Dreyer - Vihi Noam [Cover] (Single)		shmaya-fischer-nachmen-dreyer-vihi-noam-cover-single	https://mostlymusic.com/cdn/shop/files/62951.mp3?v=807300746804373161
Shea'la Roth - Succos Tantz (Single)		sheala-roth-succos-tantz-single	https://mostlymusic.com/cdn/shop/files/61544.mp3?v=4738203731005206609
Musikalish Choir & Shulem Lemmer - Kuritz Mechomer [Acapella] (Single)		musikalish-choir-shulem-lemmer-kuritz-mechomer-acapella-single	https://mostlymusic.com/cdn/shop/files/64613.mp3?v=9718088630124709399
Moshe Klein & Gad Elbaz - Lenasot (Single)		moshe-klein-gad-elbaz-lenasot-single	https://mostlymusic.com/cdn/shop/files/58560.mp3?v=17901987041959591537
Bentzy Weberman & Yoely Fischer Production Feb. 23 '23 Bikel		bentzy-weberman-yoely-fischer-production-feb-23-23-bikel	https://mostlymusic.com/cdn/shop/files/60108.mp3?v=791452759428809699
Shirei Pinchas - Hatov Acapella Single		shirei-pinchas-hatov-acapella-single	https://mostlymusic.com/cdn/shop/files/2323416.mp3?v=12403265867228520642
Sruly Altman, Lipa Brach - Nov. 18 '21 Greenberg (Wedding)		sruly-altman-lipa-brach-nov-18-21-greenberg-wedding	https://mostlymusic.com/cdn/shop/files/57550.mp3?v=1783968300288895509
Ari Goldwag - Yerushalayim (Acapella Single)		ari-goldwag-yerushalayim-single	https://mostlymusic.com/cdn/shop/files/2323443.mp3?v=2341397413545348175
Shmaya Fischer, Moshe Glick - Nov. 16 '21 Rosenberger (Wedding)		shmaya-fischer-moshe-glick-nov-16-21-rosenberger-wedding	https://mostlymusic.com/cdn/shop/files/57549.mp3?v=146985338490972124
Hershy Eisenbach & Dudi Herbst - Vesumachtu Tantz (Single)		hershy-eisenbach-dudi-herbst-vesumachtu-tantz-single	https://mostlymusic.com/cdn/shop/files/61543.mp3?v=9684225528956895806
Menachem Moskowitz & Mez Production Feb. 20 '23		menachem-moskowitz-mez-production-feb-20-23	https://mostlymusic.com/cdn/shop/files/60107.mp3?v=10867638793129465091
Yosef Chaim Shwekey - Bizchus Hatzadik (Single)		yosef-chaim-shwekey-bizchus-hatzadik-single	https://mostlymusic.com/cdn/shop/files/62950.mp3?v=6196932416586228007
Avraham Fried & Lior Narkis - Vesamachta Bechagecha [Tzamah] (Single)		avraham-fried-lior-narkis-vesamachta-bechagecha-tzamah-single	https://mostlymusic.com/cdn/shop/files/61542.mp3?v=2412738089483575705
Musikalish Choir & Isaac Honig - Unu Melech [Acapella] (Single)		musikalish-choir-isaac-honig-unu-melech-acapella-single	https://mostlymusic.com/cdn/shop/files/64600.mp3?v=7031262777731588944
Yedidim International & Yair Elaytzur - Tamid Ohev Oti [Acapella] (Single)		yedidim-international-yair-elaytzur-tamid-ohev-oti-acapella-single	https://mostlymusic.com/cdn/shop/files/64601.mp3?v=13037123262019925652
Kalmey Schwartz & Chesky Schwartz Feb. 22 '23		kalmey-schwartz-chesky-schwartz-feb-22-23	https://mostlymusic.com/cdn/shop/files/60106.mp3?v=15044088357691045729
Ari Weiss & Negina Choir - Yevatel (Single)		ari-weiss-negina-choir-yevatel-single	https://mostlymusic.com/cdn/shop/files/62948.mp3?v=5279325355012646067
DJ Yehuda - Baruch Hashem Remix (Single)		dj-yehuda-baruch-hashem-remix-single	https://mostlymusic.com/cdn/shop/files/23232398.mp3?v=1476275920184412474
Simche Friedman - Bo Lepo (Single)		simche-friedman-bo-lepo-single	https://mostlymusic.com/cdn/shop/files/58557.mp3?v=8673747847932068328
Nemouel - Rak Ata (Single)		nemouel-rak-ata-single	https://mostlymusic.com/cdn/shop/files/58558.mp3?v=16451241880584254837
Shmili Landau - Simchas Beis HaShoeva Mix (Single)		shmili-landau-simchas-beis-hashoeva-mix-single	https://mostlymusic.com/cdn/shop/files/61541.mp3?v=776007920464415434
The king Style - Purim 2018 (Single)		the-king-style-purim-2018-single	https://mostlymusic.com/cdn/shop/files/23232409.mp3?v=7304826216262183917
Shmaya Fischer, En3rgy Band - Oct. 27 '21 Friedman (Wedding)		shmaya-fischer-en3rgy-band-oct-27-21-friedman-wedding	https://mostlymusic.com/cdn/shop/files/57548.mp3?v=5879454879031032028
Yochanan Goldberg & Avraham Balti - A Rikud By Reb Shimon (Single)		yochanan-goldberg-avraham-balti-a-rikud-by-reb-shimon-single	https://mostlymusic.com/cdn/shop/files/62947.mp3?v=17617508609687913063
Shimmy Engel, Zalmen Schnitzler Production - Nov. 10 '21 Rosenberg (Wedding)		shimmy-engel-zalmen-schnitzler-production-nov-10-21-rosenberg-wedding	https://mostlymusic.com/cdn/shop/files/57547.mp3?v=15111243248752863065
Zanvil Weinberger, Malchus & Chasidimlech Choir - Sheyiboneh [Acapella Cover] (Single)		zanvil-weinberger-malchus-chasidimlech-choir-sheyiboneh-acapella-cover-single	https://mostlymusic.com/cdn/shop/files/64599.mp3?v=334666552886137439
Joey Newcomb & Naftali Kempeh - Slabodka Niggun [Acapella] (Single)		joey-newcomb-naftali-kempeh-slabodka-niggun-acapella-single	https://mostlymusic.com/cdn/shop/files/64598.mp3?v=7299818968536262007
Sruly Altman & Lipa Brach Feb. 28 '23 Berger		sruly-altman-lipa-brach-feb-28-23-berger	https://mostlymusic.com/cdn/shop/files/60105.mp3?v=17284748781727782614
Ahrele Samet, Meir Adler, Bentzi Stein, Haim Israel & Ari Hill - Fire In Miron [Medley] (Single)		ahrele-samet-meir-adler-bentzi-stein-haim-israel-ari-hill-fire-in-miron-medley-single	https://mostlymusic.com/cdn/shop/files/62946.mp3?v=16030540292561900071
Kalmey Schwartz & Hershy Langsam Production Feb. 26 '23 Konig		kalmey-schwartz-hershy-langsam-production-feb-26-23-konig	https://mostlymusic.com/cdn/shop/files/60104.mp3?v=9905209152419817643
Shea Berko, Yeedle Kahan Plus - Nov. 24 '21 Knopf (Wedding)		shea-berko-yeedle-kahan-plus-nov-24-21-knopf-wedding	https://mostlymusic.com/cdn/shop/files/57546.mp3?v=11533296234501852986
Yisroel Werdyger & Chesky Schwartz - April 28 '22		yisroel-werdyger-chesky-schwartz-april-28-22	https://mostlymusic.com/cdn/shop/files/58390.mp3?v=9091693788745334818
Moshe Duvid Weismandl - Apiryon [Acapella Cover] (Single)		moshe-duvid-weismandl-apiryon-acapella-cover-single	https://mostlymusic.com/cdn/shop/files/64597.mp3?v=711303101549693821
David Cohen - Haohr Hamyuchad (Single)		david-cohen-haohr-hamyuchad-single	https://mostlymusic.com/cdn/shop/files/58559.mp3?v=17081479137617648182
Shlomo Yehuda Rechnitz - Matana Toiva (FREE)		shlomo-yehuda-rechnitz-matuneh-toiva-free	https://mostlymusic.com/cdn/shop/files/56146.mp3?v=15497530516128075939
Shlomo Yehuda Rechnitz - Matana Toiva (FREE)		shlomo-yehuda-rechnitz-matuneh-toiva-free	https://mostlymusic.com/cdn/shop/files/56147.mp3?v=15053036853987001020
Shlomo Yehuda Rechnitz - Matana Toiva (FREE)		shlomo-yehuda-rechnitz-matuneh-toiva-free	https://mostlymusic.com/cdn/shop/files/56148.mp3?v=10023260097659981833
Shlomo Yehuda Rechnitz - Matana Toiva (FREE)		shlomo-yehuda-rechnitz-matuneh-toiva-free	https://mostlymusic.com/cdn/shop/files/56149.mp3?v=5136737408091671404
Shlomo Yehuda Rechnitz - Matana Toiva (FREE)		shlomo-yehuda-rechnitz-matuneh-toiva-free	https://mostlymusic.com/cdn/shop/files/56150.mp3?v=3314825887227518412
Shlomo Yehuda Rechnitz - Matana Toiva (FREE)		shlomo-yehuda-rechnitz-matuneh-toiva-free	https://mostlymusic.com/cdn/shop/files/56151.mp3?v=11754643602925576307
Shlomo Yehuda Rechnitz - Matana Toiva (FREE)		shlomo-yehuda-rechnitz-matuneh-toiva-free	https://mostlymusic.com/cdn/shop/files/56152.mp3?v=13752715100795464600
Shlomo Yehuda Rechnitz - Matana Toiva (FREE)		shlomo-yehuda-rechnitz-matuneh-toiva-free	https://mostlymusic.com/cdn/shop/files/56153.mp3?v=7140693338726654392
Shlomo Yehuda Rechnitz - Matana Toiva (FREE)		shlomo-yehuda-rechnitz-matuneh-toiva-free	https://mostlymusic.com/cdn/shop/files/56154.mp3?v=2070043767490378304
Shlomo Yehuda Rechnitz - Matana Toiva (FREE)		shlomo-yehuda-rechnitz-matuneh-toiva-free	https://mostlymusic.com/cdn/shop/files/56155.mp3?v=8408989938428887232
Shlomo Yehuda Rechnitz - Matana Toiva (FREE)		shlomo-yehuda-rechnitz-matuneh-toiva-free	https://mostlymusic.com/cdn/shop/files/56156.mp3?v=5075428192628685050
Shlomo Yehuda Rechnitz - Matana Toiva (FREE)		shlomo-yehuda-rechnitz-matuneh-toiva-free	https://mostlymusic.com/cdn/shop/files/56157.mp3?v=9253800059583664736
Zalman Leiter - Mimkomcha [Cover] (Single)		zalman-leiter-mimkomcha-cover-single	https://mostlymusic.com/cdn/shop/files/61539.mp3?v=9742148245376744185
Yanky Daskal - De Viznitze Bar Yochuee [Cover] (Single)		yanky-daskal-de-viznitze-bar-yochuee-cover-single	https://mostlymusic.com/cdn/shop/files/62945.mp3?v=14160715111291101931
Epic Theme Song (Single)		epic-shpiel-productions-epic-theme-song-single	https://mostlymusic.com/cdn/shop/files/61540.mp3?v=17671862551544138734
Shmaya Fischer - Apr '22 Wedding Collection		shmaya-fischer-apr-22-wedding-collection	https://mostlymusic.com/cdn/shop/files/58393.mp3?v=2415735609436075893
Shmuel Perednik - Nekudot (Single)		shmuel-perednik-nekudot-single	https://mostlymusic.com/cdn/shop/files/60103.mp3?v=16897816651354036226
DJ Ancii & Ari Samet - Heiligeh Hakufos (Single)		dj-ancii-ari-samet-heiligeh-hakufos-single	https://mostlymusic.com/cdn/shop/files/61528.mp3?v=3125642057429159742
Zusha - Hareini Mechavein (Single)		zusha-hareini-mechavein-single	https://mostlymusic.com/cdn/shop/files/57560.mp3?v=17751743207224205994
Shea Berko, Yedidim Choir, Shimmy Levy Production - Oct. 18 '21 Irons (Wedding)		shea-berko-yedidim-choir-shimmy-levy-production-oct-18-21-irons-wedding	https://mostlymusic.com/cdn/shop/files/57545.mp3?v=9271754657342179690
Rabbi Greenspan ft. Afiko.Man & Mendy Worch - Yum Yum [Acapella] (Single)		rabbi-greenspan-ft-afiko-man-mendy-worch-yum-yum-acapella-single	https://mostlymusic.com/cdn/shop/files/64596.mp3?v=7589063643290650033
Eyal Twito - Chalomot (Single)		eyal-twito-chalomot-single	https://mostlymusic.com/cdn/shop/files/60081.mp3?v=1663522027552412902
Meir Dov Klein - Bi Di Bum Bum (Single)		meir-dov-klein-bi-di-bum-bum-single	https://mostlymusic.com/cdn/shop/files/23232391.mp3?v=5470729667023937343
Harel Tal - Lulei Hashem (Single)		harel-tal-lulei-hashem-single	https://mostlymusic.com/cdn/shop/files/60082.mp3?v=969885227135402650
Lipa Schmeltzer - A Poshiter Yid [Remix] (Single)		lipa-schmeltzer-a-poshiter-yid-remix-single	https://mostlymusic.com/cdn/shop/files/57559.mp3?v=16242794071666894413
Bentzy Weberman & Zalmen Schnitzler - March 30 '22 Selcer		bentzy-weberman-zalmen-schnitzler-march-30-22-selcer	https://mostlymusic.com/cdn/shop/files/58398.mp3?v=16110827418187246830
Yechiel Giniger - Standing With Me [Acapella] (Single)		yechiel-giniger-standing-with-me-acapella-single	https://mostlymusic.com/cdn/shop/files/64595.mp3?v=12738088670233952243
Ahrele Samet, Dudi Pollack & Neranana Choir - Lag BaOmer Medley (Single)		ahrele-samet-dudi-pollack-neranana-choir-lag-baomer-medley-single	https://mostlymusic.com/cdn/shop/files/62934.mp3?v=7128914322006304650
Ishay Ribo - Back Home/לשוב הביתה		ishay-ribo-back-home	https://mostlymusic.com/cdn/shop/files/23232386.mp3?v=7078545441534441759
Ahrele Samet, Moshe Shtekel & Malchus Choir - L'chovod Hatana (Single)		ahrele-samet-moshe-shtekel-malchus-choir-lchovod-hatana-single	https://mostlymusic.com/cdn/shop/files/62942.mp3?v=1031168546322309053
Avrumi Sternfeld & Shmulik Klein - Vetaher Libenu (Single)		avrumi-sternfeld-shmulik-klein-vetaher-libenu-single	https://mostlymusic.com/cdn/shop/files/61517.mp3?v=7603972691130307799
Mordche Berger Boys Choir Ft. Sruli Friedman - Es Tzemach Duvid - [Acapella cover] (Single)		mordche-berger-boys-choir-ft-sruli-friedman-es-tzemach-duvid-acapella-cover-single	https://mostlymusic.com/cdn/shop/files/58542.mp3?v=2507915851109624548
Ari Hill, Moshe Duvid Weissmandel & Neshama Choir - Megeit Machen Kiddish [Cover] (Single)		ari-hill-moshe-duvid-weissmandel-neshama-choir-megeit-machen-kiddish-cover-single	https://mostlymusic.com/cdn/shop/files/61523.mp3?v=17852334077767345273
Shulem & Yanky Lemmer - The Man From Vilna [Cover] (Single)		shulem-yanky-lemmer-the-man-from-vilna-cover-single	https://mostlymusic.com/cdn/shop/files/57558.mp3?v=9376240636442771120
Musikalish Choir & Dudi Kalish - Teniyos [Acapella] (Single)		musikalish-choir-dudi-kalish-teniyos-acapella-single	https://mostlymusic.com/cdn/shop/files/64588.mp3?v=9383260614660221944
Yosef Nativ - Rabot Machshavot (Single)		yosef-nativ-rabot-machshavot-single	https://mostlymusic.com/cdn/shop/files/60086.mp3?v=9122524328847275360
8th Day - Tut Altz (Single)		8th-day-tut-altz-single	https://mostlymusic.com/cdn/shop/files/62943.mp3?v=13678009936124197278
Yonatan Stern & Sahar Haluzy - Akiva Medley [Acapella] (Single)		yonatan-stern-sahar-haluzy-akiva-medley-acapella-single	https://mostlymusic.com/cdn/shop/files/64554.mp3?v=12628109661365017732
Purim Guys - Hamichabeh (Single)		purim-guys-hamichabeh-single	https://mostlymusic.com/cdn/shop/files/2323489.mp3?v=6977721672194154025
Yoni Genut - Gam Ki Elech [Cover] (Single)		yoni-genut-gam-ki-elech-cover-single	https://mostlymusic.com/cdn/shop/files/62935.mp3?v=7114751440161420714
Menachem Moskowitz & Shmiel Hersh Miller - March 28 '22		menachem-moskowitz-shmiel-hersh-miller-march-28-22	https://mostlymusic.com/cdn/shop/files/58388.mp3?v=12566983227010378312
Nissim Black ft. Oryahh - Love Me (Single)		nissim-black-ft-oryahh-love-me-single	https://mostlymusic.com/cdn/shop/files/61520.mp3?v=12851011423314548203
Emanuel Shulmanr - Techayech (Single)		emanuel-shulmanr-techayech-single	https://mostlymusic.com/cdn/shop/files/57557.mp3?v=9189587187717002069
Yosef Lowenbraun - Ana Avda (Single)		yosef-lowenbraun-ana-avda	https://mostlymusic.com/cdn/shop/files/2323435.mp3?v=2196262543605282489
Shmuly Schneider & Ari Goldwag - Unspoken Words [Acapella] (Single)		shmuly-schneider-ari-goldwag-unspoken-words-acapella-single	https://mostlymusic.com/cdn/shop/files/64553.mp3?v=6551702998855687688
Mishalot Boys Choir - Ktanot Shebaktanot [Acapella Cover] (Single)		mishalot-boys-choir-ktanot-shebaktanot-acapella-cover-single	https://mostlymusic.com/cdn/shop/files/58541.mp3?v=15277013365012831154
Yitzchak Meir - Tenuchamu (Single)		yitzchak-meir-tenuchamu-single	https://mostlymusic.com/cdn/shop/files/62937.mp3?v=14800583166803726365
Shmueli Ungar - Unspoken Words [Nshei Adirei Hatorah] (Single)		shmueli-ungar-unspoken-words-nshei-adirei-hatorah-single	https://mostlymusic.com/cdn/shop/files/61521.mp3?v=2250144622390137027
Uri Altboum & Amiran Dvir - Balladat Hashemesh V'hayareach (Single)		uri-altboum-amiran-dvir-balladat-hashemesh-vhayareach-single	https://mostlymusic.com/cdn/shop/files/60085.mp3?v=4793814254784451156
Chili Genuth Feat. Hasidic Rapper - Ohr Haguniz (Single)		chili-genuth-feat-hasidic-rapper-ohr-haguniz-single-1	https://mostlymusic.com/cdn/shop/files/57556.mp3?v=8118736165880810008
Mordechai Klein - Ifrois Uleinu [Cover] (Single)		mordechai-klein-ifrois-uleinu-cover-single	https://mostlymusic.com/cdn/shop/files/60084.mp3?v=5023916607650442680
Suscher Guttman & Yoely Fischer - March 3 '22 Bouer		suscher-guttman-yoely-fischer-march-3-22-bouer	https://mostlymusic.com/cdn/shop/files/58404.mp3?v=2539595579239183622
Yosef Lowenbraun - Ode (Feat: Ely Shalom)		yosef-lowenbraun-ode-feat-ely-shalom	https://mostlymusic.com/cdn/shop/files/23232404.mp3?v=1197037893340103998
Pinny Doppelt & Friends - Shoshanas Yaakov (Single)		pinny-doppelt-friends-shoshanas-single	https://mostlymusic.com/cdn/shop/files/23232402.mp3?v=14864936275863360376
Kobi Brummer & Ari Goldwag - Hoshana (Single)		kobi-brummer-ari-goldwag-hoshana-single	https://mostlymusic.com/cdn/shop/files/61518.mp3?v=4669036502360536121
Moshe Auslander - Tomachti (Single)		moshe-auslander-tomachti-single	https://mostlymusic.com/cdn/shop/files/62940.mp3?v=16437956254824691166
Bini Landau - Kedem (Single)		bini-landau-kedem-single	https://mostlymusic.com/cdn/shop/files/57555.mp3?v=17627689850987317225
Yechiel Giniger & Ari Goldwag - I Need You Now [Acapella] (Single)		yechiel-giniger-ari-goldwag-i-need-you-now-acapella-single	https://mostlymusic.com/cdn/shop/files/64552.mp3?v=12534031329189417457
Hershy Weinberger, Baruch Levine & Naftali Kempeh - Shivti (Single)		hershy-weinberger-baruch-levine-naftali-kempeh-shivti-single	https://mostlymusic.com/cdn/shop/files/64519.mp3?v=17778079153363331863
Ahrele Samet - Holy Moments 2 (Single)		ahrele-samet-holy-moments-2-single	https://mostlymusic.com/cdn/shop/files/61515.mp3?v=11560435158882396050
Elazar Chen - Al Teshiveni [Acapella] (Single)		elazar-chen-al-teshiveni-acapella-single	https://mostlymusic.com/cdn/shop/files/58540.mp3?v=9980571097509291732
Meydad Tasa - Ratziti Ligdol (Single)		meydad-tasa-ratziti-ligdol-single	https://mostlymusic.com/cdn/shop/files/60083.mp3?v=10088585186293833717
Joey Newcomb - A Gutte Voch [Acapella] (Single)		joey-newcomb-a-gutte-voch-acapella-single	https://mostlymusic.com/cdn/shop/files/58539.mp3?v=5478725951217523883
Moshe Peretz - Kulam Ahuvim (Single)		moshe-peretz-kulam-ahuvim-single	https://mostlymusic.com/cdn/shop/files/62939.mp3?v=14360875632134633877
Tatte Mir Loiben Dir		tatte-mir-loiben-dir	https://mostlymusic.com/cdn/shop/files/23232401.mp3?v=11417136176906798546
Shea Berko, Boruch Yidey Gross Production - Dec. 20 '21 Itzkowits (Wedding)		shea-berko-boruch-yidey-gross-production-dec-20-21-itzkowits-wedding	https://mostlymusic.com/cdn/shop/files/57544.mp3?v=1205521564308717237
Ariel Tzur - Sameach (Single)		ariel-tzur-sameach-single	https://mostlymusic.com/cdn/shop/files/60079.mp3?v=6175113973949071015
Yonatan Razel & Golan Vach - Gam Ki Elech [Cover] (Single)		yonatan-razel-golan-vach-gam-ki-elech-cover-single	https://mostlymusic.com/cdn/shop/files/62936.mp3?v=18373302611939058100
DJ Farbreng ft. Mendy Worch - Hallel Upmix (Single)		dj-farbreng-ft-mendy-worch-hallel-upmix-single	https://mostlymusic.com/cdn/shop/files/64518.mp3?v=5263200711905440032
Yanky Ausch, Mendy Brandwein, Neshama & Zingerlich Choir - Pinky's Niggunim #2		yanky-ausch-mendy-brandwein-neshama-zingerlich-choir-pinkys-niggunim-2	https://mostlymusic.com/cdn/shop/files/61453.mp3?v=6956793557356930540
Acheinu (The Shapiro Brothers) - Nacheim [Acapella] (Single)		acheinu-the-shapiro-brothers-nacheim-acapella-single	https://mostlymusic.com/cdn/shop/files/58538.mp3?v=1690222001185300802
Menachem Moskowitz, The Shira Choir, Shimmy Levy Production - Dec. 12 '21 Weingarten (Wedding)		dec-12-21-weingarten-menachem-moskowitz-the-shira-choir-shimmy-levy-production-wedding	https://mostlymusic.com/cdn/shop/files/57543.mp3?v=16038642410268918332
Acheinu/The Shapiro Brothers - Their Children... Our Nachas (Single)		acheinu-the-shapiro-brothers-their-children-our-nachas-single	https://mostlymusic.com/cdn/shop/files/60078.mp3?v=15694190520590887710
Purim Guys - Chayav Innish		purim-guys-chayav-innish	https://mostlymusic.com/cdn/shop/files/23232399.mp3?v=13649877054290557000
Shir Chodosh Boys Choir - Yom Kippur Medley (Single)		shir-chodosh-boys-choir-yom-kippur-medley-single	https://mostlymusic.com/cdn/shop/files/61452.mp3?v=6402134092737758376
Yaakov Gifter & Sons Avraham, Mordechai, Shaya, Yisroel Zev & Aryeh Leib - Ma Ahavti (Single)		yaakov-gifter-sons-avraham-mordechai-shaya-yisroel-zev-aryeh-leib-ma-ahavti-single	https://mostlymusic.com/cdn/shop/files/60077.mp3?v=820594432705551679
Lipa Schmeltzer, The Shira Choir, Yossi Shtendig Production - Oct. 26 '21 Goldberger (Wedding)		lipa-schmeltzer-the-shira-choir-yossi-shtendig-production-oct-26-21-goldberger-wedding	https://mostlymusic.com/cdn/shop/files/57542.mp3?v=7816742601703672735
Chidish Nachas Theme Song (Single)		chidish-nachas-theme-song-single	https://mostlymusic.com/cdn/shop/files/64517.mp3?v=17462200664744997120
Avraham Fried/Malchus Choir - Pikudei Hashem (Single)		avraham-fried-malchus-choir-pikudei-hashem-single	https://mostlymusic.com/cdn/shop/files/23232384.mp3?v=10133019186318746434
Suscher Guttman, Avrum Mordche Schwartz, Yedidim Choir & Mendy Panski Production - March 2 '22 Prager		suscher-guttman-avrum-mordche-schwartz-yedidim-choir-mendy-panski-production-march-2-22-prager	https://mostlymusic.com/cdn/shop/files/58405.mp3?v=3425348887930181943
Epic Theme Song 2025 (Single)		epic-theme-song-2025-single	https://mostlymusic.com/cdn/shop/files/64516.mp3?v=3411105667691198874
Shlomi Shabat - Boee Ima (Single)		shlomi-shabat-boee-ima-single	https://mostlymusic.com/cdn/shop/files/62938.mp3?v=15847282583999214532
Yitzy Waldner ft. Yidi Bialostozky - Veheveisi (Single)		yitzy-waldner-ft-yidi-bialostozky-veheveisi-single	https://mostlymusic.com/cdn/shop/files/64515.mp3?v=10932629944730933231
Teraneinu (Single)		teraneinu-single	https://mostlymusic.com/cdn/shop/files/23232382.mp3?v=2472955296368615480
Meilech Braunstein - Chasima (Single)		meilech-braunstein-chasima-single	https://mostlymusic.com/cdn/shop/files/61451.mp3?v=13483469293224573278
Yoni Gelfand & Yosef Gestetner ft. Kollab Music Group - Shivti [Acapella] (Single)		yoni-gelfand-yosef-gestetner-ft-kollab-music-group-shivti-acapella-single	https://mostlymusic.com/cdn/shop/files/62909.mp3?v=15398340395671281459
Shea Berko & Yossi Shtendig Production - Feb. 7 '22 Chaimowitz		shea-berko-yossi-shtendig-production-feb-7-22-chaimowitz	https://mostlymusic.com/cdn/shop/files/58397.mp3?v=8362541722871070557
Mishalot Boys Choir - Ba'avur Avotenu [Acapella Cover] (Single)		mishalot-boys-choir-baavur-avotenu-acapella-cover-single	https://mostlymusic.com/cdn/shop/files/62910.mp3?v=12638704881393437724
Lipa Schmeltzer, The Shira Choir, Shimmy Levy Production - Lichtman Wedding 10.19.21 (Wedding)		lipa-schmeltzer-the-shira-choir-shimmy-levy-production-lichtman-wedding-10-19-21-wedding	https://mostlymusic.com/cdn/shop/files/57541.mp3?v=11615332511112620029
Suscher Guttman - Koh Ribon (Single)		suscher-guttman-koh-ribon-single	https://mostlymusic.com/cdn/shop/files/60076.mp3?v=6026614777039783420
Zanvil Weinberger & Malchus Choir - Ka'asher Zuchini (Single)		zanvil-weinberger-malchus-choir-kaasher-zuchini-single	https://mostlymusic.com/cdn/shop/files/64514.mp3?v=18007020145166244072
Gad Elbaz - Yiye Li Tov [Acapella] (Single)		gad-elbaz-yiye-li-tov-acapella-single	https://mostlymusic.com/cdn/shop/files/58537.mp3?v=12686032127651652031
Benny Begun - I Believe (Single)		benny-begun-i-believe-single	https://mostlymusic.com/cdn/shop/files/23232346.mp3?v=13510521115661369063
Hershy Langsam, Lipa Schmeltzer & The Shira Choir - A Briders Chasuna		hershy-langsam-lipa-schmeltzer-the-shira-choir-a-briders-chasuna	https://mostlymusic.com/cdn/shop/files/60022.mp3?v=3586123596775310448
Mendy Worch - Teshuva (Single)		mendy-worch-teshuva-single	https://mostlymusic.com/cdn/shop/files/61449.mp3?v=9567311201867810080
Lipa Schmeltzer, The Shira Choir, Shea Kaller Band - Nov. 15 '21 Fastag (Wedding)		lipa-schmeltzer-the-shira-choir-shea-kaller-band-nov-15-21-fastag-wedding	https://mostlymusic.com/cdn/shop/files/57540.mp3?v=9755810392644023218
Yonatan Stern - Nekudot [Acapella Cover] (Single)		yonatan-stern-nekudot-acapella-cover-single	https://mostlymusic.com/cdn/shop/files/62908.mp3?v=12472413191095243219
Menachem Moskowitz, The Shira Choir & Shimmy Levy Production Feb. 27 '23 Kupetz		menachem-moskowitz-the-shira-choir-shimmy-levy-production-feb-27-23-kupetz	https://mostlymusic.com/cdn/shop/files/60021.mp3?v=9273688346784024095
Avraham Fried - Haben Yakir Li [Seder Nigunim] (Single)		avraham-fried-haben-yakir-li-seder-nigunim-single	https://mostlymusic.com/cdn/shop/files/61450.mp3?v=11124025179283209873
Moshe Duvid Weissmandl ft. Pinky Weber - Musai Timloch (Single)		moshe-duvid-weissmandl-ft-pinky-weber-musai-timloch-single	https://mostlymusic.com/cdn/shop/files/64513.mp3?v=7752789732781977305
Levy Falkowitz, Yedidim Choir, Chesky Schwartz Production - Oct. 26 '21 Wertzberger (Wedding)		levy-falkowitz-yedidim-choir-chesky-schwartz-production-oct-26-21-wertzberger-wedding	https://mostlymusic.com/cdn/shop/files/57539.mp3?v=12700910200399116604
Meir Hajby - Chomot Shel Tikva [Acapella] (Single)		meir-hajby-chomot-shel-tikva-acapella-single	https://mostlymusic.com/cdn/shop/files/58522.mp3?v=14576037727139582910
Yosef Kugler ft. Dovid Rotberg - Nolda [Acapella] (Single)		yosef-kugler-ft-dovid-rotberg-nolda-acapella-single	https://mostlymusic.com/cdn/shop/files/62907.mp3?v=13595477370291876685
Shua Kessin - Motzee Asirim (Single)		shua-kessin-motzee-asirim-single	https://mostlymusic.com/cdn/shop/files/23232345.mp3?v=14003139301879962120
Ari Hill, Yoeli Klein & Shaya Gross - Enenu Tluyos (Single)		ari-hill-yoeli-klein-shaya-gross-enenu-tluyos-single	https://mostlymusic.com/cdn/shop/files/61430.mp3?v=5854831135688882749
Yonatan Stern & Sahar Haluzy - Mordechai Shapiro Medley [Acapella] (Single)		yonatan-stern-sahar-haluzy-mordechai-shapiro-medley-acapella-single	https://mostlymusic.com/cdn/shop/files/58536.mp3?v=13170308855511969005
Shea Berko & Motty Breier Production Feb. 23 '23 Itzkowitz		shea-berko-motty-breier-production-feb-23-23-itzkowitz	https://mostlymusic.com/cdn/shop/files/60020.mp3?v=15807733323882164981
Kalmy Schwartz, Hershy Langsam Production - Oct. 6 '21 Kornbluh (Wedding)		kalmy-schwartz-hershy-langsam-production-oct-6-21-kornbluh-wedding	https://mostlymusic.com/cdn/shop/files/57538.mp3?v=7062710685887527738
Chesky Schwartz Production Ft. All Star - Wedding Collection 2023		chesky-schwartz-production-ft-all-star-wedding-collection-2023	https://mostlymusic.com/cdn/shop/files/60019.mp3?v=17688915965871828997
Rabbi Shmuel Morgenbesser - The Confusing Advise [Story] (Single)		rabbi-shmuel-morgenbesser-the-confusing-advise-story-single	https://mostlymusic.com/cdn/shop/files/62906.mp3?v=4558648857434246381
Avraham Fried - Maher (Composed By Mendel Brikman A"H)		avraham-fried-maher-composed-by-mendel-brikman-ah	https://mostlymusic.com/cdn/shop/files/23232342.mp3?v=10927548607877689253
Avrumy Straus - Makos Mitzrayim (Single)		avrumy-straus-makos-mitzrayim-single	https://mostlymusic.com/cdn/shop/files/64512.mp3?v=4021498514457761555
Shlomo Golombeck & Yoni Gelfand - Ashira [Acapella Cover] (Single)		shlomo-golombeck-yoni-gelfand-ashira-acapella-cover-single	https://mostlymusic.com/cdn/shop/files/58535.mp3?v=13524538911106514060
Shmili Landau ft. Ari Samet - Tzimisht (Single)		shmili-landau-ft-ari-samet-tzimisht-single	https://mostlymusic.com/cdn/shop/files/61427.mp3?v=7163369164652903778
Chaim Green - Vehi Sheomdu (Single)		chaim-green-vehi-sheomdu-single	https://mostlymusic.com/cdn/shop/files/64511.mp3?v=8759667164500853237
Yechiel Schron - Eftacha Pi (Single)		yechiel-schron-eftacha-pi-single	https://mostlymusic.com/cdn/shop/files/61426.mp3?v=8520141079583786430
Rabbi Shmuel Morgenbesser - The Challenge [Story] (Single)		rabbi-shmuel-morgenbesser-the-challenge-story-single	https://mostlymusic.com/cdn/shop/files/62905.mp3?v=8564504153130362939
Buchi Glick - Hoishanu (Single)		buchi-glick-hoishanu-single	https://mostlymusic.com/cdn/shop/files/23232343.mp3?v=9738165635427530542
Baruch Levine - Rina [Acapella] (Single)		baruch-levine-rina-acapella-single	https://mostlymusic.com/cdn/shop/files/58534.mp3?v=18398208388354648529
Bentzy Weberman, Lipa Brach - Oct. 12 '21 Bauer (Wedding)		bentzy-weberman-lipa-brach-oct-12-21-bauer-wedding	https://mostlymusic.com/cdn/shop/files/57536.mp3?v=17140025636922485187
Bentzy Weberman, Hershy Langsam Production - Nov. 10 '21 Kaff (Wedding)		bentzy-weberman-hershy-langsam-production-nov-10-21-kaff-wedding	https://mostlymusic.com/cdn/shop/files/57535.mp3?v=18380268658286254379
Shmaya Fischer - Live Purim '23 Collection		shmaya-fischer-live-purim-23-collection	https://mostlymusic.com/cdn/shop/files/60018.mp3?v=2524882574733594200
Gadi Fuchs & Shmuel Fuchs - Sheyiboneh [Acapella] (Single)		gadi-fuchs-shmuel-fuchs-sheyiboneh-acapella-single	https://mostlymusic.com/cdn/shop/files/58523.mp3?v=6621672523886906411
Yumi Rosenbaum - Kimi V'kibli (Single)		yumi-rosenbaum-kimi-vkibli-single	https://mostlymusic.com/cdn/shop/files/23232394.mp3?v=1733745114810336721
Shlomo Zomick - Hisoreri [Acapella] (Single)		shlomo-zomick-hisoreri-acapella-single	https://mostlymusic.com/cdn/shop/files/62904.mp3?v=10429206056951026411
Yanky Briskman Ft. All Star - Purim Collection Track '23		yanky-briskman-ft-all-star-purim-collection-track-23	https://mostlymusic.com/cdn/shop/files/60014.mp3?v=18365636781878885074
Yosef Nativ  - Hanekuda HaAmitit (Single)		yosef-nativ-hanekuda-haamitit-single	https://mostlymusic.com/cdn/shop/files/57534.mp3?v=15684109960094560114
Mordche Roth & David Taub - Yeled Tov (Single)		mordche-roth-david-taub-yeled-tov-single	https://mostlymusic.com/cdn/shop/files/61428.mp3?v=2382232518480142719
Rabbi Shmuel Morgenbesser - The Mysterious Meat [Story] (Single)		rabbi-shmuel-morgenbesser-the-mysterious-meat-story-single	https://mostlymusic.com/cdn/shop/files/62903.mp3?v=6100122574695555501
Yisroel Werdyger - Motzi Asirim (Single)		yisroel-werdyger-motzi-assirim-single	https://mostlymusic.com/cdn/shop/files/23232380.mp3?v=6699709385347889182
Raphael Uzan - Ana Bechasdecha [Acapella] (Single)		raphael-uzan-ana-bechasdecha-acapella-single	https://mostlymusic.com/cdn/shop/files/58521.mp3?v=9429369263588088095
Melech frank - Heet Oif Mir (Single)		melech-frank-heet-oif-mir-single	https://mostlymusic.com/cdn/shop/files/61429.mp3?v=18032422266365700955
Yaakov Shlomo Gross - Ayay Shabbos (Single)		yaakov-shlomo-gross-ayay-shabbos-single	https://mostlymusic.com/cdn/shop/files/64508.mp3?v=15983418128940027745
DJ Farbreng & Beryl + Shmeryl - Be Happy² (Single)		dj-farbreng-beryl-shmeryl-be-happy-single	https://mostlymusic.com/cdn/shop/files/60000.mp3?v=17654111112233134355
Leiby Moskowitz, Negina Choir & Meilech Halpern - Ribono Shel Olam Remix (Single)		leiby-moskowitz-negina-choir-meilech-halpern-ribono-shel-olam-remix-single	https://mostlymusic.com/cdn/shop/files/57533.mp3?v=16189207671492250045
Pinny Doppelt & Friends - Haneiros Halalu (Single)		pinny-doppelt-friends-haneiros-halalu-single	https://mostlymusic.com/cdn/shop/files/23232378.mp3?v=16135383997799996151
Nati Levin - Me'ever LaPina (Single)		nati-levin-meever-lapina-single	https://mostlymusic.com/cdn/shop/files/64506.mp3?v=12761704780157109993
Aaron Razel - Michtav MeAhuvia (Single)		aaron-razel-michtav-meahuvia-single	https://mostlymusic.com/cdn/shop/files/57532.mp3?v=14912432801872368465
Avishai Eshel & Pini Einhorn - Ein Od Milvado (Single)		avishai-eshel-pini-einhorn-ein-od-milvado-single	https://mostlymusic.com/cdn/shop/files/64509.mp3?v=17705958393408586235
Aaron Meir - Yesh Koach (Single)		aaron-meir-yesh-koach-single	https://mostlymusic.com/cdn/shop/files/61425.mp3?v=1113786376938305081
Ohad Moskowitz - Lehitpalel [Acapella] (Single)		ohad-moskowitz-lehitpalel-acapella-single	https://mostlymusic.com/cdn/shop/files/58520.mp3?v=15323610585917401789
Ishai Shin - Perspective [Acapella] (Single)		ishai-shin-perspective-acapella-single	https://mostlymusic.com/cdn/shop/files/62902.mp3?v=1019147788417597871
Moti Cohen, Ahrele Samet & Avrumi Balti - Keser Melucha (Single)		moti-cohen-ahrele-samet-avrumi-balti-keser-melucha-single	https://mostlymusic.com/cdn/shop/files/61424.mp3?v=12203720180275068850
Shalom Bernholtz -Tefilas Chuppah [Acapella] (Single)		shalom-bernholtz-tefilas-chuppah-acapella-single	https://mostlymusic.com/cdn/shop/files/58516.mp3?v=1763984497897793143
Elad Eldad - Hakol Zmani Baolam (Single)		elad-eldad-hakol-zmani-baolam-single	https://mostlymusic.com/cdn/shop/files/62901.mp3?v=16460297325471215525
Eliezer Schweber & David Taub - Merachok (Single)		eliezer-schweber-david-taub-merachok-single	https://mostlymusic.com/cdn/shop/files/64505.mp3?v=17191982363742668111
Yoeli Greenfeld - Mini Koileich Mibechi (Single)		yoeli-greenfeld-mini-koileich-mibechi-single	https://mostlymusic.com/cdn/shop/files/23232360.mp3?v=11491121054546853990
Suscher Guttman - A Einayim Yid (Single)		suscher-guttman-a-einayim-yid-single	https://mostlymusic.com/cdn/shop/files/60017.mp3?v=1115295034204290101
Elad Eldad - Hakol Zmani Baolam [Acapella] (Single)		elad-eldad-hakol-zmani-baolam-acapella-single	https://mostlymusic.com/cdn/shop/files/62900.mp3?v=3478112601682143106
Hershi Segal Ft. All Star -  Shana U'birchosehu Medley (Single)		hershi-segal-ft-all-star-shana-ubirchosehu-medley-single	https://mostlymusic.com/cdn/shop/files/61423.mp3?v=9184310002231191296
DJ Akiva Hammond x DJ Kunst - Purim 2023 MusicOnTime DJ Mix (Single)		dj-akiva-hammond-x-dj-kunst-purim-2023-musicontime-dj-mix-single	https://mostlymusic.com/cdn/shop/files/59998.mp3?v=16260185872545164843
Yoeli Davidovich ft. All Star - Rayim Ha'ahuvim (Single)		yoeli-davidovich-ft-all-star-rayim-haahuvim-single	https://mostlymusic.com/cdn/shop/files/64504.mp3?v=6565387783241374056
Tzvi Silberstein - Toda (Single)		tzvi-silberstein-toda	https://mostlymusic.com/cdn/shop/files/23232356.mp3?v=3171454370134971853
Shloime Gertner ft. Chaim Altman - Berachamim Gedoilim (Single)		shloime-gertner-ft-chaim-altman-berachamim-gedoilim-single	https://mostlymusic.com/cdn/shop/files/64503.mp3?v=10902524587965790075
R' Aaron Mordche Friedman - Layehudim (Single)		r-aaron-mordche-friedman-layehudim-single	https://mostlymusic.com/cdn/shop/files/60010.mp3?v=9324594979537207836
Pinny Schachter & Yiddie Einhorn - Min hameitzar [Acapella] (Single)		pinny-schachter-yiddie-einhorn-min-hameitzar-acapella-single	https://mostlymusic.com/cdn/shop/files/58517.mp3?v=12805675259854011528
Gad Elbaz & Netanel Israel - Kol Hatefilot (Single)		gad-elbaz-netanel-israel-kol-hatefilot-single	https://mostlymusic.com/cdn/shop/files/61422.mp3?v=15446097675450712789
Yohan Michael - Eshet Chayil (Single)		yohan-michael-eshet-chayil-single	https://mostlymusic.com/cdn/shop/files/2323431.mp3?v=11215665544459598784
Nemouel  - Ad Elecha (Single)		nemouel-ad-elecha-single	https://mostlymusic.com/cdn/shop/files/57529.mp3?v=12524059795005109487
Batzalel Verker - Tattaleh [Acapella Cover] (Single)		batzalel-verker-tattaleh-acapella-cover-single	https://mostlymusic.com/cdn/shop/files/58515.mp3?v=703633874898453142
Yosef Kugler ft. Ari Goldwag - Gomel Alai [Acapella] (Single)		yosef-kugler-ft-ari-goldwag-gomel-alai-acapella-single	https://mostlymusic.com/cdn/shop/files/62898.mp3?v=1448227337427554695
Ashira Records - Halailah Hazeh (Single)		ashira-records-halailah-hazeh-single	https://mostlymusic.com/cdn/shop/files/64502.mp3?v=12527576337466821594
Shea Berko & Avrumi Berko - Teumim Mesivta July 29 '23		shea-berko-avrumi-berko-teumim-mesivta-july-29-23	https://mostlymusic.com/cdn/shop/files/61387.mp3?v=18281948798693753732
Duvid Feder - Purim With Duvid Feder (Single)		duvid-feder-purim-with-duvid-feder-single	https://mostlymusic.com/cdn/shop/files/60002.mp3?v=12451903034077385120
Gadi Finegold & Sinai Tor - Ashuv Elecha [Acapella] (Single)		gadi-finegold-sinai-tor-ashuv-elecha-acapella-single	https://mostlymusic.com/cdn/shop/files/62899.mp3?v=12340614863573815191
Moshe Klein - Hayom [Acapella] (Single)		moshe-klein-hayom-acapella-single	https://mostlymusic.com/cdn/shop/files/58514.mp3?v=16756315275502449636
Yohan Michael - Boee Beshalom (Single)		yohan-michael-boee-beshalom-single	https://mostlymusic.com/cdn/shop/files/23232355.mp3?v=8419538267652625704
Ishay Ribo & Mordechai Ben David - Ata Zocher (Single)		ishay-ribo-mordechai-ben-david-ata-zocher-single	https://mostlymusic.com/cdn/shop/files/61389.mp3?v=14971602994118479213
Srulik Miller & Avrumy Straus - Ki Liyshuoscho (Single)		srulik-miller-avrumy-straus-ki-liyshuoscho-single	https://mostlymusic.com/cdn/shop/files/64501.mp3?v=16925630333198797391
Yisroel Werdyger, The Shira Choir & Yanky Briskman Production - Feb. 16 '22		yisroel-werdyger-the-shira-choir-yanky-briskman-production-feb-16-22	https://mostlymusic.com/cdn/shop/files/58400.mp3?v=17990043493974359095
Eli Schwebel - Stand For You (Single)		eli-schwebel-stand-for-you-single	https://mostlymusic.com/cdn/shop/files/57528.mp3?v=14771849630158905444
Mendy Wax - Hinei Anochi (Single)		mendy-wax-hinei-anochi-single	https://mostlymusic.com/cdn/shop/files/23232354.mp3?v=10018848642644510031
Ohad Moskowitz & Capela Choir - Elokai Neshama [Acapella Cover] (Single)		ohad-moskowitz-capela-choir-elokai-neshama-acapella-single	https://mostlymusic.com/cdn/shop/files/62894.mp3?v=13847250133806384798
Eitan Katz - V'nacha [Chuppah Moments] (Single)		eitan-katz-vnacha-chuppah-moments-single	https://mostlymusic.com/cdn/shop/files/64500.mp3?v=7610485805851427682
Yonatan Stern - B'sof Yiyeh Tov [Acapella Cover] (Single)		yonatan-stern-bsof-yiyeh-tov-acapella-cover-single	https://mostlymusic.com/cdn/shop/files/57527.mp3?v=14354105615290591131
MD Schwartz - Hoshana (Single)		md-schwartz-hoshana-single	https://mostlymusic.com/cdn/shop/files/61388.mp3?v=17154900794165743016
Simcha Abramczik - Rotzeh Lihoyot Tzadik (Single)		simcha-abramczik-rotzeh-lihoyot-tzadik-single	https://mostlymusic.com/cdn/shop/files/60011.mp3?v=16694944210026396492
Yakov Rothblatt, Eli Waxler & Yedidim Int. - Ata Zocher [Acapella Cover] (Single)		yakov-rothblatt-eli-waxler-yedidim-int-ata-zocher-acapella-cover-single	https://mostlymusic.com/cdn/shop/files/62896.mp3?v=10745837659060342338
Nissim Black - Adored (Single)		nissim-black-adored-single	https://mostlymusic.com/cdn/shop/files/57526.mp3?v=3837996607931571590
Hershy Rottenberg - Vus Vill A Yid [MeinLidel #4] (Single)		hershy-rottenberg-vus-vill-a-yid-meinlidel-4-single	https://mostlymusic.com/cdn/shop/files/61386.mp3?v=2886006240146147337
Yidi Bialostozky & Avrumi Berko Production - Feb. 9 '22		yidi-bialostozky-avrumi-berko-production-feb-9-22	https://mostlymusic.com/cdn/shop/files/58389.mp3?v=8676742620519433499
Yerachmiel Begun - Torah Umitzvos (Single)		yerachmiel-begun-torah-umitzvos-single	https://mostlymusic.com/cdn/shop/files/64474.mp3?v=14701786724933460518
Meir Rosenberg & Shmili Landau - Tachlis 2.0 (Single)		meir-rosenberg-shmili-landau-tachlis-2-0-single	https://mostlymusic.com/cdn/shop/files/60009.mp3?v=11314625271748083408
Ohad Moshkowitz & Dovid Rotberg - Birchas Haorach [Acapella] (Single)		ohad-moshkowitz-dovid-rotberg-birchas-haorach-acapella-single	https://mostlymusic.com/cdn/shop/files/62893.mp3?v=12613150451811568611
Naftali Kempeh & Moshe Mendlowitz - Ma Enosh (Single)		naftali-kempeh-moshe-mendlowitz-ma-enosh-single	https://mostlymusic.com/cdn/shop/files/61385.mp3?v=2920333807202403474
Shea Berko The Shira Choir & Yossi Shtendig Production - Feb. 2 '22 (Wedding)		shea-berko-the-shira-choir-yossi-shtendig-production-feb-2-22-wedding	https://mostlymusic.com/cdn/shop/files/58383.mp3?v=8718789922299411057
Meir Rosenberg - Shivisi (Single)		meir-rosenberg-shivisi-single	https://mostlymusic.com/cdn/shop/files/57525.mp3?v=7581820663558282867
Hillel Meir - Tzadik Katamar (Single)		hillel-meir-tzadik-katamar-single	https://mostlymusic.com/cdn/shop/files/23232333.mp3?v=14950982837422044693
Yoel Dovid - Hinchalto Torah (Single)		yoel-dovid-hinchalto-torah-single	https://mostlymusic.com/cdn/shop/files/23232344.mp3?v=9203884974964293228
Chili Genuth Feat. Hasidic Rapper - Ohr Haguniz (Single)		chili-genuth-feat-hasidic-rapper-ohr-haguniz-single	https://mostlymusic.com/cdn/shop/files/57524.mp3?v=428674841914155971
Duvid Berger - Neilah (Single)		duvid-berger-neilah-single	https://mostlymusic.com/cdn/shop/files/60001.mp3?v=6677300553457608121
Krohma Music Ft. Shloime Daskal, Lev Choir, Nochi Krohn & Pester Rebbe - Krohma B'simcha (Single)		krohma-music-ft-shloime-daskal-lev-choir-nochi-krohn-pester-rebbe-krohma-bsimcha-single	https://mostlymusic.com/cdn/shop/files/60005.mp3?v=5929231461867091336
Meir Gafni - 2000 [Acapella] (Single)		meir-gafni-2000-acapella-single	https://mostlymusic.com/cdn/shop/files/62889.mp3?v=4307726472065984626
Yoely & Shaya - She'al Bni She'al (Single)		yoely-shaya-sheal-bni-sheal-single	https://mostlymusic.com/cdn/shop/files/23232328.mp3?v=5258568345354160118
Yeedle Kahan Plus Ft. Shea Berko, Sruly Altman, Levy Falkowitz, Chaim Brown & Nechemia Katz - Dreits Enk Iber (Single)		yeedle-kahan-plus-ft-shea-berko-sruly-altman-levy-falkowitz-chaim-brown-nechemia-katz-dreits-enk-iber-single	https://mostlymusic.com/cdn/shop/files/60016.mp3?v=13230087655078700873
Moishy Goldstein - Am Yisrael Chai [Acapella Cover] (Single)		moishy-goldstein-am-yisrael-chai-acapella-cover-single	https://mostlymusic.com/cdn/shop/files/62892.mp3?v=11787616619622596184
The Miami Choir Experience - Kuh Rebon (Single)		the-miami-choir-experience-kuh-rebon-single	https://mostlymusic.com/cdn/shop/files/64473.mp3?v=2062916419399946069
Motti Rozenfeld, Yoeli Davidovich & Malchus Choir - R' Meilech Medley (Single)		motti-rozenfeld-yoeli-davidovich-malchus-choir-r-meilech-medley-single	https://mostlymusic.com/cdn/shop/files/64472.mp3?v=3159844823676447761
Levy Falkowitz, Lev Choir & Yeedle Kahan Plus - Feb. 8 '22		levy-falkowitz-lev-choir-yeedle-kahan-plus-feb-8-22	https://mostlymusic.com/cdn/shop/files/58386.mp3?v=3718969157135846716
Visamachta (Single)		visamachta-single	https://mostlymusic.com/cdn/shop/files/23232326.mp3?v=11775136948574395419
8th Day - My Way To You [Remixed By Yigal] (Single)		8th-day-my-way-to-you-remixed-by-yigal-single	https://mostlymusic.com/cdn/shop/files/57523.mp3?v=2288118746070767777
Yanky Hill & Yanky Landau - Pischi li (Single)		yanky-hill-yanky-landau-pischi-li-single	https://mostlymusic.com/cdn/shop/files/61384.mp3?v=7088365532746542444
Uri Davidi - Agudah Achas (Single)		uri-davidi-agudah-achas-single	https://mostlymusic.com/cdn/shop/files/61383.mp3?v=14788219552006734327
Mendy Worch - Ein Zeh Hastara [Acapella] (Single)		mendy-worch-ein-zeh-hastara-acapella-single	https://mostlymusic.com/cdn/shop/files/62891.mp3?v=13569974897060918232
DJ Ancii & Ari Samet - Heiligeh Maluchim (Single)		dj-ancii-ari-samet-heiligeh-maluchim-single	https://mostlymusic.com/cdn/shop/files/59999.mp3?v=15401130214110577321
Shea Berko, Lev Choir & Shimmy Levy Production - April 3 '22 Rabinowitz (Wedding)		shea-berko-lev-choir-shimmy-levy-production-april-3-22-rabinowitz-wedding	https://mostlymusic.com/cdn/shop/files/58384.mp3?v=6381655635536449725
Chaim Chezkel - Drikenish (Free Album)		chaim-chezkel-drikenish	https://mostlymusic.com/cdn/shop/files/64463.mp3?v=11106819763139518340
Chaim Chezkel - Drikenish (Free Album)		chaim-chezkel-drikenish	https://mostlymusic.com/cdn/shop/files/64464.mp3?v=3256824943689819631
Chaim Chezkel - Drikenish (Free Album)		chaim-chezkel-drikenish	https://mostlymusic.com/cdn/shop/files/64465.mp3?v=11862526040160064350
Chaim Chezkel - Drikenish (Free Album)		chaim-chezkel-drikenish	https://mostlymusic.com/cdn/shop/files/64466.mp3?v=18110456518114726954
Chaim Chezkel - Drikenish (Free Album)		chaim-chezkel-drikenish	https://mostlymusic.com/cdn/shop/files/64467.mp3?v=13224894822891115891
Chaim Chezkel - Drikenish (Free Album)		chaim-chezkel-drikenish	https://mostlymusic.com/cdn/shop/files/64468.mp3?v=10482964067154518496
Chaim Chezkel - Drikenish (Free Album)		chaim-chezkel-drikenish	https://mostlymusic.com/cdn/shop/files/64469.mp3?v=2376963914659862427
Chaim Chezkel - Drikenish (Free Album)		chaim-chezkel-drikenish	https://mostlymusic.com/cdn/shop/files/64470.mp3?v=5364221768568789751
Chaim Chezkel - Drikenish (Free Album)		chaim-chezkel-drikenish	https://mostlymusic.com/cdn/shop/files/64471.mp3?v=15209857878661776473
Mendel Roth - Lech Lechu (Single)		mendel-roth-lech-lechu-single	https://mostlymusic.com/cdn/shop/files/58512.mp3?v=4863272394204266160
Nehoray Arieli - Bait Ne'eman (Single)		nehoray-arieli-bait-neeman-single	https://mostlymusic.com/cdn/shop/files/57522.mp3?v=16887499157009723921
Chaim Brown - Haneshama Lach (Single)		chaim-brown-haneshama-lach-single	https://mostlymusic.com/cdn/shop/files/23232325.mp3?v=1653252694747199048